WKT,Name,OBJECTID,UKATEGORIE,UTYP1,UART,UMONAT,USTUNDE,UWOCHENTAG,STRZUSTAND,ULICHTVERH,ISTRAD,ISTPKW,ISTFUSS,ISTKRAD,ISTGKFZ,ISTSONSTIG
"POINT (8.403556188000000 48.988126848000000)",Unfall 37286 (2016) Kat:3, Licht: 0,37286,3,3,5,09,10,6,,0,1,1,0,0,0,0
"POINT (8.493854403000000 49.049772505000000)",Unfall 37301 (2016) Kat:3, Licht: 0,37301,3,6,2,09,09,5,,0,0,1,0,0,0,1
"POINT (8.373496429999999 49.060024509000002)",Unfall 37336 (2016) Kat:3, Licht: 0,37336,3,6,3,09,08,2,,0,0,1,0,1,0,0
"POINT (8.474846668000000 49.023969366000003)",Unfall 37388 (2016) Kat:3, Licht: 0,37388,3,6,2,09,07,4,,0,0,1,0,0,0,0
"POINT (8.398002016000000 49.015950150000002)",Unfall 37397 (2016) Kat:3, Licht: 0,37397,3,2,2,09,11,2,,0,1,1,0,0,0,0
"POINT (8.393804828000000 49.040170236000002)",Unfall 37410 (2016) Kat:2, Licht: 0,37410,2,7,8,09,11,2,,0,0,0,0,1,0,0
"POINT (8.450654144000000 49.002921393000001)",Unfall 37451 (2016) Kat:2, Licht: 0,37451,2,6,2,09,09,3,,0,0,1,0,0,0,1
"POINT (8.387807934000000 49.013566267000002)",Unfall 37472 (2016) Kat:3, Licht: 0,37472,3,2,5,09,07,4,,0,1,1,0,0,0,0
"POINT (8.488092984000000 49.041351378000002)",Unfall 37612 (2016) Kat:3, Licht: 0,37612,3,6,2,09,14,3,,0,0,1,0,0,0,0
"POINT (8.415611867999999 49.005067746000002)",Unfall 37715 (2016) Kat:3, Licht: 0,37715,3,2,0,09,15,6,,0,1,1,0,0,0,0
"POINT (8.393668664000000 48.996977055999999)",Unfall 37717 (2016) Kat:3, Licht: 2,37717,3,7,2,09,23,2,,2,0,0,0,0,1,1
"POINT (8.387934870000001 49.015145533000002)",Unfall 37739 (2016) Kat:3, Licht: 2,37739,3,6,3,09,00,1,,2,0,1,0,1,0,0
"POINT (8.438101246000000 48.990246521000003)",Unfall 37754 (2016) Kat:2, Licht: 0,37754,2,6,8,09,15,6,,0,0,1,0,0,0,1
"POINT (8.358413481000000 49.010129620999997)",Unfall 37826 (2016) Kat:3, Licht: 0,37826,3,6,2,09,10,6,,0,0,1,0,0,0,0
"POINT (8.378079172000000 48.991178196000000)",Unfall 37878 (2016) Kat:3, Licht: 0,37878,3,6,2,09,16,4,,0,0,1,0,1,1,0
"POINT (8.445096343000000 48.999323179999998)",Unfall 37879 (2016) Kat:3, Licht: 0,37879,3,6,3,09,13,4,,0,0,1,0,0,1,0
"POINT (8.404886128999999 48.966176634999997)",Unfall 38066 (2016) Kat:3, Licht: 0,38066,3,6,2,09,16,4,,0,0,1,0,0,0,0
"POINT (8.320717438999999 49.037128408000001)",Unfall 38067 (2016) Kat:2, Licht: 2,38067,2,6,2,09,19,4,,2,1,0,0,0,0,0
"POINT (8.378818312000000 49.005646104999997)",Unfall 38103 (2016) Kat:3, Licht: 0,38103,3,3,5,09,18,3,,0,0,1,0,0,0,0
"POINT (8.462481803999999 48.968515568999997)",Unfall 38157 (2016) Kat:3, Licht: 0,38157,3,6,2,09,12,4,,0,0,1,0,0,0,0
"POINT (8.354530128000000 49.014993685000000)",Unfall 38195 (2016) Kat:3, Licht: 0,38195,3,4,7,09,17,5,,0,0,0,1,1,0,0
"POINT (8.387463993000001 49.010727809000002)",Unfall 38237 (2016) Kat:3, Licht: 0,38237,3,2,3,09,10,2,,0,1,0,0,0,0,1
"POINT (8.508764362999999 49.025316599999996)",Unfall 38250 (2016) Kat:3, Licht: 2,38250,3,7,7,09,06,4,,2,0,1,0,0,0,0
"POINT (8.396973353000000 49.021880701999997)",Unfall 38283 (2016) Kat:2, Licht: 0,38283,2,6,2,09,17,2,,0,0,1,0,1,0,0
"POINT (8.448949773000001 49.003144317000000)",Unfall 38331 (2016) Kat:3, Licht: 0,38331,3,6,0,09,13,7,,0,1,0,0,0,0,0
"POINT (8.493857997999999 49.049777521000003)",Unfall 38338 (2016) Kat:3, Licht: 0,38338,3,6,2,09,16,2,,0,0,1,0,0,0,0
"POINT (8.515806334000001 48.958471211000003)",Unfall 38397 (2016) Kat:3, Licht: 0,38397,3,6,2,09,11,7,,0,0,1,0,0,0,0
"POINT (8.403734093000001 48.991084076999996)",Unfall 38444 (2016) Kat:3, Licht: 2,38444,3,6,2,09,06,2,,2,1,1,0,0,0,0
"POINT (8.354042300000000 49.015793201999998)",Unfall 38453 (2016) Kat:3, Licht: 0,38453,3,6,2,09,12,1,,0,0,1,0,1,0,0
"POINT (8.474851860999999 48.994833239000002)",Unfall 38455 (2016) Kat:3, Licht: 0,38455,3,6,2,09,10,4,,0,0,1,0,0,0,0
"POINT (8.436323571999999 48.988751366000002)",Unfall 38496 (2016) Kat:3, Licht: 0,38496,3,6,2,09,13,5,,0,0,1,0,0,0,0
"POINT (8.465590684000000 48.966039197000001)",Unfall 38513 (2016) Kat:3, Licht: 0,38513,3,6,2,09,13,5,,0,0,1,0,0,0,1
"POINT (8.463198094999999 49.012591547000000)",Unfall 38526 (2016) Kat:3, Licht: 2,38526,3,6,2,09,20,6,,2,0,1,0,0,0,0
"POINT (8.338110881000000 49.024594241999999)",Unfall 38616 (2016) Kat:2, Licht: 1,38616,2,6,2,09,06,1,,1,0,1,0,0,0,0
"POINT (8.356914543000000 49.023850465000002)",Unfall 38657 (2016) Kat:3, Licht: 0,38657,3,3,5,09,09,1,,0,0,1,0,1,0,0
"POINT (8.394420553000000 49.005445666000000)",Unfall 38661 (2016) Kat:3, Licht: 0,38661,3,4,6,09,13,6,,0,1,0,1,0,0,0
"POINT (8.451000247000000 49.042413660999998)",Unfall 38820 (2016) Kat:3, Licht: 2,38820,3,3,5,10,20,7,,2,0,1,0,0,0,0
"POINT (8.386961045000000 49.004768237000000)",Unfall 38825 (2016) Kat:2, Licht: 0,38825,2,6,3,10,17,6,,0,1,1,0,0,0,0
"POINT (8.358709625000000 49.028285574000002)",Unfall 38859 (2016) Kat:3, Licht: 0,38859,3,6,2,10,16,4,,0,0,1,0,0,0,0
"POINT (8.494237753000000 49.005377641999999)",Unfall 38906 (2016) Kat:3, Licht: 0,38906,3,7,2,10,08,7,,0,0,1,0,0,0,1
"POINT (8.392091895000000 49.058195068000003)",Unfall 38915 (2016) Kat:3, Licht: 0,38915,3,6,3,10,12,4,,0,0,1,0,0,0,0
"POINT (8.476573627000001 49.025650067999997)",Unfall 38916 (2016) Kat:3, Licht: 0,38916,3,6,2,10,10,1,,0,0,1,0,0,0,0
"POINT (8.438629862000001 48.995035172000001)",Unfall 38966 (2016) Kat:3, Licht: 0,38966,3,6,3,10,16,3,,0,0,1,0,0,1,0
"POINT (8.450062895000000 49.002537799000002)",Unfall 38970 (2016) Kat:3, Licht: 0,38970,3,6,2,10,16,5,,0,0,1,0,0,0,0
"POINT (8.427068105000000 49.000092846999998)",Unfall 39126 (2016) Kat:2, Licht: 2,39126,2,6,4,10,06,4,,2,1,0,0,0,0,0
"POINT (8.487181532999999 48.950585599999997)",Unfall 39152 (2016) Kat:3, Licht: 0,39152,3,1,3,10,15,2,,0,0,1,0,0,0,0
"POINT (8.366416440000000 49.004616708999997)",Unfall 39172 (2016) Kat:3, Licht: 0,39172,3,6,2,10,12,2,,0,0,1,0,0,0,0
"POINT (8.424971598000001 49.051308249999998)",Unfall 39181 (2016) Kat:2, Licht: 0,39181,2,1,8,10,15,5,,0,0,1,0,0,0,0
"POINT (8.462232018000000 48.967121040999999)",Unfall 39212 (2016) Kat:3, Licht: 0,39212,3,1,8,10,15,2,,0,0,1,0,0,0,0
"POINT (8.399605604000000 49.011662805999997)",Unfall 39247 (2016) Kat:3, Licht: 0,39247,3,5,1,10,09,3,,0,1,1,0,0,0,0
"POINT (8.437007195000000 48.980788042999997)",Unfall 39254 (2016) Kat:2, Licht: 0,39254,2,6,2,10,08,4,,0,0,1,0,0,0,0
"POINT (8.447162214000000 48.986542612999997)",Unfall 39300 (2016) Kat:3, Licht: 0,39300,3,2,4,10,14,5,,0,0,1,0,0,0,0
"POINT (8.376374052999999 48.988925745000003)",Unfall 39307 (2016) Kat:3, Licht: 2,39307,3,3,5,10,20,3,,2,0,1,0,0,1,0
"POINT (8.374152367000001 48.987214141999999)",Unfall 39411 (2016) Kat:3, Licht: 0,39411,3,6,2,10,09,2,,0,0,1,0,0,0,0
"POINT (8.442673547000000 49.004269178000001)",Unfall 39415 (2016) Kat:2, Licht: 0,39415,2,2,3,10,17,3,,0,1,1,0,0,0,0
"POINT (8.437395573000000 49.005225506000002)",Unfall 39480 (2016) Kat:3, Licht: 2,39480,3,3,5,10,19,1,,2,0,1,0,0,0,0
"POINT (8.451442708000000 48.984624801000002)",Unfall 39495 (2016) Kat:2, Licht: 0,39495,2,3,5,10,16,6,,0,1,1,0,0,0,0
"POINT (8.470438637000001 48.988320889000001)",Unfall 39536 (2016) Kat:3, Licht: 2,39536,3,3,5,10,05,5,,2,0,1,0,0,0,0
"POINT (8.442127145000001 48.997467921999998)",Unfall 39571 (2016) Kat:3, Licht: 0,39571,3,6,2,10,13,4,,0,0,1,0,0,1,0
"POINT (8.440833997000000 49.043278022999999)",Unfall 39645 (2016) Kat:2, Licht: 0,39645,2,3,5,10,14,6,,0,0,1,0,0,0,1
"POINT (8.352748628000001 49.013653984999998)",Unfall 39714 (2016) Kat:3, Licht: 0,39714,3,2,5,10,09,4,,0,0,1,0,0,0,1
"POINT (8.368183697999999 49.005274319000002)",Unfall 39719 (2016) Kat:3, Licht: 0,39719,3,3,5,10,11,1,,0,1,1,0,0,0,0
"POINT (8.430651915000000 48.997829908000000)",Unfall 39743 (2016) Kat:3, Licht: 0,39743,3,6,2,10,13,7,,0,0,1,0,0,0,0
"POINT (8.363093013000000 49.006663431000000)",Unfall 39744 (2016) Kat:3, Licht: 2,39744,3,6,2,10,00,5,,2,0,1,0,0,0,0
"POINT (8.387313444000000 49.008808373999997)",Unfall 39840 (2016) Kat:2, Licht: 0,39840,2,3,5,10,11,7,,0,0,1,0,0,0,0
"POINT (8.442298980000000 49.004207117999997)",Unfall 39855 (2016) Kat:3, Licht: 0,39855,3,2,2,10,14,5,,0,0,1,0,1,0,0
"POINT (8.437377246000001 48.977417717000002)",Unfall 39914 (2016) Kat:3, Licht: 0,39914,3,6,2,10,08,6,,0,0,1,0,0,1,0
"POINT (8.381868055000000 49.005539190999997)",Unfall 39942 (2016) Kat:2, Licht: 2,39942,2,2,5,10,07,6,,2,0,1,0,1,0,0
"POINT (8.373343991000001 48.996187247000002)",Unfall 39988 (2016) Kat:3, Licht: 0,39988,3,6,2,10,09,2,,0,0,1,0,0,1,0
"POINT (8.389654129000000 49.018838041000002)",Unfall 40032 (2016) Kat:2, Licht: 0,40032,2,7,0,10,13,6,,0,1,0,0,0,0,0
"POINT (8.507113200999999 49.005227794000000)",Unfall 40142 (2016) Kat:3, Licht: 0,40142,3,6,2,10,15,6,,0,0,1,0,0,1,0
"POINT (8.436466966999999 48.987111468999998)",Unfall 40238 (2016) Kat:3, Licht: 1,40238,3,6,2,10,07,4,,1,0,1,0,0,0,0
"POINT (8.353324126000000 49.016934175000003)",Unfall 40366 (2016) Kat:2, Licht: 2,40366,2,3,5,10,05,4,,2,0,1,0,1,0,0
"POINT (8.415591590000000 49.005072163000001)",Unfall 40371 (2016) Kat:3, Licht: 0,40371,3,2,2,10,13,6,,0,0,1,0,1,0,0
"POINT (8.452018275000000 49.003805407999998)",Unfall 40426 (2016) Kat:3, Licht: 0,40426,3,6,2,11,10,4,,0,0,1,0,0,0,0
"POINT (8.357082814000000 49.011554824000001)",Unfall 40479 (2016) Kat:3, Licht: 2,40479,3,3,5,10,05,2,,2,0,1,0,0,0,0
"POINT (8.485394904000000 49.037291793999998)",Unfall 40512 (2016) Kat:3, Licht: 0,40512,3,6,2,10,14,1,,0,0,1,0,0,0,0
"POINT (8.395468631000000 49.030210119000003)",Unfall 40528 (2016) Kat:3, Licht: 0,40528,3,6,2,11,16,5,,0,0,1,0,0,0,0
"POINT (8.450033457000000 49.002518688999999)",Unfall 40566 (2016) Kat:3, Licht: 0,40566,3,6,2,11,16,4,,0,0,1,0,0,0,0
"POINT (8.379438130000001 48.992154317999997)",Unfall 40590 (2016) Kat:3, Licht: 0,40590,3,3,5,10,11,2,,0,0,1,0,0,1,0
"POINT (8.400096652000000 48.991230150000000)",Unfall 40639 (2016) Kat:2, Licht: 2,40639,2,2,6,10,20,7,,2,0,1,1,0,0,0
"POINT (8.402922659000000 49.005500290999997)",Unfall 40678 (2016) Kat:3, Licht: 0,40678,3,1,0,10,16,2,,0,0,1,0,1,0,0
"POINT (8.405643154000000 48.961667319000000)",Unfall 40708 (2016) Kat:3, Licht: 0,40708,3,6,3,11,15,3,,0,0,1,0,0,0,0
"POINT (8.413127678000000 49.005585832999998)",Unfall 40726 (2016) Kat:3, Licht: 0,40726,3,3,5,11,13,5,,0,1,1,0,0,0,0
"POINT (8.439806724000000 49.006513667000000)",Unfall 40745 (2016) Kat:3, Licht: 2,40745,3,2,5,11,18,4,,2,0,1,0,0,0,0
"POINT (8.450970901000000 49.042421910000002)",Unfall 40799 (2016) Kat:3, Licht: 0,40799,3,3,5,11,13,2,,0,0,1,0,0,0,0
"POINT (8.387356146000000 49.009429480999998)",Unfall 40843 (2016) Kat:3, Licht: 0,40843,3,2,3,11,11,5,,0,1,1,0,0,0,0
"POINT (8.382531869999999 48.994906729000000)",Unfall 40905 (2016) Kat:3, Licht: 0,40905,3,6,1,11,11,2,,0,0,1,0,0,0,0
"POINT (8.416358345000001 49.005152322999997)",Unfall 40906 (2016) Kat:2, Licht: 2,40906,2,4,6,11,21,4,,2,0,1,1,0,0,0
"POINT (8.424306579000000 49.002982738999997)",Unfall 40918 (2016) Kat:3, Licht: 0,40918,3,6,3,11,08,5,,0,0,1,0,1,0,0
"POINT (8.338121695000000 49.033672992000000)",Unfall 40955 (2016) Kat:2, Licht: 2,40955,2,4,6,11,17,2,,2,0,0,0,0,0,1
"POINT (8.463995211000000 48.967320673000003)",Unfall 40957 (2016) Kat:3, Licht: 0,40957,3,6,2,11,12,5,,0,0,1,0,0,0,1
"POINT (8.414269439000000 49.005345896999998)",Unfall 41029 (2016) Kat:3, Licht: 0,41029,3,3,5,11,08,6,,0,1,1,0,0,0,0
"POINT (8.459456595000001 49.009143414000000)",Unfall 41064 (2016) Kat:3, Licht: 2,41064,3,6,2,11,17,4,,2,0,1,0,0,0,0
"POINT (8.358437709000000 49.010149663000000)",Unfall 41077 (2016) Kat:3, Licht: 2,41077,3,6,2,11,18,5,,2,0,1,0,0,0,0
"POINT (8.365992565999999 49.004447538000001)",Unfall 41110 (2016) Kat:2, Licht: 0,41110,2,6,2,11,14,2,,0,0,1,0,0,1,0
"POINT (8.445221759000001 49.021044979000003)",Unfall 41112 (2016) Kat:2, Licht: 2,41112,2,4,6,11,05,5,,2,0,1,1,0,0,0
"POINT (8.373255009999999 48.996294290000002)",Unfall 41135 (2016) Kat:3, Licht: 2,41135,3,6,2,11,17,3,,2,0,1,0,0,0,0
"POINT (8.493616642999999 48.944961892000002)",Unfall 41188 (2016) Kat:3, Licht: 2,41188,3,2,3,11,18,4,,2,1,1,0,0,0,0
"POINT (8.380875596999999 48.993249138000003)",Unfall 41221 (2016) Kat:3, Licht: 2,41221,3,6,2,11,17,6,,2,0,1,0,0,0,0
"POINT (8.436619107000000 48.976687235000000)",Unfall 41270 (2016) Kat:3, Licht: 0,41270,3,6,2,11,12,6,,0,0,1,0,0,0,0
"POINT (8.386030202000001 48.998749349999997)",Unfall 41271 (2016) Kat:2, Licht: 0,41271,2,2,6,11,13,2,,0,0,1,1,0,0,0
"POINT (8.394425796000000 49.036604402999998)",Unfall 41284 (2016) Kat:3, Licht: 2,41284,3,7,9,11,20,6,,2,1,0,0,0,0,0
"POINT (8.396827597000000 49.022794202999997)",Unfall 41298 (2016) Kat:2, Licht: 2,41298,2,1,0,11,23,5,,2,0,0,0,1,0,0
"POINT (8.398107904000000 49.005385334000003)",Unfall 41311 (2016) Kat:3, Licht: 0,41311,3,6,3,11,16,3,,0,0,1,0,1,0,0
"POINT (8.474022256000000 49.010489331000002)",Unfall 41318 (2016) Kat:3, Licht: 1,41318,3,6,2,11,18,2,,1,0,1,0,0,0,0
"POINT (8.499115615999999 48.974555557999999)",Unfall 41384 (2016) Kat:3, Licht: 2,41384,3,6,1,11,18,4,,2,0,1,0,0,0,0
"POINT (8.440194822000001 48.996443233999997)",Unfall 41449 (2016) Kat:3, Licht: 0,41449,3,6,2,11,08,4,,0,0,1,0,0,0,1
"POINT (8.431263499000000 48.992985464000000)",Unfall 41482 (2016) Kat:3, Licht: 1,41482,3,3,5,11,16,6,,1,0,1,0,0,1,0
"POINT (8.350203759999999 49.005655058999999)",Unfall 41492 (2016) Kat:3, Licht: 2,41492,3,2,6,11,06,2,,2,0,1,1,0,0,0
"POINT (8.432779699999999 48.970055403000003)",Unfall 41518 (2016) Kat:2, Licht: 0,41518,2,7,8,11,08,1,,0,0,0,0,0,0,1
"POINT (8.436625156000000 48.985401748000001)",Unfall 41525 (2016) Kat:3, Licht: 2,41525,3,6,2,11,18,5,,2,0,1,0,0,0,0
"POINT (8.474963828000000 48.995069766999997)",Unfall 41594 (2016) Kat:3, Licht: 2,41594,3,3,5,11,06,6,,2,0,1,0,0,0,0
"POINT (8.387290504999999 49.008615509000002)",Unfall 41628 (2016) Kat:3, Licht: 0,41628,3,6,2,11,15,5,,0,0,1,0,0,0,0
"POINT (8.398251732000000 49.014191226999998)",Unfall 41636 (2016) Kat:3, Licht: 1,41636,3,6,2,11,16,7,,1,0,1,0,0,0,0
"POINT (8.358163644999999 49.026955418999997)",Unfall 41641 (2016) Kat:3, Licht: 1,41641,3,6,2,11,16,3,,1,0,1,0,0,0,0
"POINT (8.400220125000001 49.065411746000002)",Unfall 41663 (2016) Kat:3, Licht: 0,41663,3,7,0,11,16,2,,0,0,1,0,0,0,0
"POINT (8.394273108000000 49.001389936999999)",Unfall 41690 (2016) Kat:2, Licht: 2,41690,2,6,2,11,17,5,,2,1,0,0,0,0,0
"POINT (8.502269135000001 48.925578463999997)",Unfall 41694 (2016) Kat:3, Licht: 2,41694,3,7,0,11,19,1,,2,0,1,0,0,0,0
"POINT (8.355524328000000 49.012856104999997)",Unfall 41801 (2016) Kat:3, Licht: 0,41801,3,2,2,11,07,3,,0,0,1,0,0,0,1
"POINT (8.365283556000000 49.004889071999997)",Unfall 41822 (2016) Kat:3, Licht: 0,41822,3,6,2,11,12,6,,0,0,1,0,0,0,1
"POINT (8.344777310000000 49.030815279999999)",Unfall 41910 (2016) Kat:2, Licht: 2,41910,2,3,5,11,23,7,,2,0,1,0,0,0,0
"POINT (8.451165689000000 49.035068537999997)",Unfall 41936 (2016) Kat:3, Licht: 0,41936,3,6,2,11,13,2,,0,0,1,0,0,0,0
"POINT (8.471983852999999 48.961824485999998)",Unfall 41960 (2016) Kat:3, Licht: 2,41960,3,6,2,11,19,5,,2,0,1,0,0,0,0
"POINT (8.386671889000001 49.004339727999998)",Unfall 41967 (2016) Kat:3, Licht: 0,41967,3,6,3,11,08,3,,0,0,1,0,0,1,0
"POINT (8.463923922999999 48.967368555000000)",Unfall 42003 (2016) Kat:3, Licht: 2,42003,3,6,2,11,06,2,,2,0,1,0,0,0,0
"POINT (8.486463329999999 49.038528847000002)",Unfall 42041 (2016) Kat:2, Licht: 2,42041,2,6,5,12,21,5,,2,0,1,0,0,1,0
"POINT (8.446302891000000 49.043687079999998)",Unfall 42046 (2016) Kat:2, Licht: 0,42046,2,4,6,12,14,7,,0,0,1,1,0,0,0
"POINT (8.353183527000001 49.013540024999998)",Unfall 42084 (2016) Kat:3, Licht: 0,42084,3,6,2,11,15,4,,0,0,1,0,0,0,0
"POINT (8.387899561999999 49.014668792000002)",Unfall 42202 (2016) Kat:3, Licht: 2,42202,3,2,5,11,05,4,,2,0,1,0,0,0,0
"POINT (8.388820213000001 49.005518244000001)",Unfall 42210 (2016) Kat:3, Licht: 2,42210,3,5,3,11,17,3,,2,1,1,0,0,0,0
"POINT (8.376076520000000 49.061472559000002)",Unfall 42245 (2016) Kat:2, Licht: 0,42245,2,6,9,12,11,5,,0,0,1,0,0,0,0
"POINT (8.378057760000001 49.040871500999998)",Unfall 42288 (2016) Kat:3, Licht: 0,42288,3,3,5,11,16,4,,0,0,1,0,0,0,0
"POINT (8.393501290000000 48.994747476999997)",Unfall 42311 (2016) Kat:3, Licht: 0,42311,3,6,2,11,13,3,,0,0,1,0,0,0,0
"POINT (8.437384614999999 49.005219570999998)",Unfall 42315 (2016) Kat:3, Licht: 2,42315,3,3,5,12,18,6,,2,0,1,0,0,0,0
"POINT (8.387899805000000 49.014677570000003)",Unfall 42354 (2016) Kat:2, Licht: 2,42354,2,2,5,11,17,1,,2,0,1,0,0,0,0
"POINT (8.394484171000000 49.005245348000003)",Unfall 42483 (2016) Kat:3, Licht: 0,42483,3,7,0,12,09,2,,0,1,0,0,0,0,0
"POINT (8.388299274000000 49.005395561999997)",Unfall 42492 (2016) Kat:2, Licht: 2,42492,2,7,0,12,01,6,,2,1,0,0,0,0,0
"POINT (8.437834928999999 48.990321735000002)",Unfall 42496 (2016) Kat:2, Licht: 2,42496,2,7,0,11,06,2,,2,0,0,0,1,0,0
"POINT (8.408576638000000 49.005817987999997)",Unfall 42509 (2016) Kat:3, Licht: 2,42509,3,2,2,11,18,3,,2,0,1,0,1,0,0
"POINT (8.380219722000000 48.992774767000000)",Unfall 42513 (2016) Kat:3, Licht: 0,42513,3,6,2,12,07,6,,0,0,1,0,0,0,0
"POINT (8.393668424000000 48.996974209999998)",Unfall 42562 (2016) Kat:3, Licht: 2,42562,3,2,4,12,18,5,,2,1,1,0,0,0,0
"POINT (8.404299400999999 49.068527889999999)",Unfall 42606 (2016) Kat:3, Licht: 2,42606,3,6,9,12,05,6,,2,0,1,0,0,0,0
"POINT (8.451255366000000 49.035077422000001)",Unfall 42674 (2016) Kat:3, Licht: 0,42674,3,6,2,12,15,7,,0,0,1,0,0,0,0
"POINT (8.476424237000000 48.960111888000000)",Unfall 42678 (2016) Kat:3, Licht: 0,42678,3,6,2,12,08,6,,0,0,1,0,0,0,0
"POINT (8.456760501000000 48.971154507999998)",Unfall 42694 (2016) Kat:3, Licht: 2,42694,3,6,2,12,17,3,,2,0,1,0,0,0,0
"POINT (8.461631225000000 49.011370266000000)",Unfall 42731 (2016) Kat:3, Licht: 0,42731,3,6,2,12,07,2,,0,0,1,0,0,0,0
"POINT (8.454809772000001 49.005879112999999)",Unfall 42742 (2016) Kat:3, Licht: 0,42742,3,6,2,12,07,4,,0,0,1,0,0,0,0
"POINT (8.413597067000000 48.993286243999997)",Unfall 42850 (2016) Kat:3, Licht: 2,42850,3,6,2,12,19,3,,2,0,1,0,0,0,0
"POINT (8.381937948999999 48.994073731999997)",Unfall 42870 (2016) Kat:3, Licht: 0,42870,3,6,2,12,08,4,,0,0,1,0,0,0,0
"POINT (8.439774658999999 49.006496538999997)",Unfall 42894 (2016) Kat:3, Licht: 2,42894,3,2,5,12,18,4,,2,0,1,0,0,0,0
"POINT (8.436270402000000 48.986586617999997)",Unfall 42895 (2016) Kat:3, Licht: 0,42895,3,6,3,12,11,6,,0,0,1,0,0,1,0
"POINT (8.428246222000000 48.994720311000002)",Unfall 42956 (2016) Kat:2, Licht: 2,42956,2,1,9,12,05,4,,2,0,1,0,0,0,0
"POINT (8.364969153000001 49.005587710000000)",Unfall 43051 (2016) Kat:2, Licht: 2,43051,2,6,4,12,17,4,,2,0,1,0,0,0,0
"POINT (8.388482702999999 49.005518496000001)",Unfall 43110 (2016) Kat:3, Licht: 2,43110,3,6,2,12,19,3,,2,0,1,0,0,0,0
"POINT (8.437829898000000 49.005174295000003)",Unfall 43123 (2016) Kat:3, Licht: 0,43123,3,6,2,12,15,3,,0,0,1,0,0,0,0
"POINT (8.461356444000000 49.017610992000002)",Unfall 43162 (2016) Kat:3, Licht: 0,43162,3,6,2,12,12,7,,0,0,1,0,0,0,0
"POINT (8.487967277999999 49.041162249999999)",Unfall 43168 (2016) Kat:3, Licht: 0,43168,3,6,2,12,09,2,,0,0,1,0,0,0,1
"POINT (8.387899263000000 49.014658025000003)",Unfall 43213 (2016) Kat:3, Licht: 0,43213,3,2,3,12,11,5,,0,1,1,0,0,0,0
"POINT (8.440188093000000 49.006589685999998)",Unfall 43381 (2016) Kat:2, Licht: 0,43381,2,2,5,12,13,3,,0,1,0,0,0,1,0
"POINT (8.396245023000001 48.989128688000001)",Unfall 43383 (2016) Kat:3, Licht: 0,43383,3,6,1,12,13,3,,0,0,1,0,0,1,0
"POINT (8.393505843000000 48.995106556000003)",Unfall 43539 (2016) Kat:3, Licht: 0,43539,3,1,0,12,07,2,,0,1,0,0,0,0,0
"POINT (8.462598914000001 49.012283795999998)",Unfall 43633 (2016) Kat:3, Licht: 1,43633,3,6,2,12,16,5,,1,0,1,0,0,0,0
"POINT (8.362924981999999 49.006732188000001)",Unfall 43638 (2016) Kat:3, Licht: 0,43638,3,6,3,12,09,3,,0,0,1,0,0,1,0
"POINT (8.312322773000000 49.037136095999998)",Unfall 43641 (2016) Kat:3, Licht: 2,43641,3,6,2,12,06,2,,2,0,1,0,0,0,0
"POINT (8.391880967000001 49.011213527000002)",Unfall 108986 (2016) Kat:3, Licht: 2,108986,3,2,6,01,18,2,,2,0,1,1,0,0,0
"POINT (8.417128714000000 49.001591822999998)",Unfall 109044 (2016) Kat:2, Licht: 2,109044,2,7,0,01,22,6,,2,1,0,0,0,0,0
"POINT (8.429012307000001 49.006889667000003)",Unfall 109089 (2016) Kat:3, Licht: 0,109089,3,7,6,01,14,2,,0,0,1,1,0,0,0
"POINT (8.452524409000001 48.995994725999999)",Unfall 109168 (2016) Kat:3, Licht: 2,109168,3,6,2,01,18,1,,2,0,1,0,0,0,0
"POINT (8.414946777000001 49.003976815999998)",Unfall 109250 (2016) Kat:3, Licht: 0,109250,3,3,0,01,09,5,,0,1,1,0,0,0,0
"POINT (8.388502340000001 49.019186410000003)",Unfall 109253 (2016) Kat:3, Licht: 0,109253,3,3,5,01,13,2,,0,0,1,0,0,0,0
"POINT (8.420584950000000 49.013341574000002)",Unfall 109272 (2016) Kat:2, Licht: 2,109272,2,7,4,01,07,4,,2,1,0,0,0,0,0
"POINT (8.415327585000000 49.020276379999999)",Unfall 109302 (2016) Kat:3, Licht: 0,109302,3,2,4,01,07,5,,0,0,1,0,0,0,0
"POINT (8.448361783999999 49.011275826999999)",Unfall 109306 (2016) Kat:2, Licht: 0,109306,2,7,0,01,10,5,,0,1,0,0,0,0,0
"POINT (8.359574321000000 49.010516484000000)",Unfall 109310 (2016) Kat:3, Licht: 0,109310,3,3,5,01,08,5,,0,1,1,0,0,0,0
"POINT (8.338502368000000 49.000098676000000)",Unfall 109346 (2016) Kat:3, Licht: 2,109346,3,7,6,01,19,5,,2,0,1,1,0,0,0
"POINT (8.403964618000000 49.003821010000003)",Unfall 109350 (2016) Kat:2, Licht: 2,109350,2,7,0,01,17,5,,2,1,0,0,0,0,0
"POINT (8.343839150999999 49.028287347000003)",Unfall 109353 (2016) Kat:3, Licht: 0,109353,3,6,4,01,08,2,,0,1,1,0,0,0,0
"POINT (8.403449155000001 49.003917369000000)",Unfall 109357 (2016) Kat:3, Licht: 0,109357,3,6,2,01,08,5,,0,1,1,0,0,0,0
"POINT (8.404094075000000 49.006964424000003)",Unfall 109390 (2016) Kat:2, Licht: 0,109390,2,7,0,01,11,7,,0,1,0,1,0,0,0