WKT,Name,OBJECTID,UKATEGORIE,UTYP1,UART,UMONAT,USTUNDE,UWOCHENTAG,STRZUSTAND,ULICHTVERH,ISTRAD,ISTPKW,ISTFUSS,ISTKRAD,ISTGKFZ,ISTSONSTIG
"POINT (8.463757824000000 49.000485707999999)",Unfall 109403 (2016) Kat:3, Licht: 0,109403,3,3,5,01,15,5,,0,0,1,0,1,0,0
"POINT (8.394457458000000 49.030092107999998)",Unfall 109406 (2016) Kat:3, Licht: 1,109406,3,3,5,01,07,2,,1,1,1,0,0,0,0
"POINT (8.384423934000001 49.010617744999998)",Unfall 109412 (2016) Kat:3, Licht: 2,109412,3,7,2,01,18,5,,2,0,1,0,0,0,0
"POINT (8.371286469999999 49.007196868000001)",Unfall 109426 (2016) Kat:2, Licht: 2,109426,2,3,5,01,05,4,,2,1,1,0,0,0,0
"POINT (8.340537901999999 49.003600196999997)",Unfall 109453 (2016) Kat:3, Licht: 0,109453,3,3,5,01,09,5,,0,1,1,0,0,0,0
"POINT (8.437613496000001 49.035490351000000)",Unfall 109455 (2016) Kat:3, Licht: 2,109455,3,7,1,01,18,4,,2,0,1,0,0,0,0
"POINT (8.403628571000001 48.973090376000002)",Unfall 109458 (2016) Kat:3, Licht: 0,109458,3,3,5,01,11,5,,0,1,1,0,0,0,0
"POINT (8.394117675000000 49.010049758999997)",Unfall 109472 (2016) Kat:3, Licht: 0,109472,3,7,0,01,12,5,,0,0,0,1,0,0,1
"POINT (8.410445552000001 49.003077124999997)",Unfall 109500 (2016) Kat:2, Licht: 2,109500,2,2,2,01,18,2,,2,0,1,0,1,0,0
"POINT (8.371351716000000 49.004646215999998)",Unfall 109544 (2016) Kat:3, Licht: 0,109544,3,7,0,01,12,7,,0,1,0,0,0,0,0
"POINT (8.373448941000000 49.006819724000003)",Unfall 109547 (2016) Kat:3, Licht: 1,109547,3,3,5,01,18,6,,1,1,1,0,0,0,0
"POINT (8.340126261000000 49.030472688000003)",Unfall 109575 (2016) Kat:2, Licht: 2,109575,2,4,6,01,06,6,,2,0,1,1,0,0,0
"POINT (8.384634953000001 49.020453304999997)",Unfall 109576 (2016) Kat:3, Licht: 2,109576,3,3,5,01,19,7,,2,0,1,0,0,0,0
"POINT (8.379340269000000 49.007910686000002)",Unfall 109651 (2016) Kat:3, Licht: 0,109651,3,3,5,01,13,4,,0,1,1,0,0,0,0
"POINT (8.395362341000000 49.009487407000002)",Unfall 109683 (2016) Kat:2, Licht: 2,109683,2,7,8,01,05,1,,2,0,1,0,0,0,0
"POINT (8.452777585000000 48.991581529000001)",Unfall 109703 (2016) Kat:3, Licht: 2,109703,3,4,6,01,07,6,,2,0,0,1,0,0,1
"POINT (8.400051349000000 49.005627197000003)",Unfall 109704 (2016) Kat:3, Licht: 0,109704,3,6,6,01,08,5,,0,1,0,1,0,0,0
"POINT (8.374841031000001 49.010904234999998)",Unfall 109715 (2016) Kat:3, Licht: 1,109715,3,4,2,01,19,5,,1,0,1,1,0,0,0
"POINT (8.445133414000001 48.996519696999997)",Unfall 109792 (2016) Kat:3, Licht: 0,109792,3,6,2,01,13,6,,0,0,1,0,0,0,0
"POINT (8.406372749999999 48.972388535999997)",Unfall 109831 (2016) Kat:3, Licht: 0,109831,3,3,5,01,11,3,,0,1,1,0,0,0,0
"POINT (8.410420689000000 49.003630123999997)",Unfall 109837 (2016) Kat:3, Licht: 0,109837,3,6,0,01,16,6,,0,0,0,0,0,0,1
"POINT (8.385132759999999 49.007733479000002)",Unfall 109867 (2016) Kat:3, Licht: 2,109867,3,3,5,01,18,1,,2,1,1,0,0,0,0
"POINT (8.437287899999999 48.996778591000002)",Unfall 109891 (2016) Kat:3, Licht: 0,109891,3,3,5,01,12,3,,0,1,1,0,0,0,0
"POINT (8.424301644000000 49.005223315000002)",Unfall 109896 (2016) Kat:3, Licht: 0,109896,3,1,0,01,10,6,,0,0,0,0,1,0,0
"POINT (8.448400228000001 49.005450873999997)",Unfall 109946 (2016) Kat:3, Licht: 0,109946,3,3,5,01,13,6,,0,1,1,0,0,0,0
"POINT (8.346758848000000 49.032486364000000)",Unfall 109950 (2016) Kat:2, Licht: 0,109950,2,2,6,01,16,6,,0,0,1,1,0,0,0
"POINT (8.346414050000000 49.024448380000003)",Unfall 109993 (2016) Kat:3, Licht: 0,109993,3,3,5,01,09,6,,0,1,1,0,0,0,0
"POINT (8.371489746000000 49.007604669000003)",Unfall 110031 (2016) Kat:2, Licht: 2,110031,2,3,5,02,20,5,,2,1,1,0,0,0,0
"POINT (8.400488316000001 49.010682223000003)",Unfall 110035 (2016) Kat:3, Licht: 0,110035,3,7,6,02,14,7,,0,0,1,1,0,0,0
"POINT (8.389959939000001 48.993656944000001)",Unfall 110039 (2016) Kat:3, Licht: 0,110039,3,5,1,02,12,6,,0,0,1,0,0,0,1
"POINT (8.373707251000001 49.044457084000001)",Unfall 110045 (2016) Kat:2, Licht: 0,110045,2,4,6,02,10,7,,0,0,1,1,0,0,0
"POINT (8.384561347000000 49.011055089000003)",Unfall 110056 (2016) Kat:2, Licht: 0,110056,2,7,0,02,11,7,,0,0,0,0,0,0,1
"POINT (8.385137529000000 49.010420134000000)",Unfall 110065 (2016) Kat:3, Licht: 0,110065,3,3,5,02,16,4,,0,1,1,0,0,0,0
"POINT (8.404129962000001 49.010142790000003)",Unfall 110071 (2016) Kat:3, Licht: 0,110071,3,5,0,02,13,4,,0,1,1,0,0,0,0
"POINT (8.408266140000000 49.011059471999999)",Unfall 110082 (2016) Kat:3, Licht: 0,110082,3,2,0,02,17,5,,0,1,1,0,0,0,0
"POINT (8.408125407000000 49.001550334999997)",Unfall 110085 (2016) Kat:2, Licht: 1,110085,2,4,6,02,19,5,,1,0,1,1,0,0,0
"POINT (8.402794317000000 49.009642284000002)",Unfall 110094 (2016) Kat:3, Licht: 0,110094,3,7,0,02,14,2,,0,1,0,0,0,0,0
"POINT (8.383934578000000 49.010451721999999)",Unfall 110128 (2016) Kat:3, Licht: 0,110128,3,6,2,02,10,7,,0,0,1,0,0,0,0
"POINT (8.352736606000001 49.001418102999999)",Unfall 110129 (2016) Kat:3, Licht: 2,110129,3,7,0,02,23,1,,2,1,0,0,0,0,0
"POINT (8.439801306000000 49.006491472000000)",Unfall 110131 (2016) Kat:3, Licht: 0,110131,3,2,4,02,10,2,,0,0,1,0,0,0,0
"POINT (8.387113384999999 49.029993589999997)",Unfall 110136 (2016) Kat:2, Licht: 0,110136,2,4,6,02,11,3,,0,0,1,1,0,0,0
"POINT (8.398236047999999 49.011829446000000)",Unfall 110147 (2016) Kat:3, Licht: 0,110147,3,3,5,02,14,5,,0,1,1,0,0,0,0
"POINT (8.392286089000001 49.011371335000000)",Unfall 110158 (2016) Kat:3, Licht: 0,110158,3,3,5,02,14,6,,0,1,1,0,0,0,0
"POINT (8.446353844000001 49.043675933999999)",Unfall 110175 (2016) Kat:2, Licht: 0,110175,2,2,4,02,16,4,,0,0,1,0,0,0,0
"POINT (8.423665391000000 49.024998547999999)",Unfall 110188 (2016) Kat:3, Licht: 2,110188,3,3,5,02,17,5,,2,1,1,0,0,0,0
"POINT (8.417077792000001 49.009029861999998)",Unfall 110190 (2016) Kat:3, Licht: 2,110190,3,2,5,02,21,3,,2,1,1,0,0,0,0
"POINT (8.375549190999999 49.019078291000000)",Unfall 110191 (2016) Kat:3, Licht: 2,110191,3,3,5,02,17,5,,2,1,1,0,0,0,0
"POINT (8.404339588999999 49.003816063000002)",Unfall 110224 (2016) Kat:2, Licht: 2,110224,2,2,3,02,19,6,,2,0,1,0,0,0,1
"POINT (8.362087821999999 48.998185691000003)",Unfall 110225 (2016) Kat:3, Licht: 0,110225,3,5,1,02,13,7,,0,0,1,0,0,0,0
"POINT (8.375276141000001 48.991973659999999)",Unfall 110240 (2016) Kat:3, Licht: 0,110240,3,3,5,02,10,5,,0,0,1,0,0,1,0
"POINT (8.464007195000001 48.956300782000000)",Unfall 110241 (2016) Kat:2, Licht: 0,110241,2,4,6,02,12,4,,0,1,0,1,0,0,0
"POINT (8.468437674000001 49.001458986000003)",Unfall 110244 (2016) Kat:3, Licht: 0,110244,3,3,5,02,10,4,,0,0,1,0,0,0,1
"POINT (8.375926900000000 49.010853554999997)",Unfall 110252 (2016) Kat:3, Licht: 0,110252,3,4,6,02,15,6,,0,0,1,1,0,0,0
"POINT (8.359522624000000 49.010548417000003)",Unfall 110259 (2016) Kat:3, Licht: 1,110259,3,6,2,02,07,4,,1,0,1,0,1,0,0
"POINT (8.351624841000000 49.034784932999997)",Unfall 110262 (2016) Kat:3, Licht: 2,110262,3,2,5,02,18,7,,2,1,1,0,0,0,0
"POINT (8.467373137999999 48.993311296999998)",Unfall 110268 (2016) Kat:3, Licht: 0,110268,3,1,0,02,12,3,,0,0,0,0,1,0,0
"POINT (8.403512328000000 48.999251254999997)",Unfall 110269 (2016) Kat:3, Licht: 0,110269,3,3,5,02,08,4,,0,1,1,0,0,0,0
"POINT (8.371646695000001 49.007562831999998)",Unfall 110286 (2016) Kat:3, Licht: 0,110286,3,3,5,02,13,6,,0,1,1,0,0,0,0
"POINT (8.360505972000000 49.014786872000002)",Unfall 110295 (2016) Kat:3, Licht: 1,110295,3,3,5,02,07,6,,1,1,1,0,0,0,0
"POINT (8.359677088000000 48.995313969000001)",Unfall 110309 (2016) Kat:3, Licht: 0,110309,3,2,3,02,07,4,,0,1,1,0,0,0,0
"POINT (8.382477908000000 49.010809002999999)",Unfall 110316 (2016) Kat:3, Licht: 0,110316,3,1,2,02,15,4,,0,0,1,0,0,1,0
"POINT (8.391834466000001 48.991058387000002)",Unfall 110323 (2016) Kat:3, Licht: 0,110323,3,6,5,02,15,4,,0,1,0,0,0,1,0
"POINT (8.384438286000000 49.047539475000001)",Unfall 110324 (2016) Kat:3, Licht: 0,110324,3,3,5,02,13,3,,0,0,1,0,0,0,0
"POINT (8.385059184999999 49.020281826999998)",Unfall 110326 (2016) Kat:3, Licht: 0,110326,3,3,5,02,14,4,,0,0,1,0,0,0,0
"POINT (8.411924942000001 49.006274861000001)",Unfall 110397 (2016) Kat:3, Licht: 2,110397,3,6,2,02,01,1,,2,0,1,0,0,0,0
"POINT (8.448747778000000 48.992588177000002)",Unfall 110405 (2016) Kat:3, Licht: 0,110405,3,2,4,02,10,6,,0,1,1,0,0,0,0
"POINT (8.394228090000000 49.010819916000003)",Unfall 110432 (2016) Kat:3, Licht: 0,110432,3,7,5,02,12,4,,0,1,1,0,0,0,0
"POINT (8.394831078999999 49.007125672000001)",Unfall 110500 (2016) Kat:3, Licht: 0,110500,3,4,6,02,15,3,,0,0,1,1,0,0,0
"POINT (8.390319017000000 48.996161403999999)",Unfall 110535 (2016) Kat:3, Licht: 0,110535,3,3,5,03,07,6,,0,1,1,0,0,0,0
"POINT (8.479756422000000 49.019556670000000)",Unfall 110539 (2016) Kat:3, Licht: 2,110539,3,6,2,02,05,7,,2,0,1,0,0,1,0
"POINT (8.445024579000000 49.021140639000002)",Unfall 110598 (2016) Kat:3, Licht: 0,110598,3,3,5,03,15,6,,0,1,0,0,0,0,1
"POINT (8.398275862000000 49.005727442999998)",Unfall 110622 (2016) Kat:3, Licht: 0,110622,3,6,4,03,08,3,,0,1,0,0,0,0,0
"POINT (8.403168385000001 49.001345788999998)",Unfall 110631 (2016) Kat:2, Licht: 0,110631,2,2,5,03,08,3,,0,1,0,0,0,1,0
"POINT (8.361356440000000 49.031108830999997)",Unfall 110646 (2016) Kat:3, Licht: 2,110646,3,5,1,02,19,2,,2,1,1,0,0,0,0
"POINT (8.355053484999999 49.032951670000003)",Unfall 110695 (2016) Kat:3, Licht: 0,110695,3,2,2,03,13,5,,0,0,1,0,0,0,0
"POINT (8.387095018000000 49.031810995000001)",Unfall 110696 (2016) Kat:2, Licht: 0,110696,2,4,6,03,17,4,,0,0,0,1,0,0,1
"POINT (8.394909801000001 49.008580553999998)",Unfall 110712 (2016) Kat:3, Licht: 0,110712,3,1,5,03,12,5,,0,1,0,0,0,0,0
"POINT (8.450713440000000 48.995385880999997)",Unfall 110724 (2016) Kat:3, Licht: 0,110724,3,3,5,03,16,5,,0,0,1,0,1,0,0
"POINT (8.393869399000000 49.045727450999998)",Unfall 110730 (2016) Kat:3, Licht: 1,110730,3,2,5,03,06,3,,1,0,1,0,1,0,0
"POINT (8.402324640000000 48.984779052999997)",Unfall 110738 (2016) Kat:3, Licht: 0,110738,3,2,5,03,10,3,,0,1,1,0,0,0,0
"POINT (8.384316567000001 48.998757982999997)",Unfall 110742 (2016) Kat:3, Licht: 0,110742,3,2,6,02,16,5,,0,0,1,1,0,0,0
"POINT (8.480439311000000 48.999229006000000)",Unfall 110746 (2016) Kat:3, Licht: 0,110746,3,3,5,03,17,5,,0,0,1,0,0,0,0
"POINT (8.394189492000001 49.002604024000000)",Unfall 110748 (2016) Kat:3, Licht: 2,110748,3,2,6,02,18,5,,2,0,1,1,0,0,0
"POINT (8.404595924000001 49.007034251999997)",Unfall 110773 (2016) Kat:3, Licht: 2,110773,3,6,4,03,00,3,,2,1,0,0,0,0,0
"POINT (8.393619286000000 48.986775532000003)",Unfall 110788 (2016) Kat:3, Licht: 2,110788,3,3,5,02,18,7,,2,1,0,0,0,0,0
"POINT (8.392914836999999 49.007313314999998)",Unfall 110802 (2016) Kat:3, Licht: 1,110802,3,5,1,03,18,5,,1,1,1,0,0,0,0
"POINT (8.450019255000001 49.024888744999998)",Unfall 110821 (2016) Kat:3, Licht: 0,110821,3,7,2,03,10,4,,0,0,1,0,0,1,0
"POINT (8.381605222999999 48.988467583999999)",Unfall 110842 (2016) Kat:3, Licht: 2,110842,3,4,6,03,20,4,,2,0,1,1,0,0,0
"POINT (8.398285443000001 49.010701816000001)",Unfall 110853 (2016) Kat:2, Licht: 2,110853,2,7,0,03,20,3,,2,1,0,0,0,0,0
"POINT (8.419888773000000 49.004683120999999)",Unfall 110889 (2016) Kat:3, Licht: 0,110889,3,6,4,03,17,1,,0,1,0,0,0,0,0
"POINT (8.394100956999999 49.007995516000001)",Unfall 110915 (2016) Kat:3, Licht: 0,110915,3,4,6,03,10,3,,0,1,0,1,0,0,0
"POINT (8.424300668000001 49.005523660000001)",Unfall 110926 (2016) Kat:2, Licht: 0,110926,2,2,6,03,15,7,,0,0,1,1,0,0,0
"POINT (8.457481246000000 49.018558106000000)",Unfall 110930 (2016) Kat:2, Licht: 2,110930,2,3,5,03,19,1,,2,0,1,0,0,0,0
"POINT (8.405694808000000 49.007215213000002)",Unfall 110954 (2016) Kat:3, Licht: 2,110954,3,2,5,03,00,1,,2,1,1,0,0,0,0
"POINT (8.442001872000001 49.031604526999999)",Unfall 110956 (2016) Kat:3, Licht: 0,110956,3,2,5,03,11,7,,0,1,1,0,0,0,0
"POINT (8.346710474000000 48.997422296000003)",Unfall 110964 (2016) Kat:3, Licht: 0,110964,3,3,5,03,14,2,,0,1,1,0,0,0,0
"POINT (8.390320317000001 48.996174676000003)",Unfall 110978 (2016) Kat:3, Licht: 0,110978,3,3,5,03,17,2,,0,1,1,0,0,0,0
"POINT (8.464460567000000 49.000118720000003)",Unfall 110990 (2016) Kat:3, Licht: 0,110990,3,2,6,03,08,2,,0,0,1,1,0,0,0
"POINT (8.367901252999999 49.008251706000003)",Unfall 110996 (2016) Kat:3, Licht: 0,110996,3,4,6,03,08,6,,0,0,1,1,0,0,0
"POINT (8.409184205000001 49.010375166000003)",Unfall 111056 (2016) Kat:2, Licht: 0,111056,2,4,6,03,13,3,,0,1,0,1,0,0,0
"POINT (8.432939606000000 49.011361072000000)",Unfall 111061 (2016) Kat:3, Licht: 0,111061,3,6,2,03,17,5,,0,0,1,0,0,0,0
"POINT (8.410415699000000 48.996215094999997)",Unfall 111073 (2016) Kat:3, Licht: 2,111073,3,1,0,03,20,5,,2,0,0,0,1,0,0
"POINT (8.455672091000000 48.996597842000000)",Unfall 111087 (2016) Kat:3, Licht: 0,111087,3,3,5,03,07,5,,0,1,0,0,0,0,0
"POINT (8.408360392000001 49.010987991000000)",Unfall 111108 (2016) Kat:3, Licht: 0,111108,3,6,2,03,09,2,,0,0,1,0,0,0,0
"POINT (8.342375329999999 49.007361859000000)",Unfall 111141 (2016) Kat:3, Licht: 0,111141,3,2,4,03,12,4,,0,0,1,0,0,0,1
"POINT (8.440717113000000 49.016369857000001)",Unfall 111145 (2016) Kat:3, Licht: 0,111145,3,3,5,03,17,3,,0,0,1,0,0,0,0
"POINT (8.394787453999999 49.007799966000000)",Unfall 111150 (2016) Kat:3, Licht: 0,111150,3,1,0,03,11,6,,0,1,0,0,0,0,0
"POINT (8.396540375000001 49.016489141000001)",Unfall 111151 (2016) Kat:3, Licht: 0,111151,3,2,2,03,08,7,,0,0,1,0,1,0,0
"POINT (8.459167479000000 48.997099628999997)",Unfall 111152 (2016) Kat:3, Licht: 2,111152,3,3,5,03,19,5,,2,0,1,0,0,0,0
"POINT (8.374262786999999 49.013776784999997)",Unfall 111220 (2016) Kat:3, Licht: 0,111220,3,5,1,03,14,5,,0,0,1,0,0,0,0
"POINT (8.461951960000000 48.997445505999998)",Unfall 111235 (2016) Kat:3, Licht: 2,111235,3,2,5,03,19,3,,2,1,0,0,0,0,1
"POINT (8.392874108999999 48.980555772000002)",Unfall 111243 (2016) Kat:3, Licht: 0,111243,3,2,2,03,13,3,,0,1,0,0,0,0,1
"POINT (8.408487873000000 49.000809906000001)",Unfall 111269 (2016) Kat:3, Licht: 0,111269,3,7,0,03,17,5,,0,1,0,0,0,0,0
"POINT (8.378860304000000 49.005359835000000)",Unfall 111298 (2016) Kat:3, Licht: 0,111298,3,3,5,03,17,4,,0,1,0,0,1,0,0
"POINT (8.409556070000001 48.969284217999999)",Unfall 111306 (2016) Kat:3, Licht: 0,111306,3,3,5,03,16,5,,0,0,1,0,0,0,0
"POINT (8.352275104000000 48.995085752999998)",Unfall 111318 (2016) Kat:3, Licht: 0,111318,3,4,0,03,15,3,,0,0,0,1,0,0,1
"POINT (8.459076924000000 48.987848040000003)",Unfall 111350 (2016) Kat:3, Licht: 0,111350,3,3,5,03,16,5,,0,0,1,0,0,0,1
"POINT (8.384277747000001 49.012698534999998)",Unfall 111352 (2016) Kat:3, Licht: 0,111352,3,5,1,03,09,4,,0,1,1,0,0,0,0
"POINT (8.392462631000001 48.985252762000002)",Unfall 111423 (2016) Kat:3, Licht: 2,111423,3,2,1,03,20,3,,2,1,1,0,0,0,0
"POINT (8.457359172000000 49.029410603000002)",Unfall 111426 (2016) Kat:2, Licht: 0,111426,2,5,1,03,15,2,,0,1,1,0,0,0,0
"POINT (8.422780006000000 49.013306043000000)",Unfall 111451 (2016) Kat:3, Licht: 2,111451,3,2,5,03,19,5,,2,1,1,0,0,0,0
"POINT (8.395783709000000 49.009970750999997)",Unfall 111452 (2016) Kat:2, Licht: 0,111452,2,7,0,03,13,5,,0,1,0,0,0,0,0
"POINT (8.444073823000000 49.033847954999999)",Unfall 111456 (2016) Kat:2, Licht: 0,111456,2,4,6,03,11,5,,0,0,0,1,0,0,1
"POINT (8.460540410000000 49.042680431999997)",Unfall 111461 (2016) Kat:2, Licht: 0,111461,2,3,5,03,11,5,,0,1,1,0,0,0,0
"POINT (8.420552315000000 49.006713024000000)",Unfall 111498 (2016) Kat:2, Licht: 2,111498,2,3,5,03,22,5,,2,0,1,0,1,0,0
"POINT (8.462721252000000 49.001675544000001)",Unfall 111519 (2016) Kat:3, Licht: 0,111519,3,2,4,03,15,7,,0,1,1,0,0,0,0
"POINT (8.476518766000000 48.998738226999997)",Unfall 111521 (2016) Kat:3, Licht: 0,111521,3,6,0,03,08,5,,0,0,1,0,1,0,0
"POINT (8.455138465999999 48.975432857000001)",Unfall 111523 (2016) Kat:3, Licht: 0,111523,3,4,6,03,11,4,,0,0,1,1,0,0,0
"POINT (8.360333702000000 49.011099666000000)",Unfall 111524 (2016) Kat:3, Licht: 0,111524,3,4,6,03,14,7,,0,0,0,1,0,0,1
"POINT (8.410823634000000 48.997118096000001)",Unfall 111548 (2016) Kat:3, Licht: 0,111548,3,3,5,04,08,6,,0,1,1,0,0,0,0
"POINT (8.410444280000000 49.002088802000003)",Unfall 111549 (2016) Kat:2, Licht: 0,111549,2,5,0,03,11,4,,0,0,0,0,1,0,0
"POINT (8.395788006000000 49.009970561999999)",Unfall 111557 (2016) Kat:3, Licht: 0,111557,3,7,0,03,18,5,,0,1,0,0,0,0,0
"POINT (8.453190938000001 48.996194432000003)",Unfall 111578 (2016) Kat:3, Licht: 0,111578,3,6,2,04,16,1,,0,0,1,0,0,0,0
"POINT (8.372055240000000 49.015611819000000)",Unfall 111599 (2016) Kat:2, Licht: 0,111599,2,6,3,04,10,7,,0,1,1,0,0,0,0
"POINT (8.463038537999999 48.995640920000000)",Unfall 111600 (2016) Kat:3, Licht: 0,111600,3,2,4,04,12,3,,0,0,1,0,0,0,0
"POINT (8.357940138000000 49.012195017000003)",Unfall 111608 (2016) Kat:3, Licht: 0,111608,3,4,6,04,15,7,,0,1,0,1,0,0,0
"POINT (8.444236609000001 49.005705681999999)",Unfall 111614 (2016) Kat:3, Licht: 0,111614,3,7,0,04,10,6,,0,1,0,0,0,0,0
"POINT (8.385059715000001 49.020289236000004)",Unfall 111635 (2016) Kat:3, Licht: 0,111635,3,3,5,04,10,6,,0,1,1,0,0,0,0
"POINT (8.360127194000000 49.011143439999998)",Unfall 111653 (2016) Kat:2, Licht: 0,111653,2,4,6,04,16,7,,0,0,1,1,0,0,0
"POINT (8.383806119000001 49.014797602999998)",Unfall 111656 (2016) Kat:2, Licht: 2,111656,2,3,5,04,06,3,,2,1,1,0,0,0,0
"POINT (8.387401707000000 49.031882611999997)",Unfall 111682 (2016) Kat:3, Licht: 0,111682,3,4,6,04,09,1,,0,1,0,1,0,0,0
"POINT (8.416627310999999 49.008735133000002)",Unfall 111702 (2016) Kat:3, Licht: 0,111702,3,3,0,04,08,3,,0,1,1,0,0,0,0
"POINT (8.385346001000000 49.014762744000002)",Unfall 111718 (2016) Kat:3, Licht: 0,111718,3,6,2,04,13,6,,0,0,1,0,0,0,0
"POINT (8.362066270000000 49.011286740000003)",Unfall 111738 (2016) Kat:3, Licht: 0,111738,3,5,1,04,16,6,,0,1,1,0,0,0,0
"POINT (8.392483021000000 49.010123217999997)",Unfall 111755 (2016) Kat:2, Licht: 0,111755,2,4,6,04,11,7,,0,0,0,1,0,0,1
"POINT (8.454800294000000 48.990441707999999)",Unfall 111762 (2016) Kat:3, Licht: 2,111762,3,5,1,04,01,7,,2,0,1,0,1,0,0
"POINT (8.374946290000001 49.013275198000002)",Unfall 111777 (2016) Kat:3, Licht: 0,111777,3,3,5,04,08,2,,0,1,0,0,0,0,0
"POINT (8.359369156000000 49.010575551999999)",Unfall 111779 (2016) Kat:3, Licht: 0,111779,3,7,6,04,10,6,,0,0,0,1,0,0,1
"POINT (8.365470798000001 49.019111830999996)",Unfall 111789 (2016) Kat:3, Licht: 0,111789,3,6,2,04,14,4,,0,0,1,0,0,0,0
"POINT (8.417924376000000 49.010829354999998)",Unfall 111804 (2016) Kat:3, Licht: 0,111804,3,3,5,04,14,1,,0,0,1,0,0,0,0
"POINT (8.468063004999999 48.997000495999998)",Unfall 111811 (2016) Kat:3, Licht: 0,111811,3,3,5,04,17,3,,0,0,1,0,1,0,0
"POINT (8.364947095000000 49.030808647999997)",Unfall 111817 (2016) Kat:3, Licht: 2,111817,3,3,5,04,21,3,,2,0,1,0,0,0,0
"POINT (8.392815177999999 49.029879200000003)",Unfall 111827 (2016) Kat:3, Licht: 2,111827,3,3,5,04,21,3,,2,1,1,0,0,0,0
"POINT (8.380559550999999 48.996338926999996)",Unfall 111849 (2016) Kat:3, Licht: 0,111849,3,2,5,04,07,4,,0,1,1,0,0,0,0
"POINT (8.456637618000000 48.988472498000000)",Unfall 111869 (2016) Kat:3, Licht: 0,111869,3,3,5,04,08,6,,0,1,1,0,0,0,0
"POINT (8.410839706000001 48.998984469000000)",Unfall 111904 (2016) Kat:3, Licht: 0,111904,3,3,5,04,19,4,,0,1,1,0,0,0,0
"POINT (8.388889526000000 49.009891347999996)",Unfall 111920 (2016) Kat:3, Licht: 0,111920,3,5,1,04,15,2,,0,1,1,0,0,0,0
"POINT (8.450043315000000 49.024872627999997)",Unfall 111923 (2016) Kat:3, Licht: 2,111923,3,3,5,04,21,3,,2,0,1,0,0,0,1
"POINT (8.390364934999999 49.012727132999999)",Unfall 111925 (2016) Kat:3, Licht: 0,111925,3,3,5,04,14,2,,0,0,1,0,0,0,1
"POINT (8.362349797000000 49.030969779000003)",Unfall 111935 (2016) Kat:3, Licht: 2,111935,3,2,2,04,20,5,,2,0,0,0,1,0,1
"POINT (8.381525846000001 49.007907412999998)",Unfall 111946 (2016) Kat:3, Licht: 0,111946,3,3,5,04,07,5,,0,1,1,0,0,0,0
"POINT (8.392387834999999 49.028191778000000)",Unfall 111965 (2016) Kat:3, Licht: 0,111965,3,3,5,04,13,6,,0,1,1,0,0,0,0
"POINT (8.396631467000001 48.994582158000000)",Unfall 112030 (2016) Kat:3, Licht: 0,112030,3,4,6,04,18,4,,0,0,1,1,0,0,0
"POINT (8.440198552000000 49.006549438000000)",Unfall 112044 (2016) Kat:3, Licht: 0,112044,3,2,5,04,09,4,,0,1,1,0,0,0,0
"POINT (8.372706838999999 49.030446458000000)",Unfall 112051 (2016) Kat:3, Licht: 0,112051,3,6,0,04,11,3,,0,1,0,0,0,0,0
"POINT (8.374938236000000 49.012201595000001)",Unfall 112087 (2016) Kat:2, Licht: 0,112087,2,7,3,04,14,4,,0,0,1,0,0,0,1
"POINT (8.431868532999999 49.010310013000002)",Unfall 112193 (2016) Kat:2, Licht: 0,112193,2,2,3,04,18,6,,0,0,1,0,0,0,1
"POINT (8.441384211000001 49.020704191000000)",Unfall 112197 (2016) Kat:3, Licht: 0,112197,3,7,0,04,20,4,,0,1,0,0,0,0,0
"POINT (8.374813566000000 49.011063999999998)",Unfall 112212 (2016) Kat:3, Licht: 0,112212,3,2,5,04,06,3,,0,0,1,0,0,0,0
"POINT (8.403352662000000 49.008963250000001)",Unfall 112223 (2016) Kat:2, Licht: 0,112223,2,6,3,04,19,3,,0,1,0,0,0,0,0
"POINT (8.395159928000000 49.010820891999998)",Unfall 112229 (2016) Kat:3, Licht: 0,112229,3,2,5,04,12,2,,0,1,1,0,0,0,0
"POINT (8.481893028000000 49.011214578000001)",Unfall 112254 (2016) Kat:3, Licht: 0,112254,3,6,2,04,16,4,,0,0,1,0,0,0,0
"POINT (8.431480348999999 48.996902769000002)",Unfall 112260 (2016) Kat:3, Licht: 0,112260,3,2,5,04,18,2,,0,1,1,0,0,0,0
"POINT (8.372573422000000 49.025700182000001)",Unfall 112266 (2016) Kat:2, Licht: 0,112266,2,4,6,04,16,4,,0,0,1,1,0,0,0
"POINT (8.443879177000000 49.034432633000002)",Unfall 112295 (2016) Kat:3, Licht: 0,112295,3,7,0,04,18,3,,0,0,1,1,0,0,0
"POINT (8.432897403000000 49.011268035000001)",Unfall 112299 (2016) Kat:3, Licht: 0,112299,3,7,9,04,15,2,,0,0,0,0,1,0,0
"POINT (8.389306822000000 49.003351543000001)",Unfall 112304 (2016) Kat:3, Licht: 2,112304,3,3,5,04,22,4,,2,1,1,0,0,0,0
"POINT (8.449582498000000 48.995763429000000)",Unfall 112305 (2016) Kat:3, Licht: 2,112305,3,5,2,04,00,3,,2,0,1,0,1,0,0