WKT,Name,OBJECTID,UKATEGORIE,UTYP1,UART,UMONAT,USTUNDE,UWOCHENTAG,STRZUSTAND,ULICHTVERH,ISTRAD,ISTPKW,ISTFUSS,ISTKRAD,ISTGKFZ,ISTSONSTIG
"POINT (8.344769268000000 49.030775407000000)",Unfall 112362 (2016) Kat:3, Licht: 1,112362,3,3,5,05,20,2,,1,0,1,0,0,0,0
"POINT (8.451097231000000 49.042449613999999)",Unfall 112368 (2016) Kat:3, Licht: 0,112368,3,6,2,04,08,3,,0,0,1,0,0,0,0
"POINT (8.435941683999999 49.015634460999998)",Unfall 112372 (2016) Kat:3, Licht: 0,112372,3,3,5,04,16,5,,0,1,0,0,0,0,1
"POINT (8.358396982000000 49.010115972999998)",Unfall 112392 (2016) Kat:3, Licht: 0,112392,3,2,2,04,18,5,,0,0,1,0,0,0,0
"POINT (8.384267791999999 49.010624128000003)",Unfall 112425 (2016) Kat:3, Licht: 1,112425,3,4,6,05,20,1,,1,1,0,1,0,0,0
"POINT (8.375976055000001 49.006148052999997)",Unfall 112428 (2016) Kat:3, Licht: 0,112428,3,2,5,05,18,2,,0,1,1,0,0,0,0
"POINT (8.385150685999999 49.020848702000002)",Unfall 112431 (2016) Kat:3, Licht: 0,112431,3,6,3,04,09,4,,0,1,1,0,0,0,0
"POINT (8.380876809000000 48.999707227999998)",Unfall 112542 (2016) Kat:2, Licht: 0,112542,2,7,0,04,15,5,,0,0,0,0,0,0,1
"POINT (8.385035272000000 49.020320421999998)",Unfall 112555 (2016) Kat:3, Licht: 2,112555,3,3,5,04,05,3,,2,1,1,0,0,0,0
"POINT (8.430619147000000 49.013685608000003)",Unfall 112560 (2016) Kat:2, Licht: 0,112560,2,6,2,04,12,3,,0,0,0,0,0,0,1
"POINT (8.346247944000000 49.016031974000001)",Unfall 112575 (2016) Kat:3, Licht: 0,112575,3,6,2,04,07,2,,0,0,1,0,0,0,0
"POINT (8.393079874000000 48.989583977000002)",Unfall 112578 (2016) Kat:3, Licht: 0,112578,3,6,3,04,08,6,,0,1,1,0,0,0,0
"POINT (8.394171054999999 49.006005995000002)",Unfall 112583 (2016) Kat:3, Licht: 0,112583,3,7,0,04,13,2,,0,1,1,0,0,0,0
"POINT (8.363528403000000 49.009427762999998)",Unfall 112590 (2016) Kat:3, Licht: 0,112590,3,3,5,04,07,2,,0,0,1,0,0,0,0
"POINT (8.397029327000000 49.023403985000002)",Unfall 112614 (2016) Kat:3, Licht: 0,112614,3,1,2,05,15,6,,0,0,1,0,0,0,0
"POINT (8.346576729000001 49.029857641000000)",Unfall 112618 (2016) Kat:3, Licht: 0,112618,3,3,1,05,13,6,,0,0,1,0,0,0,1
"POINT (8.333403509000000 49.011967615000003)",Unfall 112619 (2016) Kat:3, Licht: 0,112619,3,3,5,05,06,6,,0,1,1,0,0,0,0
"POINT (8.395707803000001 48.988861284000002)",Unfall 112622 (2016) Kat:3, Licht: 0,112622,3,7,5,05,11,6,,0,1,0,0,1,0,0
"POINT (8.471758596999999 48.999187153000001)",Unfall 112627 (2016) Kat:2, Licht: 0,112627,2,1,0,05,14,1,,0,1,0,0,0,0,0
"POINT (8.387920655000000 49.014657090999997)",Unfall 112629 (2016) Kat:3, Licht: 1,112629,3,2,4,05,21,6,,1,1,1,0,0,0,0
"POINT (8.414697183000000 49.007554317999997)",Unfall 112641 (2016) Kat:2, Licht: 0,112641,2,6,0,05,16,5,,0,1,0,0,0,0,0
"POINT (8.354531919999999 48.999292740999998)",Unfall 112651 (2016) Kat:3, Licht: 0,112651,3,6,4,05,08,4,,0,1,1,0,0,0,0
"POINT (8.384718754000000 49.005448023000000)",Unfall 112715 (2016) Kat:3, Licht: 0,112715,3,6,3,05,15,7,,0,0,1,0,0,0,0
"POINT (8.434108627000001 49.019914159999999)",Unfall 112724 (2016) Kat:3, Licht: 0,112724,3,4,6,05,14,7,,0,0,0,1,1,0,0
"POINT (8.423989734999999 49.007570182999999)",Unfall 112775 (2016) Kat:3, Licht: 0,112775,3,3,5,05,20,4,,0,0,1,0,0,0,0
"POINT (8.380759697000000 48.998917667999997)",Unfall 112803 (2016) Kat:2, Licht: 0,112803,2,7,0,05,11,6,,0,0,0,0,0,0,1
"POINT (8.473032731000000 48.999154834000002)",Unfall 112807 (2016) Kat:2, Licht: 0,112807,2,3,0,05,14,6,,0,0,0,0,0,0,1
"POINT (8.411272918000000 49.008772461000000)",Unfall 112810 (2016) Kat:3, Licht: 0,112810,3,7,6,05,07,6,,0,1,0,1,0,0,0
"POINT (8.391112795000000 49.004584973999997)",Unfall 112817 (2016) Kat:3, Licht: 2,112817,3,3,5,05,00,3,,2,0,1,0,1,0,0
"POINT (8.352135146000000 48.994968413000002)",Unfall 112877 (2016) Kat:3, Licht: 0,112877,3,3,5,05,06,6,,0,0,1,0,0,0,0
"POINT (8.474245800000000 48.999147882999999)",Unfall 112912 (2016) Kat:3, Licht: 0,112912,3,1,0,05,09,2,,0,1,1,0,0,0,0
"POINT (8.350081700000001 49.005637002999997)",Unfall 112913 (2016) Kat:3, Licht: 0,112913,3,6,4,05,19,3,,0,1,0,0,0,0,0
"POINT (8.475219796999999 48.986542776000000)",Unfall 112923 (2016) Kat:3, Licht: 0,112923,3,7,0,05,12,2,,0,0,1,0,0,0,1
"POINT (8.396829621000000 48.999900177999997)",Unfall 112945 (2016) Kat:2, Licht: 0,112945,2,2,4,05,18,5,,0,1,1,0,0,0,0
"POINT (8.457737395000001 49.020615884000001)",Unfall 112969 (2016) Kat:3, Licht: 1,112969,3,3,5,05,21,4,,1,0,1,0,0,0,0
"POINT (8.395002740000001 49.010005638000003)",Unfall 112976 (2016) Kat:3, Licht: 0,112976,3,7,6,05,08,4,,0,1,0,1,0,0,0
"POINT (8.420675548000000 49.010363750000003)",Unfall 112978 (2016) Kat:3, Licht: 0,112978,3,7,0,05,10,4,,0,1,0,0,0,0,0
"POINT (8.389607444999999 49.009647430999998)",Unfall 113042 (2016) Kat:3, Licht: 0,113042,3,6,2,05,20,2,,0,0,1,0,1,0,0
"POINT (8.438682145000000 49.011579230000002)",Unfall 113044 (2016) Kat:3, Licht: 0,113044,3,4,6,05,11,3,,0,0,1,1,0,0,0
"POINT (8.413173502999999 49.009136695999999)",Unfall 113050 (2016) Kat:3, Licht: 0,113050,3,3,5,05,20,6,,0,1,0,0,0,0,0
"POINT (8.374586711999999 49.010901763000000)",Unfall 113051 (2016) Kat:3, Licht: 0,113051,3,6,2,05,07,3,,0,0,1,0,0,0,0
"POINT (8.393822630000001 49.014398491999998)",Unfall 113062 (2016) Kat:3, Licht: 0,113062,3,3,5,05,08,6,,0,0,1,0,1,0,0
"POINT (8.397908763000000 48.984300974999996)",Unfall 113064 (2016) Kat:3, Licht: 0,113064,3,3,5,05,13,3,,0,1,0,0,0,0,1
"POINT (8.418034520000001 49.011052591999999)",Unfall 113068 (2016) Kat:3, Licht: 0,113068,3,7,2,05,19,7,,0,0,1,0,1,0,0
"POINT (8.423154675999999 49.011564126000003)",Unfall 113078 (2016) Kat:2, Licht: 0,113078,2,3,5,05,06,3,,0,0,1,0,1,0,0
"POINT (8.397463818000000 49.009947490999998)",Unfall 113255 (2016) Kat:3, Licht: 0,113255,3,7,6,05,19,3,,0,1,0,1,0,0,0
"POINT (8.375233088000000 49.010886634000002)",Unfall 113267 (2016) Kat:3, Licht: 0,113267,3,6,1,05,13,6,,0,1,1,0,0,0,0
"POINT (8.398236954000000 49.011828268000002)",Unfall 113283 (2016) Kat:3, Licht: 0,113283,3,3,5,05,17,2,,0,1,1,0,0,0,0
"POINT (8.505726208000001 49.004845756000002)",Unfall 113287 (2016) Kat:2, Licht: 0,113287,2,4,6,05,16,4,,0,0,0,1,0,0,1
"POINT (8.386679084000001 49.010579428000000)",Unfall 113292 (2016) Kat:3, Licht: 0,113292,3,7,0,05,08,2,,0,0,0,1,0,0,1
"POINT (8.417143834999999 49.001731190000001)",Unfall 113298 (2016) Kat:3, Licht: 0,113298,3,3,5,05,08,7,,0,0,1,0,1,0,0
"POINT (8.450803071999999 48.978535561999998)",Unfall 113299 (2016) Kat:2, Licht: 2,113299,2,7,0,05,05,5,,2,1,0,0,0,0,0
"POINT (8.407699811000001 49.011500722999997)",Unfall 113303 (2016) Kat:2, Licht: 2,113303,2,1,0,05,05,2,,2,0,1,0,0,0,0
"POINT (8.449734860000000 48.995734773999999)",Unfall 113318 (2016) Kat:2, Licht: 0,113318,2,2,4,05,07,2,,0,1,1,0,0,0,0
"POINT (8.389525947999999 49.042826247000001)",Unfall 113319 (2016) Kat:3, Licht: 0,113319,3,3,5,05,12,4,,0,0,1,0,0,0,0
"POINT (8.446397765000000 49.005489380999997)",Unfall 113321 (2016) Kat:3, Licht: 0,113321,3,6,2,05,16,1,,0,0,1,0,0,0,0
"POINT (8.382953079000000 49.017789716000003)",Unfall 113322 (2016) Kat:3, Licht: 0,113322,3,3,5,05,12,6,,0,1,1,0,0,0,0
"POINT (8.386334179000000 49.010377175000002)",Unfall 113330 (2016) Kat:3, Licht: 0,113330,3,6,3,05,13,7,,0,0,1,0,1,0,0
"POINT (8.427766326000000 49.013073339000002)",Unfall 113332 (2016) Kat:3, Licht: 0,113332,3,6,4,05,14,7,,0,0,1,0,0,0,0
"POINT (8.430858518999999 49.006336548000000)",Unfall 113340 (2016) Kat:3, Licht: 0,113340,3,2,0,05,17,4,,0,1,0,0,0,0,0
"POINT (8.409880228000001 49.008379478999998)",Unfall 113365 (2016) Kat:3, Licht: 0,113365,3,2,5,05,16,5,,0,1,1,0,0,0,0
"POINT (8.387889461000000 48.997446400999998)",Unfall 113408 (2016) Kat:3, Licht: 0,113408,3,3,5,05,17,2,,0,1,1,0,0,0,0
"POINT (8.384568430000000 49.053081784000000)",Unfall 113427 (2016) Kat:3, Licht: 0,113427,3,3,5,05,05,3,,0,1,1,0,0,0,0
"POINT (8.408325490999999 49.011013953000003)",Unfall 113444 (2016) Kat:3, Licht: 0,113444,3,6,0,05,19,2,,0,1,1,0,0,0,0
"POINT (8.444140164000000 49.033822469999997)",Unfall 113476 (2016) Kat:3, Licht: 0,113476,3,4,6,05,18,3,,0,0,0,1,0,0,1
"POINT (8.359183436000000 49.001925659000001)",Unfall 113488 (2016) Kat:3, Licht: 0,113488,3,7,6,05,15,4,,0,0,0,1,0,1,0
"POINT (8.435444292000000 49.015429546999997)",Unfall 113497 (2016) Kat:3, Licht: 0,113497,3,6,0,05,16,3,,0,0,1,0,0,0,0
"POINT (8.464007229000000 49.002159941999999)",Unfall 113506 (2016) Kat:3, Licht: 0,113506,3,5,8,05,12,1,,0,0,1,0,0,0,0
"POINT (8.389792377999999 49.010174192000001)",Unfall 113516 (2016) Kat:3, Licht: 2,113516,3,3,5,05,21,7,,2,0,1,0,0,0,0
"POINT (8.349231249000001 48.999379627000003)",Unfall 113523 (2016) Kat:3, Licht: 0,113523,3,7,9,05,08,4,,0,0,1,0,0,0,0
"POINT (8.395324393999999 49.012027519999997)",Unfall 113548 (2016) Kat:3, Licht: 0,113548,3,3,5,05,15,2,,0,0,1,0,0,0,0
"POINT (8.375158087999999 49.014619688000003)",Unfall 113558 (2016) Kat:3, Licht: 0,113558,3,7,0,05,17,1,,0,0,0,0,1,0,0
"POINT (8.393470517000001 49.010077803999998)",Unfall 113578 (2016) Kat:3, Licht: 0,113578,3,6,2,05,16,3,,0,1,0,0,0,0,1
"POINT (8.430854066000000 49.032353235000002)",Unfall 113580 (2016) Kat:3, Licht: 0,113580,3,2,5,05,13,6,,0,1,1,0,0,0,0
"POINT (8.419131684000000 49.009794708000001)",Unfall 113604 (2016) Kat:2, Licht: 0,113604,2,6,4,05,17,5,,0,1,0,0,0,0,0
"POINT (8.337658753000000 49.035636940000003)",Unfall 113610 (2016) Kat:2, Licht: 0,113610,2,6,2,05,20,6,,0,0,0,0,1,0,0
"POINT (8.386908817000000 49.059941479999999)",Unfall 113613 (2016) Kat:3, Licht: 2,113613,3,1,7,05,02,3,,2,0,1,0,0,0,0
"POINT (8.335519153000000 49.072580537999997)",Unfall 113616 (2016) Kat:3, Licht: 0,113616,3,1,0,05,05,7,,0,0,0,0,1,0,0
"POINT (8.390321051999999 48.996182195000003)",Unfall 113639 (2016) Kat:3, Licht: 0,113639,3,3,5,05,15,4,,0,1,1,0,0,0,0
"POINT (8.460302885000001 49.000503002999999)",Unfall 113647 (2016) Kat:2, Licht: 0,113647,2,6,5,05,17,3,,0,0,1,0,1,0,0
"POINT (8.398009847999999 49.016057541999999)",Unfall 113669 (2016) Kat:3, Licht: 0,113669,3,1,7,05,17,4,,0,1,0,0,0,0,0
"POINT (8.394091569000000 49.008099559000001)",Unfall 113674 (2016) Kat:3, Licht: 0,113674,3,6,2,06,14,5,,0,0,1,0,0,0,0
"POINT (8.509649466999999 48.952135896000001)",Unfall 113719 (2016) Kat:2, Licht: 0,113719,2,1,5,06,18,2,,0,1,1,0,0,0,0
"POINT (8.410427756000001 49.002464396999997)",Unfall 113761 (2016) Kat:3, Licht: 0,113761,3,1,0,06,07,5,,0,0,1,0,1,0,0
"POINT (8.395204198000000 49.012001705000003)",Unfall 113768 (2016) Kat:3, Licht: 0,113768,3,7,8,06,06,1,,0,0,1,0,0,0,0
"POINT (8.405582123000000 49.002822146000000)",Unfall 113812 (2016) Kat:3, Licht: 2,113812,3,6,4,06,00,6,,2,1,1,0,0,0,0
"POINT (8.403786214000000 49.008193243999997)",Unfall 113818 (2016) Kat:3, Licht: 0,113818,3,7,0,06,19,2,,0,1,0,0,0,0,0
"POINT (8.374904682000000 49.013274899000002)",Unfall 113821 (2016) Kat:3, Licht: 0,113821,3,3,5,06,18,2,,0,1,0,0,0,0,1
"POINT (8.410791804000001 48.997130912000003)",Unfall 113825 (2016) Kat:3, Licht: 0,113825,3,7,2,06,17,5,,0,0,1,0,0,0,1
"POINT (8.383055761000000 49.001246313000003)",Unfall 113837 (2016) Kat:3, Licht: 0,113837,3,3,0,06,06,4,,0,0,1,0,1,0,0
"POINT (8.385823454000001 48.993951963999997)",Unfall 113920 (2016) Kat:3, Licht: 0,113920,3,3,5,06,12,2,,0,1,1,0,0,0,0
"POINT (8.417837332000000 49.016936733000001)",Unfall 113960 (2016) Kat:2, Licht: 0,113960,2,3,5,06,13,6,,0,1,0,0,0,0,0
"POINT (8.418025813000000 49.010909507999997)",Unfall 113994 (2016) Kat:3, Licht: 1,113994,3,3,5,06,21,3,,1,1,0,0,0,0,1
"POINT (8.411897101999999 49.006262116000002)",Unfall 113998 (2016) Kat:3, Licht: 0,113998,3,3,5,06,12,3,,0,1,1,0,0,0,0
"POINT (8.390260929000000 49.026376870999997)",Unfall 114046 (2016) Kat:3, Licht: 0,114046,3,3,5,06,15,4,,0,1,0,0,1,0,0
"POINT (8.314993062999999 49.046405559000000)",Unfall 114053 (2016) Kat:3, Licht: 0,114053,3,3,5,06,06,5,,0,1,0,0,0,1,0
"POINT (8.453947079000001 48.974574289000003)",Unfall 114099 (2016) Kat:3, Licht: 0,114099,3,6,3,06,20,6,,0,1,1,0,0,0,0
"POINT (8.424303278000000 49.005490479999999)",Unfall 114101 (2016) Kat:3, Licht: 2,114101,3,2,5,06,23,5,,2,0,1,0,1,0,0
"POINT (8.395457734000001 48.989200357999998)",Unfall 114125 (2016) Kat:3, Licht: 0,114125,3,6,6,06,15,5,,0,1,0,1,0,0,0
"POINT (8.405797753000000 48.999970451000003)",Unfall 114156 (2016) Kat:3, Licht: 0,114156,3,3,5,06,15,5,,0,1,1,0,0,0,0
"POINT (8.373816968000000 49.009527495000000)",Unfall 114178 (2016) Kat:3, Licht: 0,114178,3,3,5,06,15,4,,0,0,1,0,0,0,0
"POINT (8.427662069000000 49.008899282000002)",Unfall 114205 (2016) Kat:3, Licht: 0,114205,3,2,5,06,11,4,,0,1,0,0,0,0,1
"POINT (8.420508683000000 49.013344050999997)",Unfall 114209 (2016) Kat:3, Licht: 0,114209,3,7,4,06,17,2,,0,1,0,0,0,0,0
"POINT (8.435002339000000 49.015250278000003)",Unfall 114211 (2016) Kat:3, Licht: 0,114211,3,2,4,06,11,2,,0,1,1,0,0,0,0
"POINT (8.456652322000000 48.996749246000000)",Unfall 114221 (2016) Kat:3, Licht: 0,114221,3,2,5,06,20,2,,0,1,1,0,0,0,0
"POINT (8.475566948000001 49.000200962000001)",Unfall 114233 (2016) Kat:3, Licht: 0,114233,3,6,2,06,12,2,,0,0,0,0,1,0,1
"POINT (8.495016698000001 49.010705938000001)",Unfall 114264 (2016) Kat:3, Licht: 0,114264,3,3,6,06,16,7,,0,0,1,1,0,0,0
"POINT (8.375384254000000 49.033579369999998)",Unfall 114275 (2016) Kat:3, Licht: 0,114275,3,7,5,06,17,5,,0,0,1,0,0,0,0
"POINT (8.394899083000000 49.007703360000001)",Unfall 114321 (2016) Kat:3, Licht: 0,114321,3,7,2,06,17,6,,0,1,1,0,0,0,0
"POINT (8.374455698000000 49.008487334999998)",Unfall 114368 (2016) Kat:3, Licht: 0,114368,3,7,5,06,12,7,,0,1,1,0,0,0,0
"POINT (8.362591932000001 49.011388013999998)",Unfall 114399 (2016) Kat:2, Licht: 0,114399,2,2,3,06,08,3,,0,0,1,0,0,0,1
"POINT (8.412421271000000 49.009265386999999)",Unfall 114403 (2016) Kat:3, Licht: 0,114403,3,7,5,06,08,5,,0,0,1,0,0,0,1
"POINT (8.374832672000000 49.011240587000003)",Unfall 114405 (2016) Kat:3, Licht: 0,114405,3,2,3,06,19,1,,0,1,1,0,0,0,0
"POINT (8.391809371000001 49.010154192000002)",Unfall 114449 (2016) Kat:3, Licht: 0,114449,3,3,5,06,14,5,,0,1,1,0,0,0,0
"POINT (8.467169722000000 48.999518401000003)",Unfall 114551 (2016) Kat:3, Licht: 0,114551,3,3,0,06,08,2,,0,0,1,0,0,0,1
"POINT (8.442357571000001 49.014365230999999)",Unfall 114574 (2016) Kat:3, Licht: 0,114574,3,4,6,06,07,4,,0,0,1,1,0,0,0
"POINT (8.415642912999999 49.020266345000003)",Unfall 114582 (2016) Kat:3, Licht: 0,114582,3,3,5,06,15,3,,0,1,0,0,1,0,0
"POINT (8.391108977000000 49.004537556999999)",Unfall 114583 (2016) Kat:3, Licht: 0,114583,3,3,0,06,08,4,,0,1,0,0,0,0,0
"POINT (8.477112026000000 48.997839681000002)",Unfall 114585 (2016) Kat:3, Licht: 0,114585,3,7,0,06,11,4,,0,0,1,0,0,0,0
"POINT (8.387217914000001 49.029982963000002)",Unfall 114615 (2016) Kat:3, Licht: 0,114615,3,7,0,06,16,5,,0,0,0,0,0,0,1
"POINT (8.384859118000000 49.004356252000001)",Unfall 114670 (2016) Kat:2, Licht: 0,114670,2,7,0,06,20,3,,0,0,0,0,1,0,0
"POINT (8.392427120000001 49.010125788000003)",Unfall 114693 (2016) Kat:3, Licht: 0,114693,3,7,5,06,14,2,,0,0,1,0,0,0,1
"POINT (8.424295721000000 49.005586541000000)",Unfall 114697 (2016) Kat:3, Licht: 0,114697,3,7,0,06,05,4,,0,1,0,0,0,0,0
"POINT (8.371626923000001 49.007551610000000)",Unfall 114699 (2016) Kat:3, Licht: 0,114699,3,3,5,06,14,3,,0,0,1,0,1,0,0
"POINT (8.430990629000000 49.006403642999999)",Unfall 114710 (2016) Kat:3, Licht: 0,114710,3,1,0,06,14,3,,0,1,0,0,0,0,0
"POINT (8.461955264000000 48.973436169000003)",Unfall 114724 (2016) Kat:3, Licht: 0,114724,3,5,1,06,07,3,,0,1,1,0,0,0,0
"POINT (8.358546768000000 49.001010374000003)",Unfall 114748 (2016) Kat:3, Licht: 0,114748,3,5,1,06,07,6,,0,1,0,0,0,0,1
"POINT (8.379057631000000 48.991457042000000)",Unfall 114758 (2016) Kat:3, Licht: 2,114758,3,3,5,06,00,6,,2,1,1,0,0,0,0
"POINT (8.370401458000000 49.033658518000003)",Unfall 114761 (2016) Kat:3, Licht: 0,114761,3,5,1,06,13,3,,0,0,1,0,0,0,1
"POINT (8.409762069999999 49.012274269999999)",Unfall 114764 (2016) Kat:3, Licht: 0,114764,3,3,5,06,20,6,,0,1,1,0,0,0,0
"POINT (8.452212684999999 48.995888874000002)",Unfall 114806 (2016) Kat:3, Licht: 0,114806,3,3,5,06,14,7,,0,1,1,0,0,0,0
"POINT (8.423486388000001 49.011429704000001)",Unfall 114830 (2016) Kat:3, Licht: 0,114830,3,2,5,06,20,7,,0,0,1,0,0,0,1
"POINT (8.385625276000001 49.014751296000000)",Unfall 114855 (2016) Kat:3, Licht: 0,114855,3,6,2,06,18,4,,0,0,1,0,0,0,0
"POINT (8.349964407000000 49.031733105000001)",Unfall 114909 (2016) Kat:3, Licht: 0,114909,3,3,5,06,15,6,,0,1,1,0,0,0,0
"POINT (8.386483690000000 49.004306511000003)",Unfall 114919 (2016) Kat:3, Licht: 0,114919,3,6,3,06,11,3,,0,0,1,0,0,0,0
"POINT (8.389781830000000 49.010247737000000)",Unfall 114921 (2016) Kat:3, Licht: 0,114921,3,4,6,06,13,6,,0,0,1,1,0,0,0
"POINT (8.346133163999999 49.013472458999999)",Unfall 114956 (2016) Kat:1, Licht: 0,114956,1,3,5,06,06,2,,0,1,0,0,0,1,0
"POINT (8.344802976000000 48.993699178999996)",Unfall 114959 (2016) Kat:3, Licht: 0,114959,3,3,5,07,18,2,,0,1,1,0,0,0,0
"POINT (8.374894554000001 49.011046780999997)",Unfall 114961 (2016) Kat:2, Licht: 0,114961,2,4,6,07,10,6,,0,1,0,1,0,0,0
"POINT (8.408292694000000 49.011038784000000)",Unfall 114974 (2016) Kat:3, Licht: 0,114974,3,2,5,06,13,5,,0,1,1,0,0,0,0
"POINT (8.396864837000001 48.999835404999999)",Unfall 114986 (2016) Kat:3, Licht: 0,114986,3,3,5,07,17,2,,0,1,0,0,0,0,1
"POINT (8.386044517000000 49.027346051000002)",Unfall 114998 (2016) Kat:3, Licht: 0,114998,3,3,5,07,09,2,,0,0,1,0,0,0,0
"POINT (8.458789763000000 48.997198574000002)",Unfall 115080 (2016) Kat:3, Licht: 0,115080,3,3,5,07,20,6,,0,1,1,0,0,0,0
"POINT (8.384619059000000 49.018673339999999)",Unfall 115153 (2016) Kat:3, Licht: 0,115153,3,5,1,07,15,1,,0,1,1,0,0,0,0
"POINT (8.375322521999999 49.016845670000002)",Unfall 115159 (2016) Kat:3, Licht: 0,115159,3,7,5,07,20,2,,0,0,1,0,1,0,0
"POINT (8.333037335000000 49.024582627999997)",Unfall 115187 (2016) Kat:3, Licht: 0,115187,3,6,4,07,13,7,,0,0,1,0,0,0,0
"POINT (8.362401695000001 49.011316786999998)",Unfall 115202 (2016) Kat:3, Licht: 0,115202,3,6,2,07,10,3,,0,0,1,0,0,0,0
"POINT (8.356208891000000 49.024420184999997)",Unfall 115235 (2016) Kat:3, Licht: 0,115235,3,3,5,07,16,5,,0,0,1,0,1,0,0
"POINT (8.399841083000000 48.991395341999997)",Unfall 115237 (2016) Kat:3, Licht: 0,115237,3,7,5,07,12,5,,0,0,1,0,0,0,0
"POINT (8.389699912999999 49.009201202000000)",Unfall 115240 (2016) Kat:3, Licht: 0,115240,3,5,1,07,13,5,,0,1,0,0,0,0,1
"POINT (8.387650996000000 49.019464859999999)",Unfall 115256 (2016) Kat:3, Licht: 0,115256,3,7,0,07,13,1,,0,1,0,0,0,0,0
"POINT (8.433077003999999 49.036681367000000)",Unfall 115273 (2016) Kat:3, Licht: 0,115273,3,6,2,07,09,7,,0,0,1,0,0,0,0
"POINT (8.376026835999999 49.006181652000002)",Unfall 115277 (2016) Kat:3, Licht: 0,115277,3,3,5,07,12,6,,0,0,1,0,0,0,0
"POINT (8.364946172000000 49.030780129999997)",Unfall 115288 (2016) Kat:3, Licht: 0,115288,3,2,0,07,07,6,,0,1,0,0,0,0,0
"POINT (8.399264641000000 49.008259766000002)",Unfall 115293 (2016) Kat:3, Licht: 2,115293,3,7,0,07,00,1,,2,1,0,0,0,0,0
"POINT (8.377627348000001 48.997463670999998)",Unfall 115296 (2016) Kat:3, Licht: 0,115296,3,7,0,07,10,6,,0,1,0,0,0,0,0
"POINT (8.389340288000000 49.014594909000003)",Unfall 115300 (2016) Kat:3, Licht: 0,115300,3,3,5,07,08,6,,0,0,1,0,1,0,0
"POINT (8.425164452000001 49.014408715000002)",Unfall 115303 (2016) Kat:3, Licht: 0,115303,3,3,5,07,14,6,,0,1,0,0,0,0,0
"POINT (8.371766841000000 49.007271207999999)",Unfall 115314 (2016) Kat:3, Licht: 0,115314,3,2,3,07,12,7,,0,1,1,0,0,0,0
"POINT (8.408790669000000 48.966503174000003)",Unfall 115318 (2016) Kat:3, Licht: 0,115318,3,3,5,07,09,7,,0,1,1,0,0,0,0
"POINT (8.322230626000000 49.005654061000001)",Unfall 115319 (2016) Kat:2, Licht: 0,115319,2,2,6,07,07,4,,0,0,1,1,0,0,0
"POINT (8.440213059000000 49.006546700999998)",Unfall 115329 (2016) Kat:2, Licht: 0,115329,2,2,5,07,11,4,,0,1,0,0,0,1,0
"POINT (8.487637611000000 48.999149357999997)",Unfall 115380 (2016) Kat:3, Licht: 2,115380,3,6,0,07,01,7,,2,0,1,0,1,0,0
"POINT (8.360102961000001 49.014442092000003)",Unfall 115391 (2016) Kat:3, Licht: 0,115391,3,7,5,07,10,4,,0,1,1,0,0,0,0
"POINT (8.449338135000000 48.995809385000001)",Unfall 115392 (2016) Kat:3, Licht: 0,115392,3,2,5,07,17,5,,0,0,1,0,0,0,0
"POINT (8.458791636000001 48.997203759000001)",Unfall 115399 (2016) Kat:3, Licht: 0,115399,3,3,5,07,09,5,,0,1,1,0,0,0,0
"POINT (8.412995296000000 48.997648064000003)",Unfall 115415 (2016) Kat:3, Licht: 0,115415,3,4,6,07,09,7,,0,0,1,1,0,0,0
"POINT (8.464259073999999 48.999958034999999)",Unfall 115432 (2016) Kat:3, Licht: 0,115432,3,3,5,07,17,6,,0,0,1,0,1,0,0
"POINT (8.418758704000000 49.009526776999998)",Unfall 115440 (2016) Kat:3, Licht: 0,115440,3,6,2,07,11,6,,0,0,1,0,0,0,1
"POINT (8.385440888000000 49.052343495999999)",Unfall 115462 (2016) Kat:3, Licht: 2,115462,3,7,1,07,00,6,,2,0,1,0,0,0,1
"POINT (8.413383725999999 49.004506204999998)",Unfall 115493 (2016) Kat:3, Licht: 0,115493,3,1,0,07,18,4,,0,1,0,0,0,0,0
"POINT (8.395684587000000 48.988930191000001)",Unfall 115500 (2016) Kat:3, Licht: 0,115500,3,6,2,07,09,4,,0,1,1,0,0,0,0
"POINT (8.404087753000001 49.008926369999998)",Unfall 115535 (2016) Kat:3, Licht: 0,115535,3,7,6,07,15,6,,0,1,0,1,0,0,0
"POINT (8.426724577000000 49.023241999000000)",Unfall 115576 (2016) Kat:3, Licht: 0,115576,3,6,2,07,12,6,,0,0,1,0,0,0,0
"POINT (8.362319741000000 49.016076147000000)",Unfall 115586 (2016) Kat:2, Licht: 0,115586,2,4,6,07,09,4,,0,0,0,1,0,0,1
"POINT (8.381369745000001 49.013771409999997)",Unfall 115595 (2016) Kat:2, Licht: 0,115595,2,7,0,07,12,3,,0,0,0,0,0,0,1
"POINT (8.410665583000000 48.998298484000003)",Unfall 115596 (2016) Kat:3, Licht: 0,115596,3,3,5,07,17,4,,0,0,1,0,0,0,0
"POINT (8.454172084000000 49.027349616000002)",Unfall 115597 (2016) Kat:3, Licht: 0,115597,3,6,1,07,11,5,,0,1,1,0,0,0,0