WKT,Name,OBJECTID,UKATEGORIE,UTYP1,UART,UMONAT,USTUNDE,UWOCHENTAG,STRZUSTAND,ULICHTVERH,ISTRAD,ISTPKW,ISTFUSS,ISTKRAD,ISTGKFZ,ISTSONSTIG
"POINT (8.406930452999999 48.995895005000001)",Unfall 115598 (2016) Kat:3, Licht: 0,115598,3,3,1,07,15,2,,0,1,1,0,0,0,0
"POINT (8.357379272999999 49.014937386000000)",Unfall 115601 (2016) Kat:3, Licht: 0,115601,3,7,6,07,09,2,,0,0,1,1,0,0,0
"POINT (8.391822468000001 49.010153590000002)",Unfall 115608 (2016) Kat:3, Licht: 1,115608,3,2,6,07,21,3,,1,0,1,1,0,0,0
"POINT (8.420453027000001 49.023094301000000)",Unfall 115610 (2016) Kat:3, Licht: 0,115610,3,1,0,07,17,2,,0,1,0,0,0,0,0
"POINT (8.343780030000000 49.019213530999998)",Unfall 115684 (2016) Kat:2, Licht: 0,115684,2,2,3,07,13,5,,0,0,1,0,0,0,0
"POINT (8.361478563000000 49.011385154999999)",Unfall 115688 (2016) Kat:3, Licht: 0,115688,3,6,2,07,09,3,,0,0,1,0,0,0,0
"POINT (8.430885890000001 49.013252049999998)",Unfall 115693 (2016) Kat:3, Licht: 0,115693,3,2,5,07,10,5,,0,1,0,0,0,0,1
"POINT (8.461374930000000 48.996106842000003)",Unfall 115695 (2016) Kat:3, Licht: 0,115695,3,3,5,07,19,3,,0,1,0,0,0,0,1
"POINT (8.464440993000000 49.000125154999999)",Unfall 115700 (2016) Kat:3, Licht: 0,115700,3,6,2,07,15,3,,0,1,1,0,0,0,0
"POINT (8.404006011000000 48.980670068999999)",Unfall 115755 (2016) Kat:3, Licht: 0,115755,3,6,3,07,13,4,,0,1,0,0,0,0,0
"POINT (8.405486744999999 49.008318391000003)",Unfall 115803 (2016) Kat:3, Licht: 0,115803,3,3,0,07,07,4,,0,1,0,0,0,0,1
"POINT (8.462368326000000 48.999507364000003)",Unfall 115814 (2016) Kat:3, Licht: 0,115814,3,7,0,07,18,3,,0,1,0,0,0,0,0
"POINT (8.460539374000000 49.042669603000000)",Unfall 115819 (2016) Kat:2, Licht: 0,115819,2,1,0,07,10,1,,0,1,0,0,0,0,0
"POINT (8.407629835000000 49.011503892999997)",Unfall 115824 (2016) Kat:3, Licht: 0,115824,3,2,5,07,18,7,,0,0,1,0,1,0,0
"POINT (8.478742152000001 49.003318090000000)",Unfall 115825 (2016) Kat:3, Licht: 2,115825,3,6,2,07,23,1,,2,0,1,0,0,0,0
"POINT (8.359590425000000 49.010506538000001)",Unfall 115829 (2016) Kat:2, Licht: 0,115829,2,3,5,07,13,2,,0,1,1,0,0,0,0
"POINT (8.405746011000000 49.007195926999998)",Unfall 115834 (2016) Kat:3, Licht: 2,115834,3,7,0,07,04,7,,2,1,0,0,0,0,0
"POINT (8.318724349000000 49.044809391999998)",Unfall 115836 (2016) Kat:2, Licht: 0,115836,2,6,2,07,13,2,,0,0,1,0,0,1,0
"POINT (8.347085968000000 48.997718433999999)",Unfall 115859 (2016) Kat:3, Licht: 0,115859,3,3,5,07,17,2,,0,1,1,0,0,0,0
"POINT (8.401839964000001 49.010520022999998)",Unfall 115860 (2016) Kat:2, Licht: 2,115860,2,2,5,07,23,1,,2,1,0,0,0,0,0
"POINT (8.300801931000001 48.998183326000003)",Unfall 115870 (2016) Kat:3, Licht: 0,115870,3,7,0,07,20,4,,0,1,0,0,0,0,0
"POINT (8.339227788000001 49.006410733999999)",Unfall 115876 (2016) Kat:3, Licht: 1,115876,3,7,2,07,21,7,,1,1,1,0,0,0,0
"POINT (8.403779187000000 49.005607677000000)",Unfall 115877 (2016) Kat:3, Licht: 1,115877,3,1,0,07,21,7,,1,0,0,0,1,0,0
"POINT (8.406418614000000 49.010362231999999)",Unfall 115922 (2016) Kat:3, Licht: 0,115922,3,5,1,07,08,2,,0,1,1,0,0,0,0
"POINT (8.357712350000000 49.002835382999997)",Unfall 115961 (2016) Kat:3, Licht: 0,115961,3,6,2,07,20,2,,0,1,0,0,0,0,0
"POINT (8.390291247000000 48.996149985999999)",Unfall 115970 (2016) Kat:3, Licht: 0,115970,3,3,5,07,17,4,,0,0,1,0,0,0,0
"POINT (8.423993297999999 49.007553109000000)",Unfall 115988 (2016) Kat:3, Licht: 0,115988,3,2,5,07,18,2,,0,1,1,0,0,0,0
"POINT (8.359573680000001 49.010516881000001)",Unfall 115997 (2016) Kat:3, Licht: 0,115997,3,3,5,07,18,3,,0,1,1,0,0,0,0
"POINT (8.317916060000000 49.008098037000003)",Unfall 116026 (2016) Kat:3, Licht: 0,116026,3,5,1,07,16,5,,0,1,1,0,0,0,0
"POINT (8.354575294000000 49.009879488999999)",Unfall 116034 (2016) Kat:3, Licht: 0,116034,3,2,5,07,17,5,,0,0,1,0,1,0,0
"POINT (8.383650736000000 49.010649350999998)",Unfall 116058 (2016) Kat:3, Licht: 0,116058,3,7,6,07,14,7,,0,0,0,1,0,0,1
"POINT (8.365767260000000 49.003921464999998)",Unfall 116060 (2016) Kat:3, Licht: 0,116060,3,2,5,07,18,7,,0,1,1,0,0,0,0
"POINT (8.391852663000000 49.010152202000000)",Unfall 116075 (2016) Kat:3, Licht: 0,116075,3,6,3,07,12,6,,0,1,1,0,0,0,0
"POINT (8.394902546000001 49.007732773999997)",Unfall 116089 (2016) Kat:3, Licht: 0,116089,3,6,2,07,12,2,,0,0,1,0,0,0,0
"POINT (8.432643599000000 48.996640106000001)",Unfall 116104 (2016) Kat:3, Licht: 2,116104,3,6,0,07,01,1,,2,1,0,0,0,0,1
"POINT (8.457920291000001 48.977819650000001)",Unfall 116130 (2016) Kat:3, Licht: 0,116130,3,3,5,07,17,5,,0,0,1,0,0,0,0
"POINT (8.356230155000000 49.006183876999998)",Unfall 116146 (2016) Kat:3, Licht: 0,116146,3,5,1,07,08,7,,0,0,1,0,0,0,1
"POINT (8.410510812000000 49.000706088000001)",Unfall 116158 (2016) Kat:3, Licht: 0,116158,3,4,6,07,09,5,,0,0,0,1,0,0,1
"POINT (8.381556945000000 48.998845758000002)",Unfall 116162 (2016) Kat:3, Licht: 0,116162,3,2,0,07,11,6,,0,0,1,0,1,0,0
"POINT (8.341272247999999 49.018493929999998)",Unfall 116166 (2016) Kat:3, Licht: 0,116166,3,1,0,07,20,6,,0,1,0,0,0,0,0
"POINT (8.412776123000000 49.007637832000000)",Unfall 116168 (2016) Kat:3, Licht: 0,116168,3,6,4,07,17,5,,0,1,0,0,0,0,0
"POINT (8.393536901999999 49.006225895999997)",Unfall 116192 (2016) Kat:3, Licht: 0,116192,3,2,5,07,09,2,,0,1,0,0,1,0,0
"POINT (8.375137720000000 49.006434744000003)",Unfall 116222 (2016) Kat:3, Licht: 0,116222,3,6,2,07,13,2,,0,0,1,0,0,0,1
"POINT (8.393324408000000 49.008489961999999)",Unfall 116239 (2016) Kat:2, Licht: 2,116239,2,7,0,07,01,1,,2,1,0,0,0,0,0
"POINT (8.450597760000001 49.009892270000002)",Unfall 116262 (2016) Kat:3, Licht: 0,116262,3,2,2,07,15,6,,0,0,1,0,1,0,0
"POINT (8.390287362000001 49.009413430999999)",Unfall 116269 (2016) Kat:3, Licht: 0,116269,3,6,2,07,19,4,,0,1,0,0,0,0,0
"POINT (8.408456360000001 49.023645995999999)",Unfall 116278 (2016) Kat:3, Licht: 0,116278,3,3,5,07,18,4,,0,1,0,0,0,0,0
"POINT (8.374428966000000 49.011116827000002)",Unfall 116334 (2016) Kat:3, Licht: 0,116334,3,7,0,07,18,5,,0,1,0,0,0,0,0
"POINT (8.370626026000000 49.039001372999998)",Unfall 116352 (2016) Kat:3, Licht: 0,116352,3,3,5,07,08,6,,0,0,1,0,0,0,0
"POINT (8.346578968999999 49.029859430000002)",Unfall 116389 (2016) Kat:3, Licht: 0,116389,3,2,5,07,14,3,,0,1,0,0,1,0,0
"POINT (8.401383522000000 49.009709354999998)",Unfall 116396 (2016) Kat:3, Licht: 0,116396,3,7,0,07,20,3,,0,1,0,0,0,0,0
"POINT (8.374740729999999 49.010741471999999)",Unfall 116454 (2016) Kat:3, Licht: 0,116454,3,6,3,07,15,6,,0,0,1,0,1,0,0
"POINT (8.440821210999999 49.043269055000003)",Unfall 116496 (2016) Kat:3, Licht: 0,116496,3,3,5,07,12,3,,0,0,1,0,0,0,0
"POINT (8.401508355000001 49.007570526000002)",Unfall 116498 (2016) Kat:3, Licht: 0,116498,3,3,5,07,10,7,,0,1,1,0,0,0,0
"POINT (8.374776087000001 49.010841241000001)",Unfall 116506 (2016) Kat:3, Licht: 0,116506,3,6,2,07,15,6,,0,0,1,0,0,0,0
"POINT (8.405537016000000 49.003671803000003)",Unfall 116561 (2016) Kat:3, Licht: 0,116561,3,4,6,08,09,3,,0,1,0,1,0,0,0
"POINT (8.348918385999999 49.000008643000001)",Unfall 116628 (2016) Kat:3, Licht: 0,116628,3,3,5,08,17,5,,0,1,1,0,0,0,0
"POINT (8.374611088000000 49.036408360000003)",Unfall 116636 (2016) Kat:3, Licht: 0,116636,3,7,0,08,06,2,,0,0,0,0,1,0,0
"POINT (8.440114945000000 49.006565240999997)",Unfall 116641 (2016) Kat:3, Licht: 0,116641,3,3,5,08,09,5,,0,0,1,0,0,0,0
"POINT (8.414937382000000 49.003957385000000)",Unfall 116649 (2016) Kat:3, Licht: 0,116649,3,2,5,08,14,4,,0,1,0,0,0,0,0
"POINT (8.391804936000000 48.990992216999999)",Unfall 116706 (2016) Kat:3, Licht: 0,116706,3,6,3,07,14,1,,0,1,0,0,0,0,0
"POINT (8.408985995000000 48.996058728000001)",Unfall 116813 (2016) Kat:3, Licht: 0,116813,3,7,0,08,08,3,,0,1,1,0,0,0,0
"POINT (8.411175921000000 48.997121874999998)",Unfall 116824 (2016) Kat:2, Licht: 0,116824,2,6,6,08,10,2,,0,1,0,1,0,0,0
"POINT (8.405855968999999 48.992760546000000)",Unfall 116829 (2016) Kat:3, Licht: 0,116829,3,2,5,08,11,2,,0,1,1,0,0,0,0
"POINT (8.362152374000001 49.010673369000003)",Unfall 116841 (2016) Kat:2, Licht: 0,116841,2,3,1,08,09,5,,0,1,0,0,0,0,0
"POINT (8.348576870000001 49.011822608999999)",Unfall 116852 (2016) Kat:2, Licht: 1,116852,2,1,8,08,20,6,,1,0,0,0,1,0,0
"POINT (8.463859557999999 49.018742164999999)",Unfall 116873 (2016) Kat:3, Licht: 0,116873,3,3,5,08,14,7,,0,1,1,0,0,0,0
"POINT (8.340802482000001 48.996438007999998)",Unfall 116877 (2016) Kat:3, Licht: 0,116877,3,3,5,08,19,6,,0,0,1,0,0,0,0
"POINT (8.336568802000000 49.004661527000003)",Unfall 116884 (2016) Kat:3, Licht: 2,116884,3,3,5,08,04,5,,2,0,1,0,0,0,0
"POINT (8.386365657000001 49.051638236000002)",Unfall 116894 (2016) Kat:3, Licht: 0,116894,3,2,5,08,08,5,,0,1,1,0,0,0,0
"POINT (8.384012881000000 49.022114451000000)",Unfall 116942 (2016) Kat:2, Licht: 0,116942,2,5,1,08,17,5,,0,1,1,0,0,0,0
"POINT (8.341381379000000 48.996050511000000)",Unfall 116985 (2016) Kat:3, Licht: 0,116985,3,3,5,08,14,6,,0,1,1,0,0,0,0
"POINT (8.442487213000000 49.004436177999999)",Unfall 116988 (2016) Kat:3, Licht: 0,116988,3,7,0,08,12,5,,0,0,0,0,1,0,0
"POINT (8.400069280000000 49.011389530999999)",Unfall 117004 (2016) Kat:3, Licht: 0,117004,3,2,5,08,11,3,,0,1,0,0,1,0,0
"POINT (8.460732621000000 49.037162522000003)",Unfall 117006 (2016) Kat:3, Licht: 2,117006,3,7,0,08,21,1,,2,0,1,0,1,0,1
"POINT (8.411599482000000 48.996078177999998)",Unfall 117028 (2016) Kat:2, Licht: 0,117028,2,7,9,08,09,2,,0,1,0,0,0,0,0
"POINT (8.393481864000000 49.007639445999999)",Unfall 117031 (2016) Kat:3, Licht: 0,117031,3,7,1,08,11,7,,0,1,1,1,0,0,0
"POINT (8.374802022000001 49.010973802000002)",Unfall 117130 (2016) Kat:3, Licht: 0,117130,3,1,0,08,18,7,,0,1,0,0,0,0,0
"POINT (8.473509651000001 48.996317660000003)",Unfall 117143 (2016) Kat:3, Licht: 2,117143,3,5,1,08,20,2,,2,1,1,0,0,0,0
"POINT (8.404790931999999 49.010154780999997)",Unfall 117166 (2016) Kat:3, Licht: 0,117166,3,5,1,08,10,3,,0,1,1,0,0,0,0
"POINT (8.453412729000000 48.996237506999996)",Unfall 117167 (2016) Kat:3, Licht: 0,117167,3,6,2,08,15,3,,0,0,1,0,0,0,0
"POINT (8.375247120999999 49.049519818999997)",Unfall 117199 (2016) Kat:3, Licht: 0,117199,3,3,5,08,10,2,,0,1,1,0,0,0,0
"POINT (8.373480637000000 49.030411422000000)",Unfall 117207 (2016) Kat:3, Licht: 2,117207,3,3,5,08,00,2,,2,1,1,0,0,0,0
"POINT (8.394888177000000 49.007818327999999)",Unfall 117215 (2016) Kat:3, Licht: 0,117215,3,6,3,08,12,2,,0,1,1,0,0,0,0
"POINT (8.443289038000000 49.005970982000001)",Unfall 117218 (2016) Kat:3, Licht: 0,117218,3,2,5,08,17,4,,0,0,1,0,0,0,0
"POINT (8.480709553000001 48.947683335999997)",Unfall 117224 (2016) Kat:3, Licht: 0,117224,3,7,7,08,08,2,,0,1,0,0,0,0,1
"POINT (8.372344273000000 48.982413800000003)",Unfall 117244 (2016) Kat:3, Licht: 0,117244,3,3,5,08,08,4,,0,1,1,0,0,0,0
"POINT (8.371753421999999 49.007274780000003)",Unfall 117250 (2016) Kat:3, Licht: 0,117250,3,2,5,08,07,6,,0,1,1,0,0,0,0
"POINT (8.390850825999999 49.007115904000003)",Unfall 117254 (2016) Kat:3, Licht: 2,117254,3,5,1,08,03,7,,2,1,1,0,0,0,0
"POINT (8.386478459999999 49.010370579000003)",Unfall 117257 (2016) Kat:3, Licht: 0,117257,3,3,5,08,18,4,,0,1,1,0,0,0,0
"POINT (8.385051047999999 49.007737308999999)",Unfall 117307 (2016) Kat:3, Licht: 0,117307,3,3,0,08,15,6,,0,1,1,0,0,0,0
"POINT (8.445469385000001 49.009848490000003)",Unfall 117317 (2016) Kat:3, Licht: 0,117317,3,5,1,08,17,6,,0,0,1,0,1,0,0
"POINT (8.373271925999999 48.982462877000003)",Unfall 117369 (2016) Kat:2, Licht: 0,117369,2,2,5,08,09,6,,0,1,1,0,0,0,0
"POINT (8.404458452000000 49.024245671000003)",Unfall 117398 (2016) Kat:3, Licht: 0,117398,3,7,0,08,18,3,,0,1,0,0,0,0,0
"POINT (8.402958518000000 49.001560562000002)",Unfall 117445 (2016) Kat:3, Licht: 2,117445,3,7,0,08,01,7,,2,1,0,0,0,0,0
"POINT (8.458786587000001 48.997189783000003)",Unfall 117474 (2016) Kat:3, Licht: 0,117474,3,3,5,08,12,4,,0,1,1,0,0,0,0
"POINT (8.378695622000000 49.015035283000003)",Unfall 117519 (2016) Kat:3, Licht: 0,117519,3,3,5,08,15,5,,0,1,1,0,0,0,0
"POINT (8.374520057000000 49.015205717000001)",Unfall 117539 (2016) Kat:3, Licht: 0,117539,3,6,0,08,16,6,,0,0,0,0,1,0,0
"POINT (8.366165125000000 49.030740620000003)",Unfall 117575 (2016) Kat:3, Licht: 0,117575,3,2,5,08,10,3,,0,1,0,0,0,0,1
"POINT (8.360087875000000 49.014414420000001)",Unfall 117657 (2016) Kat:3, Licht: 0,117657,3,3,5,08,09,4,,0,1,1,0,0,0,0
"POINT (8.430846412999999 49.032368935999997)",Unfall 117693 (2016) Kat:3, Licht: 0,117693,3,2,5,09,10,6,,0,0,1,0,0,0,0
"POINT (8.386176203000000 49.045949323000002)",Unfall 117697 (2016) Kat:3, Licht: 0,117697,3,7,0,09,07,6,,0,1,0,0,0,0,1
"POINT (8.391524229000000 49.007863290000003)",Unfall 117706 (2016) Kat:3, Licht: 0,117706,3,3,5,09,12,6,,0,1,0,0,0,0,0
"POINT (8.437638646000000 49.032943175000000)",Unfall 117724 (2016) Kat:3, Licht: 0,117724,3,3,5,09,07,6,,0,1,1,0,0,0,0
"POINT (8.389751752000001 49.010229136000000)",Unfall 117729 (2016) Kat:3, Licht: 0,117729,3,2,0,09,12,6,,0,0,1,0,0,0,1
"POINT (8.374949765000000 49.013605147000000)",Unfall 117737 (2016) Kat:3, Licht: 0,117737,3,2,5,09,15,6,,0,1,1,0,0,0,0
"POINT (8.393468304000001 49.010039368999998)",Unfall 117739 (2016) Kat:3, Licht: 0,117739,3,3,5,08,10,3,,0,1,0,0,0,0,0
"POINT (8.332025034000001 49.001129380999998)",Unfall 117745 (2016) Kat:3, Licht: 0,117745,3,3,5,08,19,4,,0,1,0,0,0,0,0
"POINT (8.389355300000000 49.003557604999997)",Unfall 117749 (2016) Kat:3, Licht: 2,117749,3,3,5,08,21,3,,2,1,0,0,0,0,0
"POINT (8.457295332999999 48.989396407999998)",Unfall 117759 (2016) Kat:3, Licht: 0,117759,3,7,6,08,11,4,,0,1,0,1,0,0,0
"POINT (8.382581118999999 49.046948977000000)",Unfall 117781 (2016) Kat:3, Licht: 2,117781,3,7,0,09,23,7,,2,1,0,0,0,0,0
"POINT (8.380524414000000 48.996304391000002)",Unfall 117821 (2016) Kat:3, Licht: 0,117821,3,3,5,08,17,2,,0,0,1,0,0,0,0
"POINT (8.398273914000001 49.005667584000001)",Unfall 117825 (2016) Kat:3, Licht: 0,117825,3,2,2,08,17,2,,0,0,1,0,0,0,0
"POINT (8.456448860000000 48.978859145000001)",Unfall 117829 (2016) Kat:3, Licht: 0,117829,3,3,5,08,10,3,,0,1,0,0,0,0,1
"POINT (8.407172157000000 49.008601738999999)",Unfall 117845 (2016) Kat:3, Licht: 0,117845,3,7,6,09,11,4,,0,0,1,1,0,0,0
"POINT (8.433210638000000 49.010347551000002)",Unfall 117893 (2016) Kat:3, Licht: 0,117893,3,5,1,09,14,6,,0,1,1,0,0,0,0
"POINT (8.374793562000001 49.010929478000001)",Unfall 117909 (2016) Kat:3, Licht: 0,117909,3,2,2,09,11,3,,0,0,1,0,0,0,0
"POINT (8.363701939000000 49.027423327000001)",Unfall 117927 (2016) Kat:3, Licht: 0,117927,3,3,5,09,16,4,,0,1,1,0,0,0,0
"POINT (8.360641525000000 49.016550602000002)",Unfall 117938 (2016) Kat:3, Licht: 0,117938,3,3,5,09,13,4,,0,1,1,0,0,0,0
"POINT (8.406532283000001 48.992873832999997)",Unfall 117946 (2016) Kat:3, Licht: 0,117946,3,6,2,09,08,6,,0,0,1,0,1,0,0
"POINT (8.404741092000000 48.994730353000001)",Unfall 117949 (2016) Kat:3, Licht: 0,117949,3,6,2,09,15,6,,0,0,1,0,0,0,0
"POINT (8.421372549000001 49.023705772000000)",Unfall 117951 (2016) Kat:3, Licht: 0,117951,3,6,2,09,18,5,,0,0,1,0,0,0,0
"POINT (8.446716164000000 48.996285133999997)",Unfall 117957 (2016) Kat:3, Licht: 0,117957,3,2,5,09,07,5,,0,1,0,0,0,0,1
"POINT (8.455648421999999 48.996594234000000)",Unfall 117961 (2016) Kat:3, Licht: 0,117961,3,2,5,09,14,5,,0,1,1,0,0,0,0
"POINT (8.349815706999999 49.014605234999998)",Unfall 118022 (2016) Kat:3, Licht: 0,118022,3,7,2,09,11,2,,0,0,1,0,0,0,0
"POINT (8.396116368000000 49.016629193000000)",Unfall 118035 (2016) Kat:3, Licht: 0,118035,3,7,0,09,12,5,,0,0,1,0,0,0,0
"POINT (8.409969592000000 49.009138526999998)",Unfall 118039 (2016) Kat:3, Licht: 2,118039,3,6,2,09,00,5,,2,0,1,0,0,0,0
"POINT (8.380862500999999 49.010545319999999)",Unfall 118088 (2016) Kat:3, Licht: 0,118088,3,6,4,09,16,4,,0,1,0,0,0,0,0
"POINT (8.385915315000000 49.010595221000003)",Unfall 118108 (2016) Kat:3, Licht: 0,118108,3,3,5,09,11,4,,0,1,1,0,0,0,0
"POINT (8.365247796000000 49.027735972999999)",Unfall 118112 (2016) Kat:3, Licht: 0,118112,3,5,1,09,11,2,,0,1,1,0,0,0,0
"POINT (8.413188486999999 49.006987244000001)",Unfall 118152 (2016) Kat:3, Licht: 0,118152,3,2,5,09,19,2,,0,1,1,0,0,0,0
"POINT (8.436688983000000 48.990752925999999)",Unfall 118155 (2016) Kat:3, Licht: 0,118155,3,6,2,09,08,3,,0,0,1,0,0,0,0
"POINT (8.389674840000000 49.007504976000000)",Unfall 118173 (2016) Kat:2, Licht: 0,118173,2,3,5,09,08,5,,0,1,0,0,0,0,0
"POINT (8.388475343000000 49.007588515999998)",Unfall 118179 (2016) Kat:3, Licht: 0,118179,3,5,1,09,14,4,,0,1,1,0,0,0,0
"POINT (8.363494777000000 49.002089792000000)",Unfall 118213 (2016) Kat:2, Licht: 0,118213,2,7,0,09,15,5,,0,1,0,0,0,0,0
"POINT (8.472058169000000 49.001469935000003)",Unfall 118220 (2016) Kat:3, Licht: 0,118220,3,7,0,09,15,1,,0,1,0,0,0,0,0
"POINT (8.333496443000000 49.040450331999999)",Unfall 118240 (2016) Kat:3, Licht: 1,118240,3,3,5,09,20,3,,1,1,1,0,0,0,0
"POINT (8.438818590000000 49.006810215000002)",Unfall 118244 (2016) Kat:3, Licht: 0,118244,3,3,5,09,07,4,,0,1,1,0,0,0,0
"POINT (8.464201311000000 49.002178176999998)",Unfall 118246 (2016) Kat:3, Licht: 0,118246,3,7,0,09,16,2,,0,0,0,0,0,0,1
"POINT (8.385368084000000 49.010413434999997)",Unfall 118247 (2016) Kat:3, Licht: 0,118247,3,2,2,09,07,3,,0,1,1,0,0,0,0
"POINT (8.458197563000001 49.029121476000000)",Unfall 118250 (2016) Kat:3, Licht: 0,118250,3,3,5,09,07,4,,0,0,1,0,0,0,1
"POINT (8.375242897000000 49.062192246000002)",Unfall 118280 (2016) Kat:3, Licht: 0,118280,3,2,5,09,15,4,,0,0,1,0,0,0,0
"POINT (8.394168450000000 49.031757097000003)",Unfall 118296 (2016) Kat:3, Licht: 0,118296,3,3,0,09,08,4,,0,0,1,0,1,0,0
"POINT (8.359675641000001 48.995312777000002)",Unfall 118302 (2016) Kat:3, Licht: 0,118302,3,3,5,09,11,5,,0,0,1,0,0,0,0
"POINT (8.404466017000001 48.967474041999999)",Unfall 118321 (2016) Kat:2, Licht: 0,118321,2,7,0,09,18,2,,0,1,0,0,0,0,0
"POINT (8.477987960000000 48.999994250000000)",Unfall 118336 (2016) Kat:3, Licht: 0,118336,3,7,5,09,14,7,,0,1,1,0,0,0,0
"POINT (8.379405884000001 49.012911203000002)",Unfall 118351 (2016) Kat:3, Licht: 0,118351,3,3,5,09,13,3,,0,1,1,0,0,0,0
"POINT (8.473854673000000 48.995471744000000)",Unfall 118369 (2016) Kat:2, Licht: 0,118369,2,6,3,09,13,7,,0,1,1,0,0,0,0
"POINT (8.446272347000001 49.014085221000002)",Unfall 118399 (2016) Kat:3, Licht: 0,118399,3,3,6,09,08,3,,0,0,1,1,0,0,0
"POINT (8.364036389000001 49.038603432999999)",Unfall 118411 (2016) Kat:3, Licht: 0,118411,3,7,3,09,07,6,,0,1,0,0,0,0,1
"POINT (8.404054986000000 48.966162054000002)",Unfall 118417 (2016) Kat:3, Licht: 0,118417,3,5,1,09,17,6,,0,1,1,0,0,0,0
"POINT (8.394673955000000 49.006918124999999)",Unfall 118448 (2016) Kat:3, Licht: 0,118448,3,5,1,09,18,2,,0,1,1,0,0,0,0
"POINT (8.398009459000001 49.002403018999999)",Unfall 118457 (2016) Kat:3, Licht: 0,118457,3,3,0,09,17,6,,0,0,0,0,1,0,1
"POINT (8.498048590000000 49.004325753000003)",Unfall 118468 (2016) Kat:2, Licht: 0,118468,2,3,5,09,14,6,,0,1,1,0,0,0,0
"POINT (8.412279696000001 49.007841075000002)",Unfall 118473 (2016) Kat:3, Licht: 0,118473,3,7,1,09,13,7,,0,1,1,0,0,0,0
"POINT (8.458496566000001 48.997863246000001)",Unfall 118480 (2016) Kat:3, Licht: 0,118480,3,7,0,09,15,3,,0,0,0,1,0,0,1
"POINT (8.397799754999999 48.984870870000002)",Unfall 118493 (2016) Kat:3, Licht: 0,118493,3,3,5,09,11,6,,0,1,1,0,0,0,0
"POINT (8.367895640000000 49.008323169000001)",Unfall 118503 (2016) Kat:3, Licht: 0,118503,3,3,5,09,15,3,,0,0,1,0,0,0,1
"POINT (8.396894852999999 49.023364876999999)",Unfall 118510 (2016) Kat:3, Licht: 0,118510,3,3,5,09,15,1,,0,0,1,0,0,0,0
"POINT (8.468167956000000 48.999355454000003)",Unfall 118519 (2016) Kat:2, Licht: 2,118519,2,7,0,09,00,1,,2,1,0,0,0,0,0
"POINT (8.460135738000000 49.035225416999999)",Unfall 118524 (2016) Kat:3, Licht: 0,118524,3,7,0,09,11,5,,0,0,0,0,0,0,1
"POINT (8.396970745000001 49.023386948000002)",Unfall 118538 (2016) Kat:3, Licht: 0,118538,3,6,2,09,07,4,,0,0,1,0,0,0,0
"POINT (8.394170018000001 49.013073902000002)",Unfall 118557 (2016) Kat:2, Licht: 0,118557,2,3,5,09,15,6,,0,1,1,0,0,0,0
"POINT (8.403590426999999 49.005311102999997)",Unfall 118559 (2016) Kat:3, Licht: 0,118559,3,6,2,09,07,6,,0,0,1,0,0,0,1
"POINT (8.393755724000000 49.017408861000000)",Unfall 118577 (2016) Kat:3, Licht: 0,118577,3,7,1,09,12,7,,0,1,1,0,0,0,0
"POINT (8.403893126000000 48.998376675999999)",Unfall 118581 (2016) Kat:3, Licht: 0,118581,3,2,5,09,15,4,,0,1,1,0,0,0,0
"POINT (8.330499049000000 49.036930591000001)",Unfall 118584 (2016) Kat:3, Licht: 0,118584,3,3,5,09,18,3,,0,1,0,0,0,0,0
"POINT (8.470811289000000 48.955866432000001)",Unfall 118596 (2016) Kat:3, Licht: 2,118596,3,1,5,09,20,2,,2,0,0,0,1,0,1
"POINT (8.380514122999999 48.996354484999998)",Unfall 118632 (2016) Kat:2, Licht: 0,118632,2,3,5,09,08,6,,0,1,0,0,0,0,1
"POINT (8.355969414000001 49.012992795000002)",Unfall 118657 (2016) Kat:3, Licht: 0,118657,3,3,5,09,07,2,,0,1,1,0,0,0,0
"POINT (8.406201082999999 49.010313576000001)",Unfall 118697 (2016) Kat:3, Licht: 0,118697,3,4,6,09,17,3,,0,0,1,1,0,0,0
"POINT (8.375550899000000 49.019077981999999)",Unfall 118715 (2016) Kat:3, Licht: 0,118715,3,3,5,09,16,5,,0,1,1,0,0,0,0
"POINT (8.410822187999999 48.997118679000003)",Unfall 118725 (2016) Kat:3, Licht: 2,118725,3,2,3,09,00,7,,2,1,1,0,0,0,0
"POINT (8.365183884000000 49.014415587999999)",Unfall 118745 (2016) Kat:3, Licht: 0,118745,3,2,4,09,12,6,,0,1,0,0,0,0,1
"POINT (8.386131159000000 49.017215634999999)",Unfall 118751 (2016) Kat:3, Licht: 1,118751,3,7,0,09,18,2,,1,1,0,0,0,0,0
"POINT (8.385872075000000 49.024533865000002)",Unfall 118763 (2016) Kat:3, Licht: 0,118763,3,6,3,09,11,2,,0,1,1,0,0,0,0
"POINT (8.405525665000001 48.975488720000001)",Unfall 118772 (2016) Kat:2, Licht: 0,118772,2,3,5,09,12,1,,0,1,1,0,0,0,0
"POINT (8.402082520000000 48.991964574999997)",Unfall 118786 (2016) Kat:3, Licht: 0,118786,3,7,6,09,12,6,,0,0,1,1,0,0,0