WKT,Name,OBJECTID,UKATEGORIE,UTYP1,UART,UMONAT,USTUNDE,UWOCHENTAG,STRZUSTAND,ULICHTVERH,ISTRAD,ISTPKW,ISTFUSS,ISTKRAD,ISTGKFZ,ISTSONSTIG
"POINT (8.394985068000000 49.013145530999999)",Unfall 118833 (2016) Kat:3, Licht: 0,118833,3,6,6,09,08,5,,0,0,1,1,0,0,0
"POINT (8.410415284999999 49.009373478000001)",Unfall 118852 (2016) Kat:3, Licht: 2,118852,3,7,0,09,00,2,,2,1,0,0,0,0,0
"POINT (8.358940421000000 49.022778572999997)",Unfall 118892 (2016) Kat:3, Licht: 2,118892,3,4,6,09,20,4,,2,0,0,1,0,0,1
"POINT (8.391614991000001 49.010162610999998)",Unfall 118907 (2016) Kat:3, Licht: 0,118907,3,1,0,10,14,2,,0,0,0,0,1,0,0
"POINT (8.382015944999999 49.047207227000001)",Unfall 118926 (2016) Kat:3, Licht: 0,118926,3,6,1,09,11,5,,0,0,1,0,0,0,0
"POINT (8.385287334999999 49.017439543000002)",Unfall 118929 (2016) Kat:3, Licht: 0,118929,3,3,5,09,09,6,,0,1,1,0,0,0,0
"POINT (8.481747985000000 49.010755621000001)",Unfall 118932 (2016) Kat:3, Licht: 0,118932,3,2,4,09,14,4,,0,1,1,0,0,0,0
"POINT (8.388156301000000 49.004414973000003)",Unfall 118939 (2016) Kat:3, Licht: 0,118939,3,3,5,09,15,5,,0,1,0,0,0,0,0
"POINT (8.350460268000001 49.014316008999998)",Unfall 118950 (2016) Kat:2, Licht: 0,118950,2,6,3,10,14,1,,0,0,0,0,1,0,0
"POINT (8.390429589000000 48.997291595999997)",Unfall 118953 (2016) Kat:3, Licht: 0,118953,3,3,5,09,11,5,,0,1,1,0,0,0,0
"POINT (8.411704231000000 49.007667320000003)",Unfall 118961 (2016) Kat:3, Licht: 0,118961,3,3,5,10,11,1,,0,1,0,0,0,0,0
"POINT (8.425277998000000 49.007377069999997)",Unfall 118962 (2016) Kat:3, Licht: 0,118962,3,7,0,09,16,5,,0,1,0,0,0,0,0
"POINT (8.457386461000001 49.017415813000000)",Unfall 118964 (2016) Kat:3, Licht: 0,118964,3,7,0,09,18,5,,0,1,0,0,0,0,0
"POINT (8.395865453000001 49.012233506000001)",Unfall 118969 (2016) Kat:3, Licht: 0,118969,3,7,1,10,14,7,,0,0,1,0,0,0,0
"POINT (8.452186596000001 48.995879938999998)",Unfall 118975 (2016) Kat:3, Licht: 0,118975,3,2,4,09,17,5,,0,1,1,0,0,0,0
"POINT (8.483742877999999 48.966910773999999)",Unfall 118979 (2016) Kat:3, Licht: 1,118979,3,6,0,09,18,5,,1,1,0,0,0,0,1
"POINT (8.362425489000000 48.986529193999999)",Unfall 119030 (2016) Kat:3, Licht: 0,119030,3,2,4,09,08,5,,0,0,1,0,0,0,0
"POINT (8.439111303000001 48.997040603000002)",Unfall 119034 (2016) Kat:3, Licht: 0,119034,3,6,0,09,13,6,,0,0,0,0,1,0,0
"POINT (8.359676671000001 49.002479835999999)",Unfall 119041 (2016) Kat:3, Licht: 0,119041,3,2,4,09,14,5,,0,1,1,0,0,0,0
"POINT (8.344111443999999 49.007188069000001)",Unfall 119050 (2016) Kat:3, Licht: 0,119050,3,3,5,10,13,7,,0,0,1,0,0,0,0
"POINT (8.349718862000000 48.999780856000001)",Unfall 119053 (2016) Kat:3, Licht: 0,119053,3,2,3,10,16,1,,0,0,1,0,0,0,0
"POINT (8.369838087000000 49.038642308999997)",Unfall 119068 (2016) Kat:3, Licht: 0,119068,3,7,6,09,16,5,,0,1,0,1,0,0,0
"POINT (8.383553791000001 49.007808535999999)",Unfall 119074 (2016) Kat:2, Licht: 0,119074,2,6,2,10,17,7,,0,1,0,0,0,0,0
"POINT (8.385072442000000 49.010422026000001)",Unfall 119117 (2016) Kat:3, Licht: 0,119117,3,4,0,09,18,4,,0,0,0,1,0,0,1
"POINT (8.465865057000000 48.999769465000000)",Unfall 119125 (2016) Kat:2, Licht: 0,119125,2,5,0,10,10,7,,0,1,1,0,0,0,0
"POINT (8.412863721000001 49.007569238000002)",Unfall 119177 (2016) Kat:3, Licht: 0,119177,3,7,0,10,18,3,,0,1,0,0,0,0,1
"POINT (8.382010894000000 49.046499335999997)",Unfall 119196 (2016) Kat:3, Licht: 0,119196,3,3,5,10,12,7,,0,1,1,0,0,0,0
"POINT (8.386241292999999 49.012582076999998)",Unfall 119219 (2016) Kat:3, Licht: 2,119219,3,3,5,10,19,2,,2,0,1,0,0,0,0
"POINT (8.381163964000001 49.002454518999997)",Unfall 119250 (2016) Kat:3, Licht: 0,119250,3,6,2,10,07,3,,0,0,1,0,0,0,0
"POINT (8.393437863000001 48.994496171999998)",Unfall 119253 (2016) Kat:2, Licht: 0,119253,2,7,0,10,07,6,,0,1,0,0,0,0,0
"POINT (8.401809289999999 48.994712118999999)",Unfall 119266 (2016) Kat:3, Licht: 2,119266,3,7,0,10,02,1,,2,0,1,0,0,0,1
"POINT (8.410290540000000 49.005313653999998)",Unfall 119302 (2016) Kat:3, Licht: 1,119302,3,6,3,10,07,3,,1,1,1,0,0,0,0
"POINT (8.387952608000001 49.014655697000002)",Unfall 119322 (2016) Kat:3, Licht: 0,119322,3,2,5,10,12,5,,0,1,1,0,0,0,0
"POINT (8.391709335000000 48.991121571999997)",Unfall 119324 (2016) Kat:3, Licht: 2,119324,3,2,2,10,20,5,,2,1,0,0,0,0,0
"POINT (8.375353704000000 49.016844632999998)",Unfall 119328 (2016) Kat:3, Licht: 0,119328,3,3,5,10,13,3,,0,1,1,0,0,0,0
"POINT (8.381885386000000 49.010453560000002)",Unfall 119330 (2016) Kat:2, Licht: 0,119330,2,7,6,10,14,2,,0,0,0,1,0,0,1
"POINT (8.366402987000001 48.982928586000000)",Unfall 119355 (2016) Kat:3, Licht: 0,119355,3,3,5,10,08,3,,0,0,1,0,1,0,0
"POINT (8.404900348000000 48.972369309000001)",Unfall 119356 (2016) Kat:3, Licht: 0,119356,3,3,5,10,09,2,,0,1,1,0,0,0,0
"POINT (8.380962335000000 49.010604530000002)",Unfall 119359 (2016) Kat:3, Licht: 0,119359,3,4,6,10,13,3,,0,0,0,1,0,0,1
"POINT (8.404248659000000 49.008918307000002)",Unfall 119362 (2016) Kat:3, Licht: 2,119362,3,7,6,10,07,3,,2,1,0,1,0,0,0
"POINT (8.365331105999999 49.027432933000000)",Unfall 119367 (2016) Kat:3, Licht: 0,119367,3,3,5,10,07,3,,0,1,1,0,0,0,0
"POINT (8.393443349000000 49.010079054000002)",Unfall 119380 (2016) Kat:3, Licht: 1,119380,3,2,0,10,18,2,,1,0,1,0,0,0,1
"POINT (8.369515544000000 49.011292550999997)",Unfall 119383 (2016) Kat:3, Licht: 0,119383,3,6,3,10,17,3,,0,1,1,0,0,0,0
"POINT (8.382709704000000 49.007849710000002)",Unfall 119388 (2016) Kat:3, Licht: 0,119388,3,5,1,10,14,3,,0,1,1,0,0,0,0
"POINT (8.358879454000000 49.011732148999997)",Unfall 119445 (2016) Kat:3, Licht: 0,119445,3,3,5,10,18,1,,0,0,1,0,1,0,0
"POINT (8.394713902000000 49.006130249000002)",Unfall 119447 (2016) Kat:3, Licht: 0,119447,3,6,0,10,14,5,,0,0,0,0,0,0,1
"POINT (8.498186130000001 49.006458758000001)",Unfall 119449 (2016) Kat:3, Licht: 0,119449,3,7,0,10,16,2,,0,1,0,0,0,0,0
"POINT (8.371426457000000 49.007195537000001)",Unfall 119525 (2016) Kat:3, Licht: 0,119525,3,7,0,10,17,4,,0,1,1,0,0,0,0
"POINT (8.391421253000001 49.006927173000001)",Unfall 119527 (2016) Kat:3, Licht: 0,119527,3,3,5,10,08,4,,0,1,1,0,0,0,0
"POINT (8.417714804999999 49.009775380999997)",Unfall 119548 (2016) Kat:3, Licht: 2,119548,3,3,5,10,21,7,,2,1,0,0,0,0,1
"POINT (8.458740309000000 49.030821246000002)",Unfall 119633 (2016) Kat:3, Licht: 0,119633,3,3,5,10,13,6,,0,1,1,0,0,0,0
"POINT (8.430555705000000 49.028962983000000)",Unfall 119649 (2016) Kat:3, Licht: 1,119649,3,3,5,10,07,4,,1,0,1,0,1,0,0
"POINT (8.410539037000000 49.004705444000003)",Unfall 119668 (2016) Kat:3, Licht: 0,119668,3,4,6,10,13,2,,0,0,0,1,0,0,1
"POINT (8.478631846000001 49.002690393999998)",Unfall 119693 (2016) Kat:3, Licht: 1,119693,3,3,5,10,19,2,,1,1,1,0,0,0,0
"POINT (8.375159777000000 49.015182178000003)",Unfall 119732 (2016) Kat:3, Licht: 0,119732,3,2,5,10,14,4,,0,0,1,0,0,0,0
"POINT (8.423447789000001 49.024874875000002)",Unfall 119734 (2016) Kat:3, Licht: 2,119734,3,6,1,10,00,5,,2,0,1,0,0,0,0
"POINT (8.414808538000001 49.007612918000000)",Unfall 119750 (2016) Kat:3, Licht: 2,119750,3,7,1,10,22,7,,2,1,1,0,0,0,0
"POINT (8.396820037000000 48.993055083000002)",Unfall 119782 (2016) Kat:3, Licht: 0,119782,3,7,0,10,12,6,,0,1,1,0,0,0,0
"POINT (8.405872899000000 48.992759006000000)",Unfall 119787 (2016) Kat:3, Licht: 2,119787,3,2,0,10,22,3,,2,1,1,0,0,0,0
"POINT (8.395044393999999 49.053363511000001)",Unfall 119796 (2016) Kat:3, Licht: 0,119796,3,7,0,10,14,6,,0,1,0,0,0,0,0
"POINT (8.397386146000001 49.009899875999999)",Unfall 119802 (2016) Kat:3, Licht: 0,119802,3,1,0,10,15,7,,0,1,0,0,0,0,0
"POINT (8.379416992000000 49.013250186999997)",Unfall 119803 (2016) Kat:3, Licht: 0,119803,3,3,5,10,15,2,,0,1,1,0,0,0,0
"POINT (8.359577516000000 49.010514512000000)",Unfall 119807 (2016) Kat:3, Licht: 0,119807,3,4,6,10,09,6,,0,0,1,1,0,0,0
"POINT (8.438293164999999 49.041149283000003)",Unfall 119809 (2016) Kat:3, Licht: 0,119809,3,6,2,10,11,4,,0,0,1,0,0,0,0
"POINT (8.405756137999999 49.000750904999997)",Unfall 119818 (2016) Kat:3, Licht: 0,119818,3,3,5,10,09,4,,0,1,1,0,0,0,0
"POINT (8.389763411000001 49.009905764000003)",Unfall 119821 (2016) Kat:3, Licht: 0,119821,3,1,0,10,10,4,,0,0,0,0,1,0,0
"POINT (8.346451156000001 49.015206380999999)",Unfall 119830 (2016) Kat:3, Licht: 2,119830,3,6,2,10,06,2,,2,0,1,0,0,1,0
"POINT (8.415510839000000 49.001419067000000)",Unfall 119846 (2016) Kat:3, Licht: 0,119846,3,3,5,10,08,5,,0,1,1,0,0,0,0
"POINT (8.471476378000000 49.000073952000001)",Unfall 119861 (2016) Kat:3, Licht: 2,119861,3,7,6,10,18,6,,2,0,1,1,0,0,0
"POINT (8.439378514000000 48.997020267000003)",Unfall 119871 (2016) Kat:2, Licht: 0,119871,2,2,2,10,11,2,,0,0,1,0,0,0,0
"POINT (8.388496240000000 49.010029222999997)",Unfall 119892 (2016) Kat:3, Licht: 0,119892,3,6,2,10,09,5,,0,1,1,0,0,0,0
"POINT (8.409828136000000 49.007834967999997)",Unfall 119935 (2016) Kat:3, Licht: 2,119935,3,2,5,10,22,1,,2,0,1,0,0,0,0
"POINT (8.360281605999999 48.985440336000003)",Unfall 119941 (2016) Kat:3, Licht: 0,119941,3,6,3,10,09,5,,0,1,1,0,0,0,0
"POINT (8.367716212000000 49.028923865000003)",Unfall 119949 (2016) Kat:2, Licht: 0,119949,2,3,5,10,15,1,,0,1,0,0,0,0,0
"POINT (8.435579089999999 49.028442269000003)",Unfall 119976 (2016) Kat:3, Licht: 0,119976,3,6,0,10,16,3,,0,1,1,0,0,0,0
"POINT (8.349175989000001 49.034204219999999)",Unfall 119984 (2016) Kat:3, Licht: 1,119984,3,3,5,10,07,3,,1,1,1,0,0,0,0
"POINT (8.424295514000001 49.005589170999997)",Unfall 119995 (2016) Kat:3, Licht: 0,119995,3,7,6,10,15,3,,0,1,1,1,0,0,0
"POINT (8.398535927999999 48.994310485000000)",Unfall 120084 (2016) Kat:2, Licht: 2,120084,2,7,5,10,19,2,,2,0,1,0,0,0,1
"POINT (8.410213390999999 49.007516000999999)",Unfall 120131 (2016) Kat:3, Licht: 1,120131,3,6,3,10,07,6,,1,1,1,0,0,0,0
"POINT (8.459090218000000 48.987844568000000)",Unfall 120145 (2016) Kat:3, Licht: 0,120145,3,3,5,10,13,6,,0,0,1,0,0,0,0
"POINT (8.415356868000000 49.007936045999998)",Unfall 120152 (2016) Kat:3, Licht: 0,120152,3,7,6,10,16,4,,0,1,0,1,0,0,0
"POINT (8.359520642000000 49.010549640999997)",Unfall 120255 (2016) Kat:3, Licht: 1,120255,3,6,2,11,17,5,,1,0,1,0,0,0,0
"POINT (8.513317054000000 49.006256205000000)",Unfall 120268 (2016) Kat:3, Licht: 0,120268,3,1,0,11,16,5,,0,1,0,0,0,0,0
"POINT (8.350841126000001 49.035411422000003)",Unfall 120269 (2016) Kat:3, Licht: 2,120269,3,3,5,11,05,4,,2,1,1,0,0,0,0
"POINT (8.384517003999999 49.007762431000003)",Unfall 120270 (2016) Kat:3, Licht: 0,120270,3,4,6,11,15,6,,0,1,0,1,0,0,0
"POINT (8.423621978000000 49.024931068999997)",Unfall 120295 (2016) Kat:3, Licht: 0,120295,3,6,2,11,14,6,,0,0,1,0,0,0,0
"POINT (8.415988118000000 49.009094789000002)",Unfall 120339 (2016) Kat:3, Licht: 0,120339,3,7,0,11,10,7,,0,0,1,0,0,0,1
"POINT (8.359673428000001 49.002480917000000)",Unfall 120396 (2016) Kat:3, Licht: 2,120396,3,3,5,11,18,3,,2,0,1,0,0,0,0
"POINT (8.384072854999999 48.998769908000000)",Unfall 120427 (2016) Kat:2, Licht: 2,120427,2,3,5,11,22,3,,2,0,1,0,0,0,0
"POINT (8.381587785000001 49.007904394000001)",Unfall 120429 (2016) Kat:3, Licht: 2,120429,3,7,1,11,18,4,,2,1,1,0,0,0,0
"POINT (8.477575535000000 48.998237596999999)",Unfall 120437 (2016) Kat:2, Licht: 2,120437,2,2,6,11,17,4,,2,0,1,1,0,0,0
"POINT (8.397992632999999 49.002399195000002)",Unfall 120444 (2016) Kat:3, Licht: 2,120444,3,2,5,11,17,2,,2,1,1,0,0,0,0
"POINT (8.391191350000000 49.007003238999999)",Unfall 120454 (2016) Kat:3, Licht: 0,120454,3,5,1,11,10,4,,0,1,1,0,0,0,0
"POINT (8.463098237000001 48.995694657000001)",Unfall 120542 (2016) Kat:3, Licht: 2,120542,3,2,4,11,17,3,,2,0,1,0,0,0,0
"POINT (8.397027145999999 49.023403350999999)",Unfall 120583 (2016) Kat:3, Licht: 2,120583,3,6,2,11,16,5,,2,0,1,0,0,0,0
"POINT (8.362800758000001 49.011506572999998)",Unfall 120586 (2016) Kat:2, Licht: 0,120586,2,6,2,11,11,5,,0,0,1,0,1,0,0
"POINT (8.361598457000000 49.036978230999999)",Unfall 120619 (2016) Kat:2, Licht: 0,120619,2,6,1,11,14,1,,0,0,1,0,0,0,0
"POINT (8.430832907999999 49.034686934000000)",Unfall 120644 (2016) Kat:3, Licht: 0,120644,3,3,5,11,07,3,,0,0,1,0,0,0,0
"POINT (8.408201098999999 49.000216186999999)",Unfall 120662 (2016) Kat:3, Licht: 2,120662,3,7,6,11,19,5,,2,1,0,1,0,0,0
"POINT (8.364767859000001 49.019796472000003)",Unfall 120700 (2016) Kat:3, Licht: 2,120700,3,3,5,11,18,3,,2,0,1,0,0,0,0
"POINT (8.360517735000000 49.014785902000000)",Unfall 120703 (2016) Kat:3, Licht: 0,120703,3,3,5,11,07,6,,0,1,1,0,0,0,0
"POINT (8.411768149000000 48.995789537999997)",Unfall 120710 (2016) Kat:3, Licht: 2,120710,3,2,4,11,00,2,,2,1,1,0,0,0,0
"POINT (8.410023226000000 49.007753233999999)",Unfall 120712 (2016) Kat:3, Licht: 0,120712,3,4,6,11,14,5,,0,0,0,1,0,0,1
"POINT (8.394329424000000 49.005576458000000)",Unfall 120739 (2016) Kat:3, Licht: 2,120739,3,5,1,11,03,6,,2,0,1,0,0,0,0
"POINT (8.385485528000000 49.022691752000000)",Unfall 120753 (2016) Kat:3, Licht: 2,120753,3,7,5,11,06,7,,2,0,1,0,0,0,0
"POINT (8.394934972000000 49.010009017000002)",Unfall 120766 (2016) Kat:3, Licht: 0,120766,3,7,0,11,15,3,,0,0,0,0,0,0,1
"POINT (8.365174238000000 49.010193606999998)",Unfall 120773 (2016) Kat:3, Licht: 2,120773,3,2,6,11,18,3,,2,0,0,1,0,0,1
"POINT (8.408004476000000 49.006940680000000)",Unfall 120809 (2016) Kat:3, Licht: 0,120809,3,3,5,11,11,6,,0,1,1,0,0,0,0
"POINT (8.383748577000000 49.014828295999997)",Unfall 120822 (2016) Kat:3, Licht: 2,120822,3,6,2,11,18,2,,2,0,1,0,0,0,0
"POINT (8.390334728999999 49.026580635000002)",Unfall 120845 (2016) Kat:3, Licht: 0,120845,3,3,5,11,13,6,,0,1,0,0,0,0,0
"POINT (8.396179510000000 49.009213176000003)",Unfall 120848 (2016) Kat:2, Licht: 0,120848,2,3,5,11,15,5,,0,1,0,0,0,0,0
"POINT (8.350254306000000 49.005414299000002)",Unfall 120904 (2016) Kat:3, Licht: 1,120904,3,6,2,11,07,4,,1,0,1,0,0,0,0
"POINT (8.360667072000000 49.011308358999997)",Unfall 120980 (2016) Kat:3, Licht: 0,120980,3,4,6,12,10,5,,0,0,1,1,0,0,0
"POINT (8.332105907000001 49.001068895000003)",Unfall 120994 (2016) Kat:2, Licht: 0,120994,2,2,5,11,08,4,,0,1,1,0,0,0,0
"POINT (8.376797813000000 49.010743777000002)",Unfall 120995 (2016) Kat:3, Licht: 0,120995,3,6,3,12,13,6,,0,1,1,0,0,0,0
"POINT (8.380937559000000 49.014943492999997)",Unfall 121005 (2016) Kat:3, Licht: 2,121005,3,6,2,11,17,2,,2,0,1,0,0,0,0
"POINT (8.387946114000000 48.998158832000001)",Unfall 121049 (2016) Kat:3, Licht: 0,121049,3,5,1,12,14,6,,0,1,1,0,0,0,0
"POINT (8.401272836000000 49.009714613000000)",Unfall 121053 (2016) Kat:2, Licht: 0,121053,2,2,3,11,11,2,,0,1,0,0,0,1,0
"POINT (8.429141382999999 49.013567637000001)",Unfall 121070 (2016) Kat:2, Licht: 2,121070,2,7,1,12,18,6,,2,0,1,0,0,0,0
"POINT (8.360526300000000 49.028015207999999)",Unfall 121073 (2016) Kat:3, Licht: 0,121073,3,3,5,11,12,3,,0,0,1,0,0,0,0
"POINT (8.410757243000001 49.009177293999997)",Unfall 121091 (2016) Kat:3, Licht: 2,121091,3,6,2,11,17,4,,2,0,1,0,1,0,0
"POINT (8.391819591000001 49.010153723000002)",Unfall 121097 (2016) Kat:3, Licht: 0,121097,3,3,5,11,07,3,,0,1,1,0,0,0,0
"POINT (8.434511376000000 49.010382557000000)",Unfall 121100 (2016) Kat:3, Licht: 0,121100,3,3,5,11,15,4,,0,0,1,0,0,0,0
"POINT (8.360814233999999 48.983819881999999)",Unfall 121106 (2016) Kat:2, Licht: 2,121106,2,1,9,11,20,1,,2,0,0,0,1,0,0
"POINT (8.430590436999999 49.028955072999999)",Unfall 121111 (2016) Kat:2, Licht: 2,121111,2,3,5,11,16,2,,2,1,1,0,0,0,0
"POINT (8.394735715000000 49.006315557999997)",Unfall 121135 (2016) Kat:3, Licht: 0,121135,3,6,2,12,13,5,,0,0,1,0,1,0,0
"POINT (8.435001642000000 49.005701549000001)",Unfall 121143 (2016) Kat:3, Licht: 0,121143,3,5,1,11,13,4,,0,0,1,0,0,0,0
"POINT (8.385834001999999 49.014742726999998)",Unfall 121144 (2016) Kat:3, Licht: 0,121144,3,2,3,12,10,7,,0,1,1,0,0,0,0
"POINT (8.352068928000000 48.990053181999997)",Unfall 121154 (2016) Kat:3, Licht: 0,121154,3,2,5,12,13,6,,0,1,1,0,0,0,0
"POINT (8.405417734000000 49.024170591999997)",Unfall 121157 (2016) Kat:3, Licht: 0,121157,3,2,2,11,08,2,,0,0,1,0,0,0,0
"POINT (8.431260381000000 49.008099129000001)",Unfall 121160 (2016) Kat:3, Licht: 0,121160,3,5,1,12,16,6,,0,0,1,0,0,0,1
"POINT (8.409174329000001 49.010382513000003)",Unfall 121201 (2016) Kat:3, Licht: 2,121201,3,6,3,12,19,6,,2,1,1,0,0,0,0
"POINT (8.386216534000001 49.007682645999999)",Unfall 121258 (2016) Kat:3, Licht: 1,121258,3,6,2,12,07,3,,1,1,1,0,0,0,0
"POINT (8.400024153000000 49.003882994999998)",Unfall 121283 (2016) Kat:3, Licht: 0,121283,3,3,5,12,08,4,,0,1,0,0,0,0,1
"POINT (8.383622914000000 49.014833447000001)",Unfall 121310 (2016) Kat:3, Licht: 0,121310,3,3,5,12,13,6,,0,1,1,0,0,0,0
"POINT (8.436518531000001 48.996679499999999)",Unfall 121321 (2016) Kat:3, Licht: 0,121321,3,2,3,12,15,3,,0,1,1,0,0,0,0
"POINT (8.357034483000000 49.005120726999998)",Unfall 121345 (2016) Kat:3, Licht: 2,121345,3,3,5,12,20,4,,2,0,1,0,0,0,0
"POINT (8.412020244000001 48.999703179000001)",Unfall 121371 (2016) Kat:3, Licht: 0,121371,3,7,1,12,12,2,,0,1,1,0,0,0,0
"POINT (8.410340296999999 49.004524629999999)",Unfall 121376 (2016) Kat:2, Licht: 2,121376,2,7,0,12,22,1,,2,1,0,0,0,0,0
"POINT (8.409332044999999 49.009363962000002)",Unfall 121385 (2016) Kat:3, Licht: 2,121385,3,7,0,12,01,1,,2,1,0,0,0,0,0
"POINT (8.400030760000000 48.975266292999997)",Unfall 121408 (2016) Kat:3, Licht: 1,121408,3,1,0,12,07,6,,1,0,0,0,1,0,0
"POINT (8.395042751000000 49.009837058000002)",Unfall 121415 (2016) Kat:3, Licht: 2,121415,3,4,0,12,17,6,,2,0,0,1,0,0,1
"POINT (8.384964331999999 48.991041963999997)",Unfall 121478 (2016) Kat:3, Licht: 0,121478,3,3,5,12,15,7,,0,1,1,0,0,0,0
"POINT (8.398844489000000 49.008392592000000)",Unfall 121479 (2016) Kat:2, Licht: 2,121479,2,7,0,12,04,7,,2,1,0,0,0,0,0
"POINT (8.380524065000000 48.996297366000000)",Unfall 121500 (2016) Kat:3, Licht: 2,121500,3,3,5,12,18,5,,2,0,1,0,0,0,0
"POINT (8.338684720000000 49.010612123999998)",Unfall 121508 (2016) Kat:3, Licht: 2,121508,3,3,5,12,18,2,,2,1,1,0,0,0,0
"POINT (8.371653803999999 49.008808219000002)",Unfall 121514 (2016) Kat:3, Licht: 0,121514,3,3,5,12,13,7,,0,0,1,0,0,0,0
"POINT (8.410609171999999 49.009267856000001)",Unfall 121519 (2016) Kat:3, Licht: 2,121519,3,4,6,12,18,4,,2,0,1,1,0,0,0
"POINT (8.465463276000000 48.999448772000001)",Unfall 121526 (2016) Kat:3, Licht: 0,121526,3,6,2,12,11,6,,0,0,1,0,0,0,0
"POINT (8.411655537000000 48.995982296000001)",Unfall 121528 (2016) Kat:3, Licht: 0,121528,3,6,2,12,16,1,,0,0,1,0,0,0,0
"POINT (8.430801456999999 49.034568374000003)",Unfall 121536 (2016) Kat:3, Licht: 2,121536,3,3,5,12,17,6,,2,1,1,0,0,0,0
"POINT (8.401457361000000 49.009705846000003)",Unfall 121549 (2016) Kat:3, Licht: 0,121549,3,7,0,12,13,1,,0,1,0,0,0,0,0
"POINT (8.342438821000000 49.007377732999998)",Unfall 121552 (2016) Kat:3, Licht: 2,121552,3,3,5,12,06,5,,2,0,1,0,1,0,0
"POINT (8.436397768000001 49.005304598000002)",Unfall 121555 (2016) Kat:2, Licht: 2,121555,2,1,0,12,23,5,,2,1,0,0,0,0,0
"POINT (8.368923850000000 49.016990184000001)",Unfall 121559 (2016) Kat:3, Licht: 2,121559,3,2,2,12,07,5,,2,0,1,0,0,0,0
"POINT (8.414166044000000 49.009176101999998)",Unfall 121580 (2016) Kat:2, Licht: 2,121580,2,7,6,12,01,6,,2,0,0,1,0,0,1
"POINT (8.435955074000001 49.039125190000000)",Unfall 121596 (2016) Kat:3, Licht: 0,121596,3,3,5,12,15,2,,0,0,1,0,0,0,0
"POINT (8.417163857000000 49.001731554000003)",Unfall 121602 (2016) Kat:3, Licht: 1,121602,3,3,5,12,07,6,,1,0,1,0,0,0,0
"POINT (8.495860449000000 49.012570191999998)",Unfall 121634 (2016) Kat:3, Licht: 0,121634,3,5,1,12,10,6,,0,1,1,0,0,0,0
"POINT (8.364713385000000 49.019732681000001)",Unfall 121640 (2016) Kat:3, Licht: 0,121640,3,2,0,12,16,6,,0,0,1,0,0,0,1
"POINT (8.352250849000001 48.995065416999999)",Unfall 121642 (2016) Kat:3, Licht: 1,121642,3,4,6,12,16,4,,1,0,1,1,0,0,0
"POINT (8.397477092999999 49.009955628000000)",Unfall 121643 (2016) Kat:3, Licht: 2,121643,3,7,6,12,06,1,,2,0,1,1,0,0,0
"POINT (8.453607351000001 49.027573208000000)",Unfall 121645 (2016) Kat:3, Licht: 0,121645,3,7,0,12,10,6,,0,0,1,0,0,0,0
"POINT (8.448825381000001 48.995904596000003)",Unfall 121653 (2016) Kat:3, Licht: 0,121653,3,2,4,12,11,4,,0,0,1,0,1,0,0
"POINT (8.379618943000001 49.009169231000001)",Unfall 121664 (2016) Kat:3, Licht: 2,121664,3,3,0,12,18,3,,2,0,1,0,0,0,1
"POINT (8.390166952000000 48.994909690999997)",Unfall 121686 (2016) Kat:3, Licht: 0,121686,3,3,0,12,12,3,,0,0,0,0,0,0,1
"POINT (8.459074460000000 48.997228131999996)",Unfall 121846 (2016) Kat:2, Licht: 0,121846,2,3,5,12,09,6,,0,0,1,0,1,0,0
"POINT (8.395079074000000 49.010193504000000)",Unfall 121859 (2016) Kat:3, Licht: 2,121859,3,4,6,12,22,6,,2,0,0,1,0,0,1
"POINT (8.403931861000000 48.971478753000000)",Unfall 121886 (2016) Kat:3, Licht: 2,121886,3,2,5,12,22,5,,2,0,1,0,0,0,1
"POINT (8.463611437000001 48.999113373000000)",Unfall 121909 (2016) Kat:2, Licht: 0,121909,2,2,0,12,10,3,,0,0,1,0,0,0,1
"POINT (8.404211297000000 48.997565819000002)",Unfall 121922 (2016) Kat:3, Licht: 2,121922,3,6,3,12,23,3,,2,1,1,0,0,0,0
"POINT (8.387254828000000 49.031090925999997)",Unfall 121989 (2016) Kat:3, Licht: 2,121989,3,4,6,12,16,4,,2,0,1,1,0,0,0
"POINT (8.365131086000000 49.011476072000001)",Unfall 121991 (2016) Kat:3, Licht: 0,121991,3,2,5,12,12,4,,0,1,1,0,0,0,0
"POINT (8.380525918000000 48.996334589999996)",Unfall 122010 (2016) Kat:3, Licht: 2,122010,3,3,5,12,19,6,,2,0,1,0,0,0,0
"POINT (8.387878810000000 49.014658865000001)",Unfall 122016 (2016) Kat:3, Licht: 0,122016,3,2,5,12,12,6,,0,1,1,0,0,0,0
"POINT (8.404460576000000 48.995665107999997)",Unfall 122142 (2016) Kat:2, Licht: 2,122142,2,1,0,12,22,7,,2,1,0,0,0,0,0
"POINT (8.416635074000000 49.008740193999998)",Unfall 122146 (2016) Kat:3, Licht: 0,122146,3,6,2,12,12,7,,0,0,1,0,0,0,0
"POINT (8.353719232000060 49.036840656000038)",Unfall 39758 (2017) Kat:3, Licht: 0,39758,3,3,5,01,16,4,1,0,1,1,0,0,,0