WKT,Name,OBJECTID,UKATEGORIE,UTYP1,UART,UMONAT,USTUNDE,UWOCHENTAG,STRZUSTAND,ULICHTVERH,ISTRAD,ISTPKW,ISTFUSS,ISTKRAD,ISTGKFZ,ISTSONSTIG
"POINT (8.496102460000031 48.946343131000049)",Unfall 39777 (2017) Kat:3, Licht: 2,39777,3,6,3,01,17,4,1,2,0,1,0,0,,0
"POINT (8.451142414000060 49.034968409000044)",Unfall 39902 (2017) Kat:1, Licht: 2,39902,1,4,6,01,20,3,0,2,0,1,1,0,,0
"POINT (8.458368542000073 49.008494568000060)",Unfall 39937 (2017) Kat:2, Licht: 2,39937,2,6,3,01,00,7,0,2,0,1,0,0,,1
"POINT (8.364995025000042 49.005249235000065)",Unfall 40032 (2017) Kat:3, Licht: 1,40032,3,6,2,01,17,4,1,1,0,1,0,0,,0
"POINT (8.353132948000052 49.013654860000031)",Unfall 40042 (2017) Kat:3, Licht: 2,40042,3,6,2,01,18,4,0,2,0,1,0,0,,0
"POINT (8.352951986000051 49.013433778000035)",Unfall 40111 (2017) Kat:3, Licht: 0,40111,3,6,8,01,12,1,0,0,0,1,0,0,,1
"POINT (8.385857373000022 48.999990194000077)",Unfall 40112 (2017) Kat:3, Licht: 2,40112,3,3,5,01,22,1,1,2,0,1,0,0,,0
"POINT (8.412165350000066 49.005797151000081)",Unfall 40279 (2017) Kat:2, Licht: 2,40279,2,3,5,01,20,5,1,2,1,1,0,0,,0
"POINT (8.393835763000027 48.998632364000059)",Unfall 40280 (2017) Kat:2, Licht: 0,40280,2,7,7,01,14,5,0,0,1,0,0,0,,1
"POINT (8.479748595000046 49.010384708000061)",Unfall 40319 (2017) Kat:3, Licht: 2,40319,3,3,5,01,19,3,0,2,0,1,0,0,,0
"POINT (8.392090174000032 49.058189184000071)",Unfall 40328 (2017) Kat:3, Licht: 2,40328,3,3,5,01,19,3,0,2,0,1,0,0,,0
"POINT (8.464810041000021 49.003728952000074)",Unfall 40432 (2017) Kat:2, Licht: 2,40432,2,7,8,01,17,2,0,2,0,1,0,0,,0
"POINT (8.468286399000021 48.986366609000072)",Unfall 40433 (2017) Kat:3, Licht: 0,40433,3,6,2,01,13,2,0,0,0,1,0,0,,0
"POINT (8.360543654000026 48.995986306000077)",Unfall 40450 (2017) Kat:3, Licht: 2,40450,3,3,5,01,20,6,0,2,0,1,0,0,,1
"POINT (8.353170705000025 49.016282145000048)",Unfall 40468 (2017) Kat:3, Licht: 2,40468,3,6,2,01,18,6,0,2,0,1,0,0,,0
"POINT (8.437256731000048 48.977816866000069)",Unfall 40533 (2017) Kat:2, Licht: 0,40533,2,7,1,01,14,5,0,0,0,1,0,0,,0
"POINT (8.439321121000035 49.044088997000074)",Unfall 40609 (2017) Kat:3, Licht: 0,40609,3,2,0,01,14,4,0,0,0,1,0,0,,1
"POINT (8.372772527000052 48.985389138000073)",Unfall 40675 (2017) Kat:3, Licht: 0,40675,3,1,9,01,08,7,1,0,0,1,0,0,,0
"POINT (8.350681740000027 49.020524805000036)",Unfall 40681 (2017) Kat:3, Licht: 0,40681,3,6,2,01,14,7,0,0,0,1,0,0,,0
"POINT (8.378130884000029 49.005677127000070)",Unfall 40732 (2017) Kat:2, Licht: 0,40732,2,4,6,01,15,6,0,0,0,1,1,0,,0
"POINT (8.447815477000063 49.003332743000044)",Unfall 40733 (2017) Kat:3, Licht: 0,40733,3,3,5,01,08,6,0,0,1,1,0,0,,0
"POINT (8.354386590000047 49.017517264000048)",Unfall 40734 (2017) Kat:3, Licht: 0,40734,3,3,5,01,12,6,0,0,1,1,0,0,,0
"POINT (8.352162617000033 49.018788415000074)",Unfall 40747 (2017) Kat:3, Licht: 0,40747,3,3,5,01,14,6,0,0,1,1,0,0,,0
"POINT (8.403779855000039 48.984865411000044)",Unfall 40748 (2017) Kat:3, Licht: 2,40748,3,7,0,01,20,6,1,2,0,0,0,1,,1
"POINT (8.431480434000036 49.002397272000053)",Unfall 40790 (2017) Kat:3, Licht: 2,40790,3,7,9,01,18,5,0,2,0,1,0,0,,0
"POINT (8.477243923000060 48.997853298000052)",Unfall 40809 (2017) Kat:3, Licht: 2,40809,3,2,6,01,06,5,0,2,0,1,1,0,,0
"POINT (8.355875664000052 48.997427350000066)",Unfall 40914 (2017) Kat:3, Licht: 1,40914,3,6,2,01,07,3,1,1,0,1,0,0,,0
"POINT (8.449700776000043 48.971745637000026)",Unfall 40957 (2017) Kat:3, Licht: 1,40957,3,6,3,01,08,2,1,1,0,1,0,0,,1
"POINT (8.382045307000055 49.063584942000034)",Unfall 40965 (2017) Kat:3, Licht: 1,40965,3,1,3,01,06,2,2,1,0,1,0,0,,0
"POINT (8.492278136000039 48.943580641000040)",Unfall 40967 (2017) Kat:3, Licht: 2,40967,3,2,4,01,18,2,0,2,0,1,0,0,,0
"POINT (8.461806903000024 49.011274580000077)",Unfall 41036 (2017) Kat:3, Licht: 1,41036,3,7,2,02,07,1,0,1,0,1,0,0,,0
"POINT (8.453327298000033 49.002285354000037)",Unfall 41037 (2017) Kat:3, Licht: 2,41037,3,3,5,02,18,1,1,2,1,1,0,0,,0
"POINT (8.356909574000042 49.023836887000073)",Unfall 41041 (2017) Kat:3, Licht: 2,41041,3,6,1,02,18,1,1,2,0,1,0,0,,0
"POINT (8.394279597000036 49.063888130000066)",Unfall 41113 (2017) Kat:3, Licht: 0,41113,3,1,8,02,15,3,0,0,0,1,0,0,,0
"POINT (8.403699974000062 48.991024397000047)",Unfall 41121 (2017) Kat:3, Licht: 0,41121,3,2,3,02,12,3,0,0,1,1,0,0,,0
"POINT (8.394977249000021 49.033285234000061)",Unfall 41159 (2017) Kat:3, Licht: 0,41159,3,2,2,02,16,6,0,0,0,1,0,0,,0
"POINT (8.451657707000038 49.003571750000049)",Unfall 41220 (2017) Kat:1, Licht: 2,41220,1,4,6,02,00,5,1,2,0,1,1,0,,0
"POINT (8.395013171000073 49.033060488000046)",Unfall 41222 (2017) Kat:3, Licht: 0,41222,3,1,0,02,08,5,0,0,1,0,0,0,,0
"POINT (8.464816372000030 48.966720169000041)",Unfall 41223 (2017) Kat:3, Licht: 0,41223,3,6,2,02,16,5,0,0,0,1,0,0,,0
"POINT (8.371610987000054 49.005483720000029)",Unfall 41232 (2017) Kat:3, Licht: 0,41232,3,2,2,02,16,5,0,0,1,1,0,0,,0
"POINT (8.404228480000029 48.980924704000074)",Unfall 41233 (2017) Kat:3, Licht: 0,41233,3,6,2,02,07,5,1,0,0,1,0,0,,0
"POINT (8.358061525000039 49.009960830000068)",Unfall 41278 (2017) Kat:3, Licht: 2,41278,3,2,4,02,06,4,0,2,1,1,0,0,,0
"POINT (8.424289425000040 49.002983508000057)",Unfall 41324 (2017) Kat:3, Licht: 2,41324,3,3,5,02,06,2,1,2,0,1,0,0,,0
"POINT (8.445694153000034 48.972047205000081)",Unfall 41339 (2017) Kat:3, Licht: 1,41339,3,6,2,01,07,3,1,1,0,1,0,0,,0
"POINT (8.445066491000034 48.999523429000078)",Unfall 41351 (2017) Kat:3, Licht: 1,41351,3,6,2,02,07,2,1,1,0,1,0,0,,1
"POINT (8.357873078000068 49.008992754000076)",Unfall 41392 (2017) Kat:3, Licht: 0,41392,3,6,3,02,16,2,0,0,0,1,0,0,,1
"POINT (8.454875951000076 48.983930411000074)",Unfall 41403 (2017) Kat:3, Licht: 1,41403,3,6,3,01,07,2,1,1,1,0,0,1,,0
"POINT (8.397987204000060 49.016056219000063)",Unfall 41499 (2017) Kat:3, Licht: 1,41499,3,7,0,02,17,3,0,1,1,1,0,0,,0
"POINT (8.392852577000042 49.045722685000044)",Unfall 41501 (2017) Kat:2, Licht: 2,41501,2,2,4,02,18,3,0,2,1,1,0,0,,0
"POINT (8.366377417000024 49.004293829000062)",Unfall 41519 (2017) Kat:3, Licht: 0,41519,3,1,0,02,12,3,0,0,0,0,0,1,,0
"POINT (8.409335160000069 49.005812056000082)",Unfall 41520 (2017) Kat:3, Licht: 0,41520,3,6,2,02,11,3,0,0,0,1,0,0,,0
"POINT (8.373728353000047 49.005659110000067)",Unfall 41521 (2017) Kat:3, Licht: 2,41521,3,7,0,02,00,3,0,2,1,0,0,0,,0
"POINT (8.478089230000023 48.958956364000073)",Unfall 41547 (2017) Kat:3, Licht: 2,41547,3,1,9,02,23,5,1,2,0,1,0,0,,0
"POINT (8.403780664000067 48.984847155000068)",Unfall 41569 (2017) Kat:3, Licht: 0,41569,3,2,4,02,10,6,1,0,1,1,0,0,,0
"POINT (8.454487387000029 49.002229612000065)",Unfall 41650 (2017) Kat:3, Licht: 0,41650,3,3,5,02,15,1,0,0,1,1,0,0,,0
"POINT (8.440559578000034 49.043362629000057)",Unfall 41661 (2017) Kat:3, Licht: 1,41661,3,6,2,02,06,6,1,1,0,1,0,0,,0
"POINT (8.443513040000028 48.998535113000059)",Unfall 41723 (2017) Kat:3, Licht: 0,41723,3,6,2,02,07,6,0,0,0,1,0,0,,1
"POINT (8.379498377000061 48.992387094000037)",Unfall 41724 (2017) Kat:3, Licht: 2,41724,3,6,2,02,22,6,0,2,0,1,0,0,,0
"POINT (8.449519434000024 49.003049681000050)",Unfall 41735 (2017) Kat:2, Licht: 0,41735,2,7,0,02,10,6,1,0,1,0,0,0,,0
"POINT (8.463843066000038 48.967422864000071)",Unfall 41787 (2017) Kat:3, Licht: 0,41787,3,6,2,02,07,5,0,0,0,1,0,0,,0
"POINT (8.441191991000039 49.004546481000034)",Unfall 41797 (2017) Kat:3, Licht: 0,41797,3,6,2,02,08,5,0,0,0,1,0,0,,0
"POINT (8.438690930000064 49.005010511000080)",Unfall 41835 (2017) Kat:2, Licht: 2,41835,2,6,4,02,07,4,0,2,1,0,0,0,,0
"POINT (8.358401280000066 49.010119528000075)",Unfall 41905 (2017) Kat:3, Licht: 2,41905,3,6,2,02,00,7,0,2,0,1,0,0,,0
"POINT (8.344722241000056 49.001091684000073)",Unfall 41960 (2017) Kat:3, Licht: 2,41960,3,6,2,02,22,6,0,2,0,1,0,0,,0
"POINT (8.380021375000069 48.992629957000077)",Unfall 42015 (2017) Kat:3, Licht: 2,42015,3,6,2,02,19,5,0,2,0,1,0,0,,0
"POINT (8.366429602000039 49.004635251000082)",Unfall 42026 (2017) Kat:3, Licht: 0,42026,3,6,2,02,16,5,0,0,0,1,0,0,,1
"POINT (8.387442706000059 49.010545787000069)",Unfall 42095 (2017) Kat:3, Licht: 2,42095,3,3,1,02,20,3,1,2,0,1,0,0,,0
"POINT (8.445195514000034 49.021020611000040)",Unfall 42113 (2017) Kat:3, Licht: 0,42113,3,6,2,02,10,2,0,0,0,1,0,0,,0
"POINT (8.437671869000042 49.005204710000044)",Unfall 42317 (2017) Kat:3, Licht: 2,42317,3,3,5,02,00,7,1,2,0,1,0,0,,0
"POINT (8.385040284000070 49.063835147000077)",Unfall 42322 (2017) Kat:2, Licht: 1,42322,2,7,8,02,06,7,1,1,0,1,0,0,,0
"POINT (8.349821875000032 48.999529914000050)",Unfall 42329 (2017) Kat:3, Licht: 0,42329,3,6,2,02,12,7,0,0,0,1,0,0,,0
"POINT (8.450948568000058 49.003434563000042)",Unfall 42470 (2017) Kat:3, Licht: 0,42470,3,1,9,03,11,3,0,0,0,0,0,0,,1
"POINT (8.361672686000077 49.036590800000056)",Unfall 42485 (2017) Kat:3, Licht: 0,42485,3,6,2,03,15,3,1,0,0,1,0,0,,0
"POINT (8.445169833000023 48.987590889000046)",Unfall 42486 (2017) Kat:3, Licht: 0,42486,3,2,5,03,10,1,0,0,0,1,0,0,,1
"POINT (8.352876346000073 49.014973761000078)",Unfall 42645 (2017) Kat:3, Licht: 0,42645,3,6,2,03,15,6,0,0,0,1,0,0,,0
"POINT (8.378760655000065 49.005648708000081)",Unfall 42646 (2017) Kat:2, Licht: 2,42646,2,7,0,03,00,6,1,2,1,0,0,0,,0
"POINT (8.437214084000061 48.993738611000026)",Unfall 42679 (2017) Kat:3, Licht: 2,42679,3,6,2,03,19,7,1,2,0,1,0,0,,0
"POINT (8.410506854000062 49.006066240000052)",Unfall 42787 (2017) Kat:3, Licht: 0,42787,3,6,2,03,15,6,0,0,0,1,0,0,,0
"POINT (8.372761212000057 48.985354784000037)",Unfall 42813 (2017) Kat:3, Licht: 0,42813,3,6,3,03,12,5,1,0,0,1,0,0,,1
"POINT (8.469722855000043 49.015408166000043)",Unfall 42856 (2017) Kat:3, Licht: 2,42856,3,1,8,03,06,5,1,2,0,1,0,0,,0
"POINT (8.358393004000050 49.009987475000059)",Unfall 42874 (2017) Kat:3, Licht: 0,42874,3,6,2,03,11,5,0,0,0,1,0,0,,1
"POINT (8.493761648000032 49.049643074000073)",Unfall 42927 (2017) Kat:1, Licht: 2,42927,1,6,3,03,04,4,1,2,0,1,0,0,,1
"POINT (8.353194831000053 49.016383454000049)",Unfall 42964 (2017) Kat:3, Licht: 0,42964,3,6,2,03,10,7,1,0,0,1,0,0,,0
"POINT (8.398251218000041 49.014194450000048)",Unfall 43004 (2017) Kat:3, Licht: 0,43004,3,3,5,03,10,2,0,0,1,1,0,0,,0
"POINT (8.376356902000055 48.988928688000044)",Unfall 43048 (2017) Kat:3, Licht: 0,43048,3,2,5,03,08,6,0,0,0,1,0,0,,0
"POINT (8.404777312000022 48.972444869000071)",Unfall 43066 (2017) Kat:3, Licht: 0,43066,3,2,2,03,14,2,0,0,0,1,0,0,,0
"POINT (8.406768444000022 48.976143712000066)",Unfall 43152 (2017) Kat:2, Licht: 2,43152,2,2,5,03,22,5,0,2,0,1,0,0,,1
"POINT (8.405631279000033 48.961742547000028)",Unfall 43183 (2017) Kat:3, Licht: 0,43183,3,3,5,03,09,5,0,0,0,1,0,0,,0
"POINT (8.424396320000028 49.002986932000056)",Unfall 43301 (2017) Kat:3, Licht: 0,43301,3,6,3,03,10,7,0,0,0,1,0,1,,0
"POINT (8.394963352000048 49.033372228000076)",Unfall 43336 (2017) Kat:3, Licht: 0,43336,3,3,5,03,07,4,1,0,1,1,0,0,,0
"POINT (8.463941236000039 48.967356926000036)",Unfall 43420 (2017) Kat:3, Licht: 0,43420,3,6,2,03,08,3,0,0,0,1,0,0,,0
"POINT (8.352741126000069 49.013807769000039)",Unfall 43426 (2017) Kat:3, Licht: 2,43426,3,3,5,03,20,3,0,2,0,1,0,0,,0
"POINT (8.470237516000054 48.955341315000055)",Unfall 43431 (2017) Kat:3, Licht: 0,43431,3,4,0,03,15,3,1,0,0,0,1,0,,1
"POINT (8.407477935000031 49.005606020000073)",Unfall 43432 (2017) Kat:3, Licht: 1,43432,3,5,1,03,16,3,1,1,1,1,0,0,,0
"POINT (8.407368459000054 49.005595433000053)",Unfall 43458 (2017) Kat:2, Licht: 0,43458,2,3,5,03,12,3,1,0,1,0,0,0,,0
"POINT (8.387806873000045 49.013556184000038)",Unfall 43551 (2017) Kat:3, Licht: 0,43551,3,3,5,03,10,6,0,0,0,1,0,0,,0
"POINT (8.430253473000050 48.993629799000075)",Unfall 43589 (2017) Kat:3, Licht: 0,43589,3,6,3,03,09,4,0,0,0,1,0,0,,1
"POINT (8.476828474000058 48.959908822000045)",Unfall 43590 (2017) Kat:3, Licht: 0,43590,3,6,2,03,10,4,0,0,0,1,0,0,,1
"POINT (8.387033323000026 49.005399560000058)",Unfall 43666 (2017) Kat:3, Licht: 2,43666,3,2,5,03,21,3,0,2,0,1,0,0,,0
"POINT (8.415192752000053 48.963313063000044)",Unfall 43667 (2017) Kat:3, Licht: 0,43667,3,6,2,03,07,3,0,0,0,1,0,0,,1
"POINT (8.353346615000021 49.016365557000029)",Unfall 43687 (2017) Kat:3, Licht: 0,43687,3,6,2,03,08,3,0,0,0,1,0,0,,0
"POINT (8.454147032000037 48.971702315000073)",Unfall 43760 (2017) Kat:3, Licht: 0,43760,3,6,2,03,07,2,0,0,0,1,0,0,,1
"POINT (8.491112906000069 49.045494264000070)",Unfall 43761 (2017) Kat:3, Licht: 0,43761,3,6,2,03,17,2,0,0,0,1,0,0,,0
"POINT (8.476360519000025 49.025446007000028)",Unfall 43878 (2017) Kat:2, Licht: 0,43878,2,6,2,04,11,1,0,0,0,1,0,0,,0
"POINT (8.383180735000053 48.995179712000038)",Unfall 43946 (2017) Kat:3, Licht: 0,43946,3,6,2,04,18,7,0,0,0,1,0,0,,0
"POINT (8.383573373000047 48.991636225000036)",Unfall 43947 (2017) Kat:3, Licht: 0,43947,3,6,3,04,14,7,0,0,0,1,0,0,,0
"POINT (8.454611817000057 49.034859898000036)",Unfall 44008 (2017) Kat:2, Licht: 0,44008,2,6,6,03,07,6,0,0,1,0,1,0,,0
"POINT (8.451009094000028 49.042411175000041)",Unfall 44009 (2017) Kat:3, Licht: 0,44009,3,3,5,03,16,6,0,0,0,1,0,0,,0
"POINT (8.438461076000067 49.016855531000033)",Unfall 44102 (2017) Kat:3, Licht: 0,44102,3,3,5,03,15,5,0,0,0,1,0,0,,1
"POINT (8.454198425000072 49.005446717000041)",Unfall 44212 (2017) Kat:2, Licht: 2,44212,2,7,8,04,03,6,0,2,0,0,0,0,,1
"POINT (8.392679573000066 49.045711423000057)",Unfall 44224 (2017) Kat:3, Licht: 0,44224,3,7,0,04,07,6,0,0,0,0,0,1,,0
"POINT (8.358409813000037 49.010126586000069)",Unfall 44225 (2017) Kat:3, Licht: 0,44225,3,6,2,04,18,6,0,0,0,1,0,0,,0
"POINT (8.359825463000050 49.031373601000041)",Unfall 44279 (2017) Kat:2, Licht: 0,44279,2,3,5,04,11,5,0,0,1,1,0,0,,0
"POINT (8.383677827000042 48.995320192000065)",Unfall 44541 (2017) Kat:3, Licht: 0,44541,3,6,2,04,15,5,0,0,0,1,0,0,,0
"POINT (8.416127389000053 48.993876854000064)",Unfall 44542 (2017) Kat:3, Licht: 0,44542,3,6,2,04,17,5,0,0,0,1,0,0,,1
"POINT (8.490383604000044 48.944959752000045)",Unfall 44543 (2017) Kat:3, Licht: 0,44543,3,6,2,04,16,5,0,0,0,1,0,0,,0
"POINT (8.465860753000072 48.966041797000059)",Unfall 44621 (2017) Kat:2, Licht: 0,44621,2,6,2,04,14,4,0,0,0,1,0,0,,0
"POINT (8.389109119000068 49.032681434000040)",Unfall 44622 (2017) Kat:1, Licht: 0,44622,1,2,3,04,17,4,0,0,1,1,0,0,,0
"POINT (8.410468888000025 49.005930364000051)",Unfall 44693 (2017) Kat:3, Licht: 0,44693,3,3,5,04,17,3,0,0,1,1,0,0,,0
"POINT (8.346616351000023 49.032310952000046)",Unfall 44694 (2017) Kat:3, Licht: 0,44694,3,7,8,04,15,3,0,0,0,1,0,0,,0
"POINT (8.438748763000035 49.011515442000075)",Unfall 44859 (2017) Kat:2, Licht: 2,44859,2,4,6,04,05,1,0,2,0,1,1,0,,0
"POINT (8.451056623000056 49.042397815000072)",Unfall 44860 (2017) Kat:3, Licht: 0,44860,3,2,4,04,19,1,0,0,0,1,0,0,,0
"POINT (8.512562430000060 49.028959138000062)",Unfall 44881 (2017) Kat:3, Licht: 2,44881,3,7,7,04,23,7,0,2,0,1,0,0,,0
"POINT (8.387442706000059 49.010545787000069)",Unfall 44887 (2017) Kat:3, Licht: 2,44887,3,2,5,04,05,1,0,2,0,1,0,0,,0
"POINT (8.476555217000055 49.025370382000062)",Unfall 44890 (2017) Kat:2, Licht: 0,44890,2,6,3,04,17,6,0,0,0,1,0,0,,0
"POINT (8.403838302000054 48.991966692000062)",Unfall 44922 (2017) Kat:3, Licht: 2,44922,3,6,3,04,23,7,0,2,0,1,0,0,,0
"POINT (8.354883778000044 49.018679583000051)",Unfall 45156 (2017) Kat:3, Licht: 2,45156,3,6,6,04,21,3,1,2,1,0,1,0,,0
"POINT (8.417225784000038 49.004716094000059)",Unfall 45222 (2017) Kat:3, Licht: 0,45222,3,7,0,04,15,1,0,0,0,0,0,0,,1
"POINT (8.497248001000060 48.944940660000043)",Unfall 45253 (2017) Kat:3, Licht: 0,45253,3,7,3,04,09,7,0,0,0,1,0,0,,0
"POINT (8.355610729000034 49.012772022000036)",Unfall 45358 (2017) Kat:3, Licht: 0,45358,3,6,3,04,16,6,0,0,0,1,0,0,,0
"POINT (8.387807934000023 49.013566267000044)",Unfall 45451 (2017) Kat:3, Licht: 0,45451,3,6,2,04,17,5,1,0,0,1,0,0,,0
"POINT (8.386965954000061 49.005866372000071)",Unfall 45543 (2017) Kat:3, Licht: 2,45543,3,3,5,04,21,4,1,2,0,1,0,0,,0
"POINT (8.461848421000070 48.982237119000047)",Unfall 45627 (2017) Kat:3, Licht: 1,45627,3,3,5,04,19,3,1,1,0,1,0,0,,0
"POINT (8.464043266000033 48.967288397000061)",Unfall 45687 (2017) Kat:3, Licht: 0,45687,3,6,2,04,11,2,0,0,0,1,0,0,,1
"POINT (8.420353440000042 49.004033275000040)",Unfall 45702 (2017) Kat:3, Licht: 0,45702,3,2,2,04,09,2,0,0,0,1,0,0,,0
"POINT (8.426711862000047 49.000731119000079)",Unfall 45822 (2017) Kat:3, Licht: 0,45822,3,2,5,05,13,7,0,0,1,1,0,0,,0
"POINT (8.460823739000034 49.010616074000040)",Unfall 45881 (2017) Kat:3, Licht: 0,45881,3,6,2,05,15,4,0,0,0,1,0,0,,0
"POINT (8.387282449000054 49.005399159000035)",Unfall 45901 (2017) Kat:3, Licht: 0,45901,3,6,2,05,09,6,0,0,0,1,0,0,,0
"POINT (8.405545294000035 48.960664190000045)",Unfall 45904 (2017) Kat:3, Licht: 0,45904,3,6,2,05,17,6,0,0,0,1,0,0,,0
"POINT (8.477487625000038 48.998230032000038)",Unfall 45905 (2017) Kat:3, Licht: 0,45905,3,3,5,05,17,6,0,0,1,1,0,0,,0
"POINT (8.373378809000030 48.980908867000039)",Unfall 45906 (2017) Kat:3, Licht: 0,45906,3,6,2,05,14,6,0,0,0,1,0,0,,1
"POINT (8.497112838000021 48.944988389000059)",Unfall 45922 (2017) Kat:3, Licht: 0,45922,3,3,5,05,11,3,0,0,0,1,0,0,,1
"POINT (8.355418822000047 49.019756851000068)",Unfall 45993 (2017) Kat:2, Licht: 2,45993,2,2,5,05,00,5,1,2,0,1,0,1,,0
"POINT (8.463312799000050 48.966247841000040)",Unfall 46105 (2017) Kat:3, Licht: 0,46105,3,6,4,05,13,4,0,0,0,1,0,0,,1
"POINT (8.398784607000039 49.005441708000035)",Unfall 46158 (2017) Kat:2, Licht: 0,46158,2,6,0,05,11,2,1,0,0,1,0,1,,0
"POINT (8.477174643000069 48.997746201000041)",Unfall 46169 (2017) Kat:3, Licht: 0,46169,3,2,5,05,16,2,1,0,0,1,0,0,,0
"POINT (8.404222104000041 48.980949186000032)",Unfall 46170 (2017) Kat:2, Licht: 0,46170,2,3,5,05,08,2,1,0,1,1,0,0,,0
"POINT (8.463097335000043 49.012364151000043)",Unfall 46171 (2017) Kat:3, Licht: 0,46171,3,1,8,05,07,2,1,0,0,1,0,0,,0
"POINT (8.463535335000074 48.967623913000068)",Unfall 46365 (2017) Kat:3, Licht: 0,46365,3,6,2,05,12,4,0,0,0,1,0,0,,1
"POINT (8.442056988000047 49.008056774000067)",Unfall 46389 (2017) Kat:3, Licht: 0,46389,3,3,5,05,17,4,0,0,1,1,0,0,,0
"POINT (8.359758910000039 49.031206054000052)",Unfall 46500 (2017) Kat:3, Licht: 0,46500,3,6,2,05,10,3,0,0,0,1,0,0,,0
"POINT (8.478154925000069 48.968610473000069)",Unfall 46501 (2017) Kat:3, Licht: 0,46501,3,6,4,05,08,3,0,0,0,1,0,0,,0
"POINT (8.442159569000069 48.997487580000040)",Unfall 46545 (2017) Kat:3, Licht: 2,46545,3,7,7,05,04,5,0,2,0,1,0,0,,1
"POINT (8.387697834000051 49.012519909000048)",Unfall 46611 (2017) Kat:3, Licht: 0,46611,3,3,5,05,14,5,0,0,0,1,0,0,,0
"POINT (8.350953775000050 49.020260229000030)",Unfall 46612 (2017) Kat:3, Licht: 0,46612,3,1,0,05,07,5,0,0,1,0,0,0,,0
"POINT (8.394518186000028 49.003421058000072)",Unfall 46765 (2017) Kat:3, Licht: 0,46765,3,4,6,05,13,7,0,0,0,1,1,0,,0
"POINT (8.376457682000023 48.993545433000065)",Unfall 46778 (2017) Kat:3, Licht: 0,46778,3,2,3,05,11,4,0,0,0,1,0,0,,1
"POINT (8.352748628000029 49.013653985000076)",Unfall 46779 (2017) Kat:2, Licht: 0,46779,2,2,5,05,16,6,0,0,0,1,0,0,,0
"POINT (8.453251940000030 49.004813397000078)",Unfall 46791 (2017) Kat:3, Licht: 0,46791,3,6,3,05,15,3,0,0,0,1,0,0,,1
"POINT (8.395147786000052 49.032218266000029)",Unfall 46808 (2017) Kat:3, Licht: 0,46808,3,6,2,05,17,3,0,0,0,1,0,0,,0
"POINT (8.449027220000062 49.001865451000072)",Unfall 47070 (2017) Kat:2, Licht: 2,47070,2,6,2,05,03,1,0,2,0,1,0,0,,0
"POINT (8.338159604000055 49.033628891000035)",Unfall 47170 (2017) Kat:3, Licht: 0,47170,3,2,5,05,13,5,0,0,0,1,0,0,,0
"POINT (8.442539366000062 49.004295381000077)",Unfall 47194 (2017) Kat:3, Licht: 0,47194,3,6,2,05,18,7,0,0,0,1,0,0,,0
"POINT (8.379781763000040 49.005616435000036)",Unfall 47286 (2017) Kat:3, Licht: 0,47286,3,7,0,05,10,6,1,0,1,0,0,0,,0
"POINT (8.437222142000053 48.978279717000078)",Unfall 47359 (2017) Kat:3, Licht: 0,47359,3,6,2,05,17,4,0,0,0,1,0,0,,0
"POINT (8.397131308000041 49.020890700000052)",Unfall 47361 (2017) Kat:3, Licht: 0,47361,3,5,1,05,18,4,0,0,0,1,0,0,,0
"POINT (8.466283301000033 49.015805109000041)",Unfall 47502 (2017) Kat:3, Licht: 0,47502,3,6,2,05,15,3,0,0,0,1,0,0,,0
"POINT (8.396727021000061 49.023329754000031)",Unfall 47591 (2017) Kat:3, Licht: 0,47591,3,6,2,05,13,2,0,0,0,1,0,0,,0
"POINT (8.430399442000066 48.969327348000036)",Unfall 47593 (2017) Kat:2, Licht: 0,47593,2,6,2,05,07,2,0,0,0,0,0,0,,1
"POINT (8.451107949000061 49.034807096000065)",Unfall 47599 (2017) Kat:2, Licht: 2,47599,2,2,5,05,03,7,0,2,0,1,0,0,,0
"POINT (8.451024474000064 49.042406852000056)",Unfall 47611 (2017) Kat:3, Licht: 0,47611,3,3,5,05,18,2,0,0,0,1,0,0,,0
"POINT (8.354898305000063 49.014263878000065)",Unfall 47655 (2017) Kat:3, Licht: 0,47655,3,3,5,05,19,7,0,0,1,1,0,0,,0
"POINT (8.436382787000071 48.984476719000043)",Unfall 47717 (2017) Kat:3, Licht: 0,47717,3,7,8,06,12,1,0,0,0,0,0,1,,0
"POINT (8.482673105000060 49.033200636000061)",Unfall 47758 (2017) Kat:3, Licht: 0,47758,3,6,2,06,11,7,0,0,0,1,0,0,,0
"POINT (8.345028013000047 49.001470359000052)",Unfall 47836 (2017) Kat:2, Licht: 0,47836,2,3,5,06,07,6,0,0,0,1,0,0,,1
"POINT (8.357085004000055 49.011553368000079)",Unfall 47904 (2017) Kat:3, Licht: 0,47904,3,6,2,06,12,5,0,0,0,1,0,0,,0
"POINT (8.403781560000027 48.984826926000039)",Unfall 47948 (2017) Kat:2, Licht: 1,47948,2,3,5,06,21,6,0,1,1,0,0,0,,1
"POINT (8.411788382000054 49.006159078000053)",Unfall 47979 (2017) Kat:3, Licht: 0,47979,3,3,5,06,12,2,1,0,0,1,0,1,,0
"POINT (8.352961679000032 49.013397873000031)",Unfall 48002 (2017) Kat:3, Licht: 0,48002,3,6,2,06,13,7,0,0,0,1,0,1,,0
"POINT (8.405057130000046 48.960584909000033)",Unfall 48003 (2017) Kat:3, Licht: 0,48003,3,6,2,06,11,7,0,0,0,1,0,0,,0
"POINT (8.348160279000069 49.004161265000050)",Unfall 48009 (2017) Kat:3, Licht: 0,48009,3,3,5,06,14,7,0,0,0,1,0,0,,1