WKT,Name,OBJECTID,UKATEGORIE,UTYP1,UART,UMONAT,USTUNDE,UWOCHENTAG,STRZUSTAND,ULICHTVERH,ISTRAD,ISTPKW,ISTFUSS,ISTKRAD,ISTGKFZ,ISTSONSTIG
"POINT (8.352729683000064 49.014903205000053)",Unfall 48202 (2017) Kat:3, Licht: 0,48202,3,6,2,06,16,4,0,0,0,1,0,1,,0
"POINT (8.467573608000066 48.964379804000032)",Unfall 48275 (2017) Kat:2, Licht: 2,48275,2,1,9,06,03,1,1,2,0,1,0,0,,0
"POINT (8.378130884000029 49.005677127000070)",Unfall 48341 (2017) Kat:3, Licht: 0,48341,3,6,2,06,16,4,0,0,0,1,0,1,,0
"POINT (8.352943759000027 49.013464248000048)",Unfall 48495 (2017) Kat:3, Licht: 0,48495,3,6,2,06,15,6,0,0,0,1,0,0,,0
"POINT (8.378207021000037 48.991273818000082)",Unfall 48541 (2017) Kat:2, Licht: 0,48541,2,6,2,06,15,2,0,0,0,1,0,1,,0
"POINT (8.387265656000068 49.005399186000034)",Unfall 48543 (2017) Kat:3, Licht: 0,48543,3,6,2,06,12,2,0,0,0,1,0,0,,1
"POINT (8.445035621000045 48.987510368000073)",Unfall 48552 (2017) Kat:3, Licht: 0,48552,3,6,2,06,08,2,0,0,0,1,0,0,,0
"POINT (8.352730523000048 49.014922179000052)",Unfall 48559 (2017) Kat:3, Licht: 0,48559,3,6,2,06,11,6,0,0,0,1,0,1,,0
"POINT (8.393976876000068 48.999716576000026)",Unfall 48659 (2017) Kat:2, Licht: 1,48659,2,1,0,06,21,4,0,1,1,0,0,0,,0
"POINT (8.395476775000077 49.030159140000080)",Unfall 48674 (2017) Kat:3, Licht: 0,48674,3,2,5,06,19,4,0,0,1,1,0,0,,0
"POINT (8.506066291000025 48.966044945000078)",Unfall 48676 (2017) Kat:2, Licht: 0,48676,2,1,0,06,20,5,0,0,1,0,0,0,,0
"POINT (8.335126992000028 49.036002309000025)",Unfall 48709 (2017) Kat:3, Licht: 0,48709,3,6,2,06,19,5,0,0,0,1,0,0,,1
"POINT (8.446909304000030 49.000706720000039)",Unfall 48743 (2017) Kat:3, Licht: 0,48743,3,6,2,06,06,3,0,0,0,1,0,0,,1
"POINT (8.394713680000052 49.005276173000027)",Unfall 48844 (2017) Kat:3, Licht: 0,48844,3,4,6,06,07,2,0,0,0,0,1,0,,1
"POINT (8.394845025000052 49.005522044000031)",Unfall 48845 (2017) Kat:3, Licht: 0,48845,3,3,5,06,09,2,0,0,1,1,0,0,,0
"POINT (8.404893341000047 48.966121116000068)",Unfall 48849 (2017) Kat:3, Licht: 0,48849,3,2,5,06,20,2,0,0,0,0,0,1,,1
"POINT (8.449948969000047 49.002838481000026)",Unfall 48861 (2017) Kat:3, Licht: 0,48861,3,6,2,06,19,2,0,0,0,1,0,0,,0
"POINT (8.454189709000048 49.005440552000039)",Unfall 48945 (2017) Kat:2, Licht: 0,48945,2,1,8,06,17,1,0,0,0,1,0,0,,0
"POINT (8.451262438000072 49.035059642000078)",Unfall 48946 (2017) Kat:3, Licht: 0,48946,3,6,2,06,11,1,0,0,0,1,0,0,,0
"POINT (8.463963602000035 48.984017975000029)",Unfall 49165 (2017) Kat:3, Licht: 0,49165,3,6,1,06,18,2,0,0,0,1,0,0,,0
"POINT (8.352727031000029 49.014843120000080)",Unfall 49306 (2017) Kat:3, Licht: 0,49306,3,2,5,06,11,7,0,0,0,1,0,0,,0
"POINT (8.391533530000061 49.053071744000079)",Unfall 49308 (2017) Kat:3, Licht: 0,49308,3,3,5,06,14,7,0,0,0,1,0,0,,0
"POINT (8.439489790000039 49.006344390000038)",Unfall 49419 (2017) Kat:3, Licht: 0,49419,3,3,5,06,11,6,0,0,1,1,0,0,,0
"POINT (8.474264876000063 49.023154377000026)",Unfall 49420 (2017) Kat:3, Licht: 0,49420,3,6,2,06,13,6,0,0,0,1,0,0,,0
"POINT (8.441992101000039 48.997605783000040)",Unfall 49422 (2017) Kat:3, Licht: 0,49422,3,7,0,06,17,6,0,0,0,0,0,1,,0
"POINT (8.387103082000067 49.006992691000050)",Unfall 49539 (2017) Kat:3, Licht: 0,49539,3,6,2,07,11,2,0,0,0,1,0,0,,0
"POINT (8.403554256000064 48.988170461000038)",Unfall 49629 (2017) Kat:2, Licht: 0,49629,2,3,5,07,19,1,0,0,1,1,0,0,,0
"POINT (8.477157823000027 48.997720198000081)",Unfall 49647 (2017) Kat:2, Licht: 2,49647,2,3,5,07,01,1,1,2,0,1,0,0,,0
"POINT (8.477200334000031 48.997785915000065)",Unfall 49777 (2017) Kat:3, Licht: 0,49777,3,3,5,07,16,3,0,0,0,1,0,1,,0
"POINT (8.353944885000033 49.011082734000070)",Unfall 49795 (2017) Kat:3, Licht: 0,49795,3,6,2,06,13,6,0,0,0,1,0,0,,0
"POINT (8.452929890000064 49.043126671000039)",Unfall 49820 (2017) Kat:3, Licht: 0,49820,3,6,2,07,16,3,0,0,0,1,0,0,,1
"POINT (8.436588365000034 48.985826593000070)",Unfall 49899 (2017) Kat:3, Licht: 0,49899,3,6,2,06,08,5,0,0,0,1,0,0,,0
"POINT (8.410367233000045 48.961584677000076)",Unfall 49900 (2017) Kat:3, Licht: 0,49900,3,6,2,06,16,5,0,0,0,1,0,0,,1
"POINT (8.504495703000032 48.967222182000057)",Unfall 49910 (2017) Kat:3, Licht: 0,49910,3,4,6,06,17,5,0,0,0,0,1,1,,0
"POINT (8.396065611000040 48.989130683000042)",Unfall 49911 (2017) Kat:3, Licht: 0,49911,3,6,2,06,18,5,1,0,0,1,0,0,,0
"POINT (8.437183662000052 49.005110707000028)",Unfall 49996 (2017) Kat:2, Licht: 0,49996,2,3,5,07,20,6,0,0,1,1,0,0,,0
"POINT (8.439501138000026 49.006350451000060)",Unfall 49997 (2017) Kat:3, Licht: 0,49997,3,6,2,07,13,6,0,0,0,1,0,0,,0
"POINT (8.466394509000054 48.965308906000075)",Unfall 49998 (2017) Kat:3, Licht: 0,49998,3,1,2,07,11,4,0,0,0,1,0,0,,1
"POINT (8.443974697000044 48.972234948000050)",Unfall 49999 (2017) Kat:3, Licht: 0,49999,3,6,2,07,18,5,0,0,0,1,0,0,,0
"POINT (8.467642122000029 48.964335351000045)",Unfall 50001 (2017) Kat:3, Licht: 0,50001,3,1,8,07,16,6,1,0,0,1,0,0,,0
"POINT (8.440178462000063 49.006584555000074)",Unfall 50002 (2017) Kat:3, Licht: 0,50002,3,2,5,07,08,5,0,0,1,1,0,0,,0
"POINT (8.328459450000025 49.035528750000026)",Unfall 50006 (2017) Kat:2, Licht: 0,50006,2,6,2,07,18,5,0,0,0,1,0,1,,0
"POINT (8.476423560000058 49.012254674000076)",Unfall 50019 (2017) Kat:3, Licht: 2,50019,3,7,9,07,01,4,0,2,0,1,0,0,,0
"POINT (8.350233599000035 49.005522514000063)",Unfall 50050 (2017) Kat:2, Licht: 0,50050,2,3,5,07,15,6,0,0,0,1,0,0,,1
"POINT (8.387418663000062 49.010338730000058)",Unfall 50073 (2017) Kat:3, Licht: 0,50073,3,2,5,07,13,5,0,0,1,1,0,0,,0
"POINT (8.373656023000024 48.996080494000068)",Unfall 50109 (2017) Kat:3, Licht: 0,50109,3,6,2,07,16,6,0,0,0,1,0,0,,0
"POINT (8.403599462000045 48.989251357000057)",Unfall 50170 (2017) Kat:3, Licht: 0,50170,3,3,5,07,15,3,0,0,1,1,0,0,,0
"POINT (8.388371145000065 49.016635822000069)",Unfall 50259 (2017) Kat:3, Licht: 0,50259,3,6,2,07,11,2,0,0,0,1,0,0,,0
"POINT (8.461458621000077 48.969156323000050)",Unfall 50260 (2017) Kat:2, Licht: 0,50260,2,6,2,07,08,2,1,0,0,1,0,0,,1
"POINT (8.436076032000074 49.015689247000068)",Unfall 50277 (2017) Kat:3, Licht: 0,50277,3,1,8,07,12,5,0,0,0,1,0,0,,0
"POINT (8.373710186000039 48.995716772000037)",Unfall 50280 (2017) Kat:3, Licht: 0,50280,3,6,2,07,16,5,0,0,0,1,0,0,,0
"POINT (8.476982717000055 49.022451021000052)",Unfall 50305 (2017) Kat:3, Licht: 0,50305,3,3,5,07,19,5,0,0,1,0,0,0,,0
"POINT (8.464736989000073 48.964184261000071)",Unfall 50346 (2017) Kat:2, Licht: 2,50346,2,1,0,07,03,5,0,2,1,0,0,0,,0
"POINT (8.380124958000067 48.992182130000060)",Unfall 50347 (2017) Kat:3, Licht: 0,50347,3,6,3,07,12,5,0,0,0,1,0,0,,1
"POINT (8.441501818000063 49.004364863000035)",Unfall 50423 (2017) Kat:2, Licht: 2,50423,2,6,6,07,00,7,0,2,1,0,1,0,,0
"POINT (8.460848457000054 49.010639045000062)",Unfall 50424 (2017) Kat:3, Licht: 1,50424,3,6,3,07,21,6,0,1,0,1,0,0,,1
"POINT (8.346863023000026 49.003209504000040)",Unfall 50517 (2017) Kat:3, Licht: 0,50517,3,3,5,07,16,6,0,0,1,1,0,0,,0
"POINT (8.438402479000047 49.011716019000062)",Unfall 50584 (2017) Kat:3, Licht: 0,50584,3,6,2,07,18,7,0,0,0,1,0,0,,0
"POINT (8.367231067000034 48.993197227000053)",Unfall 50628 (2017) Kat:3, Licht: 0,50628,3,6,2,07,18,2,0,0,0,1,0,0,,0
"POINT (8.507022856000049 49.005221942000048)",Unfall 50731 (2017) Kat:3, Licht: 1,50731,3,6,2,07,17,6,0,1,0,1,0,0,,0
"POINT (8.436625209000056 48.985401118000027)",Unfall 50732 (2017) Kat:3, Licht: 0,50732,3,6,2,07,08,5,0,0,0,1,0,0,,1
"POINT (8.352172559000053 49.018774003000033)",Unfall 50735 (2017) Kat:3, Licht: 0,50735,3,3,0,07,16,6,0,0,0,1,0,0,,1
"POINT (8.349204230000055 49.004921862000060)",Unfall 50738 (2017) Kat:3, Licht: 0,50738,3,5,1,07,12,5,0,0,1,1,0,0,,0
"POINT (8.303487858000040 49.036884233000080)",Unfall 50928 (2017) Kat:2, Licht: 0,50928,2,6,3,07,14,4,0,0,0,1,0,1,,0
"POINT (8.393486806000055 48.994599184000037)",Unfall 50930 (2017) Kat:3, Licht: 0,50930,3,2,5,07,14,4,0,0,0,1,0,0,,0
"POINT (8.436725785000022 48.981217501000060)",Unfall 50931 (2017) Kat:2, Licht: 0,50931,2,6,3,07,08,4,0,0,0,1,0,0,,1
"POINT (8.353174192000040 49.016296784000076)",Unfall 50951 (2017) Kat:3, Licht: 0,50951,3,6,2,07,07,2,0,0,0,1,0,0,,0
"POINT (8.346713097000077 49.003102754000054)",Unfall 50957 (2017) Kat:3, Licht: 0,50957,3,6,2,07,09,4,0,0,0,1,0,0,,0
"POINT (8.396862904000045 49.022572928000045)",Unfall 50959 (2017) Kat:2, Licht: 0,50959,2,1,8,07,08,4,0,0,1,0,0,0,,0
"POINT (8.436237525000024 48.972880434000047)",Unfall 51080 (2017) Kat:3, Licht: 2,51080,3,7,4,07,01,3,0,2,0,1,0,0,,0
"POINT (8.305594413000051 49.036739580000074)",Unfall 51092 (2017) Kat:3, Licht: 0,51092,3,6,4,07,17,3,0,0,1,0,0,1,,0
"POINT (8.368413184000076 48.992406771000049)",Unfall 51185 (2017) Kat:3, Licht: 0,51185,3,7,1,07,08,7,0,0,1,0,0,0,,0
"POINT (8.378738984000052 48.992731221000042)",Unfall 51187 (2017) Kat:3, Licht: 2,51187,3,7,9,07,05,7,1,2,0,1,0,0,,0
"POINT (8.440573226000026 49.010321471000054)",Unfall 51188 (2017) Kat:3, Licht: 0,51188,3,2,5,07,16,7,0,0,1,1,0,0,,0
"POINT (8.463953062000030 48.967348984000068)",Unfall 51310 (2017) Kat:3, Licht: 0,51310,3,6,2,07,07,2,1,0,0,1,0,0,,0
"POINT (8.383329084000025 48.995637500000043)",Unfall 51311 (2017) Kat:3, Licht: 0,51311,3,6,2,07,15,2,0,0,0,1,0,0,,0
"POINT (8.385770276000073 48.998712160000082)",Unfall 51320 (2017) Kat:3, Licht: 0,51320,3,2,0,07,18,2,1,0,0,1,0,1,,0
"POINT (8.357710187000066 49.009028374000081)",Unfall 51321 (2017) Kat:3, Licht: 0,51321,3,6,2,07,15,2,0,0,0,1,0,0,,1
"POINT (8.421173461000024 49.004071035000038)",Unfall 51322 (2017) Kat:3, Licht: 0,51322,3,6,0,07,09,2,0,0,0,1,0,0,,1
"POINT (8.378576668000051 48.992789271000049)",Unfall 51488 (2017) Kat:3, Licht: 0,51488,3,1,9,07,13,4,1,0,0,1,0,0,,0
"POINT (8.387005256000066 49.006169637000028)",Unfall 51605 (2017) Kat:3, Licht: 0,51605,3,6,2,07,17,3,1,0,0,1,0,0,,1
"POINT (8.394399647000057 49.004351055000029)",Unfall 51620 (2017) Kat:2, Licht: 0,51620,2,2,5,07,18,6,0,0,1,0,0,0,,0
"POINT (8.394589188000055 49.004049246000079)",Unfall 51770 (2017) Kat:3, Licht: 0,51770,3,5,1,07,09,2,0,0,1,1,0,0,,0
"POINT (8.396616761000075 48.989020306000043)",Unfall 51771 (2017) Kat:3, Licht: 0,51771,3,6,2,07,18,2,0,0,0,1,0,0,,0
"POINT (8.413941209000029 48.962773818000073)",Unfall 51796 (2017) Kat:2, Licht: 0,51796,2,6,2,08,12,6,0,0,0,1,0,0,,0
"POINT (8.411900260000039 49.006144842000026)",Unfall 51797 (2017) Kat:3, Licht: 0,51797,3,6,2,08,16,6,0,0,0,1,0,0,,0
"POINT (8.405694717000074 48.960546689000068)",Unfall 51822 (2017) Kat:3, Licht: 0,51822,3,6,2,08,19,6,0,0,0,1,0,0,,0
"POINT (8.387172704000022 49.007624071000066)",Unfall 51865 (2017) Kat:3, Licht: 2,51865,3,2,5,08,21,5,0,2,0,1,0,0,,0
"POINT (8.341413624000040 49.023115744000052)",Unfall 51866 (2017) Kat:3, Licht: 0,51866,3,6,2,08,13,5,0,0,0,1,0,0,,0
"POINT (8.479563623000047 49.010486443000048)",Unfall 51874 (2017) Kat:2, Licht: 0,51874,2,1,0,08,08,5,1,0,0,0,0,1,,0
"POINT (8.465622304000021 48.978798811000047)",Unfall 52012 (2017) Kat:1, Licht: 0,52012,1,1,0,08,15,2,0,0,1,0,0,0,,0
"POINT (8.493280914000025 49.048970862000033)",Unfall 52103 (2017) Kat:2, Licht: 1,52103,2,6,7,08,05,6,0,1,0,1,0,0,,1
"POINT (8.387704980000024 49.012587827000061)",Unfall 52105 (2017) Kat:3, Licht: 0,52105,3,3,5,08,10,6,0,0,1,1,0,0,,0
"POINT (8.461024127000030 49.010546082000076)",Unfall 52110 (2017) Kat:2, Licht: 0,52110,2,6,2,08,16,1,0,0,0,1,0,0,,0
"POINT (8.381764390000058 48.992195848000051)",Unfall 52111 (2017) Kat:2, Licht: 0,52111,2,1,9,08,18,1,0,0,0,0,0,1,,0
"POINT (8.479686067000046 49.000120003000063)",Unfall 52164 (2017) Kat:2, Licht: 0,52164,2,6,1,08,13,5,1,0,0,1,0,0,,0
"POINT (8.375901363000025 48.974663237000073)",Unfall 52182 (2017) Kat:3, Licht: 0,52182,3,6,2,08,17,5,1,0,0,1,0,0,,0
"POINT (8.442090215000064 49.004379815000050)",Unfall 52246 (2017) Kat:3, Licht: 0,52246,3,3,5,08,10,4,0,0,1,1,0,0,,0
"POINT (8.381482165000023 48.992105180000067)",Unfall 52442 (2017) Kat:3, Licht: 0,52442,3,7,0,08,11,5,1,0,0,0,0,1,,1
"POINT (8.381806801000039 49.005541571000037)",Unfall 52443 (2017) Kat:3, Licht: 0,52443,3,6,2,08,18,5,0,0,0,1,0,0,,0
"POINT (8.353090839000060 49.015823808000050)",Unfall 52444 (2017) Kat:3, Licht: 0,52444,3,6,1,08,12,5,0,0,0,1,0,0,,0
"POINT (8.440548540000066 49.010185416000070)",Unfall 52445 (2017) Kat:3, Licht: 0,52445,3,2,5,08,14,5,0,0,1,1,0,0,,0
"POINT (8.391515959000060 49.053232312000034)",Unfall 52618 (2017) Kat:3, Licht: 0,52618,3,6,2,08,20,2,0,0,0,1,0,0,,0
"POINT (8.476521898000044 48.996922325000071)",Unfall 52708 (2017) Kat:3, Licht: 0,52708,3,2,2,08,17,1,0,0,0,1,0,0,,0
"POINT (8.324747597000055 49.036817348000056)",Unfall 52775 (2017) Kat:2, Licht: 0,52775,2,3,5,08,16,6,1,0,0,1,0,0,,1
"POINT (8.344778438000049 49.030816254000058)",Unfall 52834 (2017) Kat:3, Licht: 2,52834,3,3,5,08,21,6,0,2,0,1,0,0,,0
"POINT (8.461378305000039 49.030025003000048)",Unfall 52835 (2017) Kat:3, Licht: 0,52835,3,3,5,08,12,6,0,0,0,1,0,1,,0
"POINT (8.508384970000066 49.005291780000050)",Unfall 52849 (2017) Kat:3, Licht: 0,52849,3,6,2,08,10,6,0,0,0,0,0,1,,1
"POINT (8.398240902000055 49.014263385000049)",Unfall 53006 (2017) Kat:3, Licht: 0,53006,3,2,5,08,16,4,0,0,1,1,0,0,,0
"POINT (8.387899784000069 49.014676800000075)",Unfall 53014 (2017) Kat:2, Licht: 0,53014,2,2,5,08,18,1,0,0,0,1,0,1,,0
"POINT (8.508035049000057 48.955546579000043)",Unfall 53063 (2017) Kat:2, Licht: 2,53063,2,1,8,08,02,3,0,2,0,0,0,0,,1
"POINT (8.473313309000048 48.992509055000028)",Unfall 53064 (2017) Kat:3, Licht: 0,53064,3,5,1,08,19,3,0,0,1,1,0,0,,0
"POINT (8.350854169000058 48.999348604000033)",Unfall 53084 (2017) Kat:2, Licht: 2,53084,2,7,8,08,06,3,0,2,0,1,0,0,,0
"POINT (8.438354770000046 48.989798487000030)",Unfall 53132 (2017) Kat:2, Licht: 0,53132,2,1,9,08,08,2,0,0,0,0,0,1,,0
"POINT (8.479925836000064 49.000270601000068)",Unfall 53237 (2017) Kat:3, Licht: 2,53237,3,5,1,08,01,1,0,2,0,1,0,1,,0
"POINT (8.353119975000027 49.013556677000054)",Unfall 53291 (2017) Kat:3, Licht: 0,53291,3,6,2,09,11,4,0,0,0,1,0,0,,1
"POINT (8.377444005000029 49.005634424000050)",Unfall 53309 (2017) Kat:3, Licht: 0,53309,3,2,2,09,09,4,0,0,0,1,0,0,,0
"POINT (8.447927763000052 49.001366211000061)",Unfall 53315 (2017) Kat:2, Licht: 0,53315,2,7,8,09,12,7,0,0,0,0,0,0,,1
"POINT (8.424372314000038 49.002983067000059)",Unfall 53329 (2017) Kat:3, Licht: 0,53329,3,1,8,09,10,7,1,0,0,1,0,0,,0
"POINT (8.353743370000075 49.036850747000074)",Unfall 53442 (2017) Kat:3, Licht: 0,53442,3,3,2,09,17,3,0,0,0,1,0,0,,1
"POINT (8.410476629000073 49.006063659000063)",Unfall 53460 (2017) Kat:3, Licht: 0,53460,3,2,5,08,11,5,1,0,0,1,0,0,,0
"POINT (8.412740684000028 49.005963528000052)",Unfall 53557 (2017) Kat:3, Licht: 0,53557,3,7,0,08,16,4,0,0,1,0,0,0,,0
"POINT (8.366169808000052 49.004403043000082)",Unfall 53714 (2017) Kat:3, Licht: 2,53714,3,1,8,08,04,2,0,2,0,1,0,0,,0
"POINT (8.394712836000053 49.005267512000046)",Unfall 53715 (2017) Kat:3, Licht: 0,53715,3,4,6,08,09,2,0,0,1,0,1,0,,0
"POINT (8.440053805000048 48.996351775000051)",Unfall 53802 (2017) Kat:3, Licht: 0,53802,3,1,8,09,19,4,1,0,0,1,0,0,,0
"POINT (8.436761390000072 48.980781875000048)",Unfall 53896 (2017) Kat:3, Licht: 0,53896,3,6,3,09,08,3,0,0,0,1,0,0,,1
"POINT (8.436620117000075 48.992733628000053)",Unfall 53967 (2017) Kat:3, Licht: 0,53967,3,6,3,09,06,6,0,0,0,1,0,0,,1
"POINT (8.415680982000026 49.005313931000046)",Unfall 53976 (2017) Kat:3, Licht: 0,53976,3,3,5,09,13,6,1,0,0,1,0,0,,0
"POINT (8.330244614000037 49.035937637000075)",Unfall 53978 (2017) Kat:3, Licht: 0,53978,3,3,5,09,16,6,1,0,0,1,0,0,,0
"POINT (8.461018739000053 49.010541070000045)",Unfall 53980 (2017) Kat:3, Licht: 0,53980,3,6,2,09,16,6,0,0,0,1,0,0,,1
"POINT (8.450230751000049 48.970998895000037)",Unfall 53984 (2017) Kat:2, Licht: 2,53984,2,2,0,09,05,6,0,2,0,1,0,1,,0
"POINT (8.386746305000031 49.005221722000044)",Unfall 54020 (2017) Kat:3, Licht: 0,54020,3,6,2,09,17,6,1,0,0,1,0,0,,0
"POINT (8.386865496000041 49.005399306000072)",Unfall 54034 (2017) Kat:3, Licht: 0,54034,3,6,2,09,17,6,1,0,0,1,0,0,,0
"POINT (8.436650109000027 48.977013651000050)",Unfall 54198 (2017) Kat:2, Licht: 0,54198,2,6,3,09,09,7,0,0,0,1,0,0,,1
"POINT (8.408576638000056 49.005817988000047)",Unfall 54298 (2017) Kat:3, Licht: 0,54298,3,3,5,09,17,6,0,0,1,1,0,0,,0
"POINT (8.377539161000073 49.005645493000031)",Unfall 54312 (2017) Kat:3, Licht: 0,54312,3,6,2,09,16,2,0,0,0,1,0,0,,0
"POINT (8.323051661000022 49.037014768000063)",Unfall 54316 (2017) Kat:3, Licht: 2,54316,3,3,5,09,22,4,0,2,0,1,0,0,,1
"POINT (8.391219296000031 49.005401937000045)",Unfall 54319 (2017) Kat:2, Licht: 0,54319,2,3,5,09,09,4,0,0,1,0,0,0,,1
"POINT (8.436961046000022 49.004990083000052)",Unfall 54417 (2017) Kat:3, Licht: 0,54417,3,1,8,09,18,1,0,0,0,0,0,1,,0
"POINT (8.371444020000070 49.005479009000055)",Unfall 54467 (2017) Kat:2, Licht: 2,54467,2,3,5,09,20,2,0,2,0,1,0,1,,0
"POINT (8.404905001000032 48.966017276000059)",Unfall 54496 (2017) Kat:3, Licht: 0,54496,3,3,5,09,08,3,1,0,1,0,0,0,,1
"POINT (8.393887987000028 48.999015575000044)",Unfall 54497 (2017) Kat:2, Licht: 0,54497,2,7,5,09,15,3,0,0,1,0,0,0,,1
"POINT (8.331319596000071 49.030248487000051)",Unfall 54499 (2017) Kat:3, Licht: 0,54499,3,6,2,09,12,3,0,0,0,1,0,0,,1
"POINT (8.369291925000027 49.000342883000030)",Unfall 54515 (2017) Kat:3, Licht: 2,54515,3,6,2,09,00,7,0,2,0,1,0,1,,0
"POINT (8.394960597000022 49.033389471000078)",Unfall 54526 (2017) Kat:3, Licht: 0,54526,3,3,5,09,12,7,0,0,1,1,0,0,,0
"POINT (8.453767148000054 49.034856931000036)",Unfall 54678 (2017) Kat:3, Licht: 0,54678,3,6,2,09,07,6,0,0,0,1,0,0,,1
"POINT (8.336423252000031 49.025508979000051)",Unfall 54680 (2017) Kat:3, Licht: 0,54680,3,6,2,09,14,6,0,0,0,1,0,0,,0
"POINT (8.446313132000057 49.003587266000068)",Unfall 54743 (2017) Kat:2, Licht: 0,54743,2,6,2,09,17,2,0,0,1,0,0,0,,0
"POINT (8.455083970000032 48.971633475000033)",Unfall 54803 (2017) Kat:3, Licht: 0,54803,3,6,3,09,07,5,0,0,0,1,0,0,,0
"POINT (8.424392687000022 49.002986348000036)",Unfall 54831 (2017) Kat:3, Licht: 0,54831,3,3,2,09,14,5,0,0,0,1,0,1,,0
"POINT (8.510633064000047 49.026848325000060)",Unfall 54834 (2017) Kat:3, Licht: 0,54834,3,2,5,09,18,5,0,0,0,1,0,1,,0
"POINT (8.426650113000051 48.995096493000062)",Unfall 54835 (2017) Kat:2, Licht: 0,54835,2,7,9,09,17,5,0,0,0,0,0,1,,0
"POINT (8.398238536000065 49.014279448000082)",Unfall 54894 (2017) Kat:3, Licht: 2,54894,3,7,9,09,04,1,0,2,0,1,0,0,,0
"POINT (8.377475529000037 49.005638091000037)",Unfall 54898 (2017) Kat:3, Licht: 0,54898,3,3,5,09,12,1,0,0,1,0,0,0,,1
"POINT (8.437645423000049 49.005209799000056)",Unfall 54979 (2017) Kat:3, Licht: 0,54979,3,3,5,09,15,6,0,0,0,1,0,0,,0
"POINT (8.347377317000053 49.003415638000035)",Unfall 54980 (2017) Kat:3, Licht: 0,54980,3,6,3,09,10,6,0,0,0,1,0,0,,1
"POINT (8.464947897000059 48.966605427000047)",Unfall 54981 (2017) Kat:3, Licht: 0,54981,3,6,2,09,12,6,0,0,0,1,0,0,,0
"POINT (8.436709443000041 48.984402212000077)",Unfall 55023 (2017) Kat:3, Licht: 0,55023,3,6,2,09,12,3,0,0,0,1,0,0,,0
"POINT (8.344949725000049 49.001379021000048)",Unfall 55047 (2017) Kat:1, Licht: 0,55047,1,3,5,09,08,5,0,0,1,1,0,0,,0
"POINT (8.409952448000070 48.992191858000069)",Unfall 55072 (2017) Kat:3, Licht: 0,55072,3,6,2,09,17,3,0,0,0,1,0,0,,0
"POINT (8.387899263000065 49.014658025000074)",Unfall 55111 (2017) Kat:3, Licht: 0,55111,3,2,5,09,09,4,0,0,0,1,0,0,,0
"POINT (8.358765748000053 49.008632222000074)",Unfall 55113 (2017) Kat:3, Licht: 0,55113,3,6,3,09,17,4,0,0,0,1,0,1,,0
"POINT (8.352734488000067 49.013943896000058)",Unfall 55114 (2017) Kat:3, Licht: 0,55114,3,6,2,09,11,4,0,0,0,1,0,0,,0
"POINT (8.387253458000032 49.008304035000037)",Unfall 55128 (2017) Kat:3, Licht: 0,55128,3,3,5,09,08,4,0,0,1,0,0,0,,1
"POINT (8.382637575000047 49.037367768000081)",Unfall 55190 (2017) Kat:3, Licht: 0,55190,3,3,5,10,15,5,0,0,1,1,0,0,,0
"POINT (8.387444320000043 49.010559593000039)",Unfall 55191 (2017) Kat:3, Licht: 0,55191,3,7,0,10,17,5,1,0,1,0,0,0,,0
"POINT (8.396561956000028 48.993655033000039)",Unfall 55192 (2017) Kat:3, Licht: 0,55192,3,3,1,10,16,5,1,0,0,1,0,1,,0
"POINT (8.436431928000047 48.987481576000050)",Unfall 55250 (2017) Kat:3, Licht: 0,55250,3,6,2,10,07,4,0,0,0,1,0,0,,1
"POINT (8.397915865000073 49.005396119000068)",Unfall 55308 (2017) Kat:3, Licht: 1,55308,3,7,0,10,18,3,0,1,1,1,0,0,,0
"POINT (8.453009088000044 49.042944445000046)",Unfall 55347 (2017) Kat:3, Licht: 0,55347,3,6,2,10,16,2,0,0,0,1,0,0,,0
"POINT (8.450972693000040 49.042421407000063)",Unfall 55348 (2017) Kat:3, Licht: 1,55348,3,2,2,10,07,2,0,1,0,1,0,0,,0
"POINT (8.399758192000036 48.959741141000052)",Unfall 55396 (2017) Kat:3, Licht: 0,55396,3,6,2,10,14,1,0,0,0,1,0,0,,1
"POINT (8.445930079000050 48.987282849000053)",Unfall 55397 (2017) Kat:3, Licht: 0,55397,3,6,2,10,17,1,0,0,0,1,0,0,,0
"POINT (8.392071344000044 49.058124803000055)",Unfall 55398 (2017) Kat:3, Licht: 0,55398,3,6,9,10,10,1,0,0,0,1,0,0,,0
"POINT (8.440812385000072 49.004616914000053)",Unfall 55467 (2017) Kat:3, Licht: 2,55467,3,7,0,09,23,7,1,2,1,0,1,0,,0
"POINT (8.363029635000032 49.006689365000057)",Unfall 55539 (2017) Kat:3, Licht: 0,55539,3,6,2,10,16,3,0,0,0,1,0,0,,0
"POINT (8.314803069000050 49.037655171000040)",Unfall 55597 (2017) Kat:3, Licht: 0,55597,3,3,5,10,13,2,0,0,0,1,0,0,,1
"POINT (8.484240928000077 49.003210151000076)",Unfall 55688 (2017) Kat:2, Licht: 0,55688,2,6,2,10,11,7,0,0,0,1,0,0,,0
"POINT (8.372524241000065 49.059075217000043)",Unfall 55862 (2017) Kat:3, Licht: 1,55862,3,6,2,10,06,5,0,1,0,1,0,1,,0
"POINT (8.436461638000026 48.987167749000037)",Unfall 55871 (2017) Kat:3, Licht: 2,55871,3,6,2,10,06,2,0,2,0,1,0,0,,1