WKT,Name,OBJECTID,UKATEGORIE,UTYP1,UART,UMONAT,USTUNDE,UWOCHENTAG,STRZUSTAND,ULICHTVERH,ISTRAD,ISTPKW,ISTFUSS,ISTKRAD,ISTGKFZ,ISTSONSTIG
"POINT (8.439124699000047 49.010972908000042)",Unfall 55889 (2017) Kat:3, Licht: 0,55889,3,7,2,10,08,5,0,0,1,1,0,0,,0
"POINT (8.383623790000058 48.995571628000050)",Unfall 55893 (2017) Kat:3, Licht: 0,55893,3,6,2,10,15,2,0,0,0,1,0,0,,1
"POINT (8.402731764000066 49.005501783000057)",Unfall 55894 (2017) Kat:3, Licht: 0,55894,3,6,3,10,16,2,0,0,0,1,0,1,,0
"POINT (8.464671747000068 48.964269398000056)",Unfall 56049 (2017) Kat:1, Licht: 0,56049,1,2,5,10,12,7,0,0,0,1,0,1,,0
"POINT (8.403710781000029 49.005426359000069)",Unfall 56170 (2017) Kat:3, Licht: 0,56170,3,7,9,10,07,6,0,0,1,0,0,0,,0
"POINT (8.431413927000051 49.002372983000043)",Unfall 56171 (2017) Kat:3, Licht: 2,56171,3,7,9,10,19,6,0,2,0,1,0,0,,0
"POINT (8.403964456000040 48.991103603000056)",Unfall 56260 (2017) Kat:3, Licht: 2,56260,3,7,7,10,06,3,0,2,0,0,0,1,,0
"POINT (8.436262463000048 48.989956538000058)",Unfall 56284 (2017) Kat:3, Licht: 2,56284,3,1,9,10,21,7,1,2,0,1,0,0,,0
"POINT (8.446734693000053 48.986799421000057)",Unfall 56309 (2017) Kat:3, Licht: 2,56309,3,6,2,10,22,3,0,2,0,1,0,0,,0
"POINT (8.412811714000043 48.962356812000053)",Unfall 56457 (2017) Kat:3, Licht: 0,56457,3,6,2,10,14,5,0,0,0,1,0,0,,0
"POINT (8.396707216000038 49.023433023000052)",Unfall 56541 (2017) Kat:3, Licht: 0,56541,3,6,2,10,10,4,0,0,0,1,0,0,,0
"POINT (8.472447667000040 49.013834941000027)",Unfall 56628 (2017) Kat:3, Licht: 2,56628,3,6,2,10,18,6,0,2,0,1,0,0,,0
"POINT (8.440544360000047 49.018013261000078)",Unfall 56647 (2017) Kat:3, Licht: 2,56647,3,2,6,10,08,6,1,2,0,1,1,0,,0
"POINT (8.387270493000074 49.008447261000072)",Unfall 56715 (2017) Kat:3, Licht: 0,56715,3,7,5,10,15,5,0,0,0,1,0,0,,1
"POINT (8.404758359000027 48.972422003000077)",Unfall 56743 (2017) Kat:3, Licht: 0,56743,3,3,5,10,12,7,0,0,1,1,0,0,,0
"POINT (8.459843628000044 48.969931532000032)",Unfall 56928 (2017) Kat:3, Licht: 2,56928,3,6,2,10,19,6,0,2,0,1,0,0,,0
"POINT (8.451179684000067 49.035128747000044)",Unfall 56939 (2017) Kat:3, Licht: 0,56939,3,6,2,10,17,3,0,0,0,1,0,0,,0
"POINT (8.451890946000049 49.003932267000039)",Unfall 56940 (2017) Kat:3, Licht: 1,56940,3,6,1,10,16,3,0,1,0,1,0,0,,1
"POINT (8.393504951000068 48.995096654000065)",Unfall 57016 (2017) Kat:3, Licht: 1,57016,3,3,5,10,17,7,0,1,1,1,0,0,,0
"POINT (8.403555065000035 48.988152204000073)",Unfall 57160 (2017) Kat:2, Licht: 2,57160,2,3,5,11,20,5,1,2,1,1,0,0,,0
"POINT (8.506374270000038 49.023395852000078)",Unfall 57173 (2017) Kat:2, Licht: 1,57173,2,6,2,11,07,5,1,1,0,1,0,0,,1
"POINT (8.451465006000035 49.036356387000069)",Unfall 57174 (2017) Kat:3, Licht: 2,57174,3,6,2,11,17,5,1,2,0,1,0,0,,1
"POINT (8.352748628000029 49.013653985000076)",Unfall 57305 (2017) Kat:3, Licht: 0,57305,3,2,2,11,16,7,0,0,0,1,0,0,,1
"POINT (8.400050836000048 49.005568098000026)",Unfall 57314 (2017) Kat:3, Licht: 2,57314,3,2,2,11,20,7,0,2,0,1,0,0,,0
"POINT (8.436639934000027 48.985226494000074)",Unfall 57371 (2017) Kat:3, Licht: 0,57371,3,6,2,11,15,6,0,0,0,1,0,0,,0
"POINT (8.500398578000045 49.004767637000043)",Unfall 57468 (2017) Kat:3, Licht: 0,57468,3,6,2,11,18,5,0,0,0,1,0,0,,0
"POINT (8.382836809000025 49.005505249000066)",Unfall 57517 (2017) Kat:2, Licht: 0,57517,2,3,5,11,15,4,0,0,0,1,0,1,,0
"POINT (8.404243364000024 48.980629373000056)",Unfall 57521 (2017) Kat:3, Licht: 0,57521,3,2,5,11,15,4,0,0,1,1,0,0,,0
"POINT (8.353883560000043 49.016768257000081)",Unfall 57585 (2017) Kat:3, Licht: 2,57585,3,3,5,11,18,3,1,2,1,1,0,0,,0
"POINT (8.395890742000063 49.027852609000035)",Unfall 57589 (2017) Kat:3, Licht: 0,57589,3,6,2,11,16,3,0,0,0,1,0,0,,1
"POINT (8.389627256000040 49.018805322000048)",Unfall 57685 (2017) Kat:3, Licht: 0,57685,3,2,5,11,07,3,0,0,1,0,0,0,,1
"POINT (8.444610241000021 49.003754204000074)",Unfall 57715 (2017) Kat:3, Licht: 2,57715,3,6,2,11,18,4,0,2,0,1,0,0,,0
"POINT (8.430886610000073 48.993024463000040)",Unfall 57772 (2017) Kat:3, Licht: 2,57772,3,6,3,11,18,6,0,2,0,1,0,0,,1
"POINT (8.440598366000074 49.018043272000057)",Unfall 57873 (2017) Kat:3, Licht: 2,57873,3,2,5,11,20,2,1,2,0,1,0,0,,1
"POINT (8.379427496000062 48.992510133000053)",Unfall 57912 (2017) Kat:3, Licht: 2,57912,3,3,5,11,06,2,1,2,0,0,0,1,,1
"POINT (8.362282132000075 49.039140045000067)",Unfall 57934 (2017) Kat:3, Licht: 0,57934,3,6,2,11,13,2,1,0,0,1,0,0,,1
"POINT (8.387899716000050 49.014674339000067)",Unfall 57936 (2017) Kat:3, Licht: 2,57936,3,3,5,11,06,2,1,2,0,1,0,0,,0
"POINT (8.387063608000062 49.006634704000078)",Unfall 58025 (2017) Kat:3, Licht: 0,58025,3,2,5,11,11,1,0,0,1,1,0,0,,0
"POINT (8.362274566000053 49.039122626000051)",Unfall 58077 (2017) Kat:3, Licht: 2,58077,3,1,2,11,17,7,1,2,0,1,0,0,,1
"POINT (8.438583974000039 48.995270617000074)",Unfall 58090 (2017) Kat:3, Licht: 0,58090,3,6,3,11,13,7,0,0,0,1,0,0,,1
"POINT (8.394771847000072 49.005521086000044)",Unfall 58118 (2017) Kat:3, Licht: 0,58118,3,3,5,11,12,7,0,0,1,1,0,0,,0
"POINT (8.488298381000050 48.991310380000073)",Unfall 58119 (2017) Kat:2, Licht: 0,58119,2,3,5,11,09,7,1,0,0,1,0,0,,0
"POINT (8.464013547000036 48.967513904000043)",Unfall 58210 (2017) Kat:3, Licht: 0,58210,3,6,2,11,12,7,1,0,0,1,0,0,,0
"POINT (8.403705686000023 49.005494088000034)",Unfall 58232 (2017) Kat:3, Licht: 2,58232,3,6,2,11,03,7,1,2,0,1,0,0,,0
"POINT (8.407240318000049 49.005583040000033)",Unfall 58391 (2017) Kat:2, Licht: 2,58391,2,4,6,11,19,3,1,2,0,1,1,0,,0
"POINT (8.360346403000051 48.995946174000039)",Unfall 58392 (2017) Kat:3, Licht: 2,58392,3,6,2,11,19,3,0,2,0,1,0,0,,0
"POINT (8.352156187000048 49.018797737000057)",Unfall 58403 (2017) Kat:3, Licht: 1,58403,3,3,5,11,08,3,1,1,1,0,0,0,,1
"POINT (8.436368011000070 48.990618721000033)",Unfall 58406 (2017) Kat:3, Licht: 2,58406,3,6,2,11,17,3,1,2,0,1,0,0,,0
"POINT (8.396544366000057 49.024281866000081)",Unfall 58448 (2017) Kat:3, Licht: 2,58448,3,1,2,11,18,3,1,2,0,1,0,1,,0
"POINT (8.353262156000028 49.016286696000066)",Unfall 58449 (2017) Kat:3, Licht: 0,58449,3,6,2,11,13,5,0,0,0,1,0,0,,0
"POINT (8.357421970000075 49.025570600000037)",Unfall 58589 (2017) Kat:3, Licht: 2,58589,3,6,2,11,17,4,0,2,0,1,0,0,,0
"POINT (8.393800729000077 48.998309649000078)",Unfall 58605 (2017) Kat:3, Licht: 0,58605,3,2,5,11,08,2,1,0,1,0,0,0,,0
"POINT (8.394572020000055 49.003917969000042)",Unfall 58666 (2017) Kat:3, Licht: 0,58666,3,2,5,11,08,3,1,0,1,1,0,0,,0
"POINT (8.445091737000041 48.987650650000035)",Unfall 58676 (2017) Kat:3, Licht: 2,58676,3,6,2,12,16,6,1,2,0,1,0,0,,0
"POINT (8.354334284000061 49.013339993000045)",Unfall 58686 (2017) Kat:3, Licht: 1,58686,3,4,6,12,19,6,0,1,0,1,1,0,,0
"POINT (8.386910070000056 49.005519119000041)",Unfall 58767 (2017) Kat:2, Licht: 0,58767,2,3,5,11,13,5,0,0,0,1,0,0,,1
"POINT (8.408419208000055 48.961526987000070)",Unfall 58770 (2017) Kat:2, Licht: 1,58770,2,6,9,12,08,2,1,1,0,1,0,0,,1
"POINT (8.423902298000030 49.003243647000033)",Unfall 58829 (2017) Kat:3, Licht: 2,58829,3,3,5,12,17,1,1,2,0,1,0,0,,0
"POINT (8.489818719000027 49.006423187000053)",Unfall 58862 (2017) Kat:2, Licht: 0,58862,2,7,8,12,15,7,0,0,0,1,0,0,,0
"POINT (8.352738368000075 49.013864317000071)",Unfall 58863 (2017) Kat:3, Licht: 0,58863,3,6,2,12,10,7,0,0,0,1,0,0,,1
"POINT (8.454938445000039 48.971508107000034)",Unfall 58864 (2017) Kat:3, Licht: 0,58864,3,6,2,12,09,7,0,0,0,1,0,0,,0
"POINT (8.379442210000036 49.005627483000069)",Unfall 58867 (2017) Kat:2, Licht: 2,58867,2,7,0,12,00,7,0,2,1,0,0,0,,0
"POINT (8.387607996000043 49.011745339000072)",Unfall 58913 (2017) Kat:3, Licht: 2,58913,3,5,1,12,17,6,1,2,0,1,0,0,,0
"POINT (8.439599706000024 49.004841911000028)",Unfall 58915 (2017) Kat:3, Licht: 2,58915,3,6,2,12,17,6,1,2,0,1,0,0,,0
"POINT (8.460073029000057 48.983011503000057)",Unfall 58916 (2017) Kat:3, Licht: 2,58916,3,2,5,12,06,6,1,2,1,1,0,0,,0
"POINT (8.397979190000058 49.016099579000070)",Unfall 58981 (2017) Kat:3, Licht: 0,58981,3,3,5,12,09,3,1,0,0,1,0,0,,0
"POINT (8.358439880000049 49.010151457000063)",Unfall 58987 (2017) Kat:3, Licht: 2,58987,3,7,0,12,00,3,0,2,0,0,0,1,,0
"POINT (8.479748503000053 49.010384758000043)",Unfall 59024 (2017) Kat:2, Licht: 2,59024,2,6,2,12,01,7,1,2,0,1,0,0,,0
"POINT (8.366347369000039 49.004075701000033)",Unfall 59084 (2017) Kat:3, Licht: 2,59084,3,6,2,12,17,6,1,2,0,1,0,0,,1
"POINT (8.329338628000073 49.035768118000078)",Unfall 59158 (2017) Kat:3, Licht: 2,59158,3,6,2,12,05,5,0,2,0,1,0,0,,0
"POINT (8.426744614000029 49.000610307000045)",Unfall 59213 (2017) Kat:3, Licht: 2,59213,3,6,2,12,06,4,0,2,0,1,0,0,,0
"POINT (8.436845437000045 48.982765897000036)",Unfall 59412 (2017) Kat:3, Licht: 2,59412,3,6,3,12,17,4,1,2,0,1,0,0,,0
"POINT (8.372191633000057 49.045477085000073)",Unfall 59413 (2017) Kat:2, Licht: 2,59413,2,4,6,12,17,4,1,2,0,1,1,0,,0
"POINT (8.406768599000031 48.976126025000042)",Unfall 59421 (2017) Kat:3, Licht: 2,59421,3,6,3,12,17,4,1,2,0,1,0,0,,0
"POINT (8.492247127000042 48.943630002000077)",Unfall 59422 (2017) Kat:3, Licht: 0,59422,3,6,2,12,09,4,1,0,0,1,0,0,,0
"POINT (8.463423345000024 48.981841921000068)",Unfall 59423 (2017) Kat:3, Licht: 1,59423,3,2,5,12,07,4,2,1,1,1,0,0,,0
"POINT (8.494452665000040 49.050607291000063)",Unfall 59477 (2017) Kat:3, Licht: 2,59477,3,6,2,12,17,3,1,2,0,1,0,0,,0
"POINT (8.452836906000073 49.043081690000065)",Unfall 59487 (2017) Kat:3, Licht: 2,59487,3,6,1,12,18,3,1,2,0,1,0,0,,0
"POINT (8.368262351000055 49.001148469000043)",Unfall 59488 (2017) Kat:3, Licht: 2,59488,3,6,2,12,00,3,1,2,0,1,0,0,,1
"POINT (8.368136323000044 48.992455434000078)",Unfall 59533 (2017) Kat:3, Licht: 0,59533,3,6,2,12,12,1,1,0,0,1,0,0,,0
"POINT (8.413389870000060 49.005820435000032)",Unfall 59549 (2017) Kat:3, Licht: 2,59549,3,2,5,12,07,2,1,2,1,1,0,0,,0
"POINT (8.395459441000071 49.030267640000034)",Unfall 59550 (2017) Kat:3, Licht: 2,59550,3,6,1,12,17,2,1,2,0,1,0,0,,0
"POINT (8.485406054000066 49.037308572000029)",Unfall 59595 (2017) Kat:2, Licht: 2,59595,2,6,2,12,01,4,1,2,0,1,0,0,,1
"POINT (8.387696539000046 49.012507602000028)",Unfall 59596 (2017) Kat:3, Licht: 0,59596,3,3,5,12,13,4,1,0,0,1,0,0,,0
"POINT (8.360433786000044 48.995917342000041)",Unfall 59602 (2017) Kat:3, Licht: 2,59602,3,2,5,12,07,4,1,2,1,1,0,0,,0
"POINT (8.352737228000024 49.013887698000076)",Unfall 59613 (2017) Kat:3, Licht: 2,59613,3,6,2,12,19,4,1,2,0,1,0,0,,0
"POINT (8.403837009000029 48.988920439000026)",Unfall 59657 (2017) Kat:3, Licht: 2,59657,3,2,5,12,17,3,1,2,1,1,0,0,,0
"POINT (8.483383136000043 48.954492482000035)",Unfall 59658 (2017) Kat:3, Licht: 2,59658,3,6,3,12,19,3,1,2,0,1,0,0,,1
"POINT (8.404260323000074 48.980805214000043)",Unfall 59725 (2017) Kat:3, Licht: 0,59725,3,2,5,12,07,2,0,0,1,1,0,0,,0
"POINT (8.436754469000050 48.978261452000027)",Unfall 59869 (2017) Kat:3, Licht: 2,59869,3,6,2,12,17,6,0,2,0,1,0,0,,0
"POINT (8.415589944000033 49.005334222000045)",Unfall 59870 (2017) Kat:3, Licht: 2,59870,3,4,6,12,06,6,1,2,0,0,1,0,,1
"POINT (8.490315002000045 49.006377327000052)",Unfall 59936 (2017) Kat:1, Licht: 2,59936,1,1,8,12,17,7,0,2,0,1,0,0,,0
"POINT (8.394783917000041 49.005521244000079)",Unfall 59939 (2017) Kat:3, Licht: 0,59939,3,3,5,12,11,7,1,0,1,1,0,0,,0
"POINT (8.452089440000066 49.003751076000071)",Unfall 60003 (2017) Kat:3, Licht: 0,60003,3,6,3,12,15,5,0,0,0,1,0,0,,0
"POINT (8.387171452000075 49.007612730000062)",Unfall 60060 (2017) Kat:3, Licht: 0,60060,3,2,5,12,16,4,1,0,1,1,0,0,,0
"POINT (8.491112271000077 49.045493317000080)",Unfall 60201 (2017) Kat:3, Licht: 1,60201,3,6,2,12,16,6,1,1,0,1,0,0,,0
"POINT (8.511028411000041 49.027236312000070)",Unfall 60214 (2017) Kat:3, Licht: 0,60214,3,1,2,12,14,6,1,0,0,1,0,0,,0
"POINT (8.356318439000063 49.022221528000046)",Unfall 60280 (2017) Kat:3, Licht: 2,60280,3,1,8,12,21,5,1,2,0,1,0,0,,0
"POINT (8.334343741000055 49.006459665000079)",Unfall 145886 (2017) Kat:3, Licht: 1,145886,3,3,0,01,07,5,1,1,1,0,0,0,,1
"POINT (8.360768700000051 49.011324373000036)",Unfall 145887 (2017) Kat:3, Licht: 1,145887,3,5,3,01,17,5,1,1,1,1,0,0,,0
"POINT (8.334399922000046 49.006478999000080)",Unfall 145888 (2017) Kat:3, Licht: 0,145888,3,7,0,01,12,5,0,0,1,0,0,0,,0
"POINT (8.319714233000070 49.036697001000050)",Unfall 145915 (2017) Kat:3, Licht: 2,145915,3,6,4,01,21,4,1,2,0,1,0,0,,1
"POINT (8.370609309000031 49.063982872000054)",Unfall 145921 (2017) Kat:3, Licht: 2,145921,3,1,0,01,05,4,1,2,0,0,0,1,,0
"POINT (8.365739573000042 49.025858631000062)",Unfall 145945 (2017) Kat:3, Licht: 0,145945,3,6,4,01,08,3,2,0,0,1,0,0,,0
"POINT (8.389744210000060 49.010227375000056)",Unfall 145962 (2017) Kat:3, Licht: 0,145962,3,7,5,01,15,2,1,0,0,1,0,0,,1
"POINT (8.415588354000022 49.001106915000037)",Unfall 145968 (2017) Kat:3, Licht: 2,145968,3,4,6,01,17,2,2,2,0,1,1,0,,0
"POINT (8.373451070000044 49.008473811000044)",Unfall 146008 (2017) Kat:3, Licht: 2,146008,3,3,5,01,05,5,2,2,0,1,0,0,,0
"POINT (8.451036559000045 48.991995956000039)",Unfall 146035 (2017) Kat:3, Licht: 0,146035,3,3,5,01,07,4,0,0,0,1,0,0,,0
"POINT (8.430570948000025 49.028959511000039)",Unfall 146045 (2017) Kat:3, Licht: 2,146045,3,2,5,01,17,3,1,2,1,1,0,0,,0
"POINT (8.385387743000024 49.020205002000068)",Unfall 146046 (2017) Kat:2, Licht: 2,146046,2,5,1,01,17,3,0,2,1,1,0,0,,0
"POINT (8.409871014000032 49.007572874000061)",Unfall 146064 (2017) Kat:3, Licht: 2,146064,3,5,1,01,05,2,1,2,0,1,0,0,,1
"POINT (8.368755262000036 49.011178195000070)",Unfall 146065 (2017) Kat:3, Licht: 2,146065,3,2,2,01,18,2,1,2,0,1,0,0,,0
"POINT (8.430986221000069 49.020998079000037)",Unfall 146164 (2017) Kat:3, Licht: 2,146164,3,7,7,01,06,6,1,2,1,0,0,0,,0
"POINT (8.453370877000054 49.023989677000031)",Unfall 146171 (2017) Kat:3, Licht: 2,146171,3,4,0,01,19,6,0,2,0,0,1,0,,1
"POINT (8.407722096000043 49.011483360000057)",Unfall 146205 (2017) Kat:2, Licht: 0,146205,2,1,9,01,08,5,0,0,0,1,0,0,,0
"POINT (8.394832900000040 49.010014105000039)",Unfall 146238 (2017) Kat:3, Licht: 0,146238,3,7,0,01,10,4,0,0,0,0,0,0,,1
"POINT (8.362445477000051 49.027572260000056)",Unfall 146254 (2017) Kat:2, Licht: 2,146254,2,3,5,01,20,3,0,2,0,1,0,0,,0
"POINT (8.475543499000025 48.999573203000068)",Unfall 146255 (2017) Kat:3, Licht: 0,146255,3,3,5,01,10,3,0,0,1,1,0,0,,0
"POINT (8.372855139000023 49.006980064000061)",Unfall 146260 (2017) Kat:2, Licht: 2,146260,2,7,0,01,07,3,0,2,1,0,0,0,,0
"POINT (8.375574278000045 49.019073745000071)",Unfall 146275 (2017) Kat:3, Licht: 0,146275,3,3,5,01,15,2,1,0,1,1,0,0,,0
"POINT (8.348654380000028 49.019096085000058)",Unfall 146285 (2017) Kat:3, Licht: 2,146285,3,5,1,01,05,2,0,2,0,1,0,0,,0
"POINT (8.430662754000025 49.034485852000046)",Unfall 146302 (2017) Kat:3, Licht: 0,146302,3,1,0,01,15,1,1,0,0,0,0,1,,0
"POINT (8.448395605000030 49.005448236000063)",Unfall 146344 (2017) Kat:3, Licht: 1,146344,3,3,5,01,16,6,0,1,0,1,0,0,,0
"POINT (8.328037680000023 49.003933294000035)",Unfall 146346 (2017) Kat:3, Licht: 0,146346,3,7,0,01,14,6,0,0,0,0,0,0,,1
"POINT (8.379426131000059 49.007878445000074)",Unfall 146356 (2017) Kat:3, Licht: 2,146356,3,4,6,01,22,6,1,2,1,0,1,0,,0
"POINT (8.375075407000054 49.010893713000030)",Unfall 146377 (2017) Kat:2, Licht: 2,146377,2,7,0,01,20,5,1,2,0,0,0,0,,1
"POINT (8.449516719000030 49.005610085000058)",Unfall 146378 (2017) Kat:1, Licht: 0,146378,1,7,0,01,10,5,0,0,0,0,0,0,,1
"POINT (8.383769955000048 48.998784727000043)",Unfall 146379 (2017) Kat:3, Licht: 0,146379,3,7,6,01,09,5,1,0,0,0,1,0,,1
"POINT (8.430486513000062 49.013871858000073)",Unfall 146404 (2017) Kat:3, Licht: 0,146404,3,6,2,02,12,4,0,0,0,1,0,0,,0
"POINT (8.395018150000055 49.010004870000046)",Unfall 146406 (2017) Kat:3, Licht: 2,146406,3,2,6,02,19,4,0,2,0,0,1,0,,1
"POINT (8.400550192000026 49.010736955000027)",Unfall 146425 (2017) Kat:3, Licht: 0,146425,3,4,6,01,08,3,1,0,1,0,1,0,,0
"POINT (8.368804301000068 49.011361828000076)",Unfall 146456 (2017) Kat:3, Licht: 2,146456,3,3,5,01,05,2,1,2,0,1,0,0,,0
"POINT (8.424311464000027 49.004609728000048)",Unfall 146479 (2017) Kat:3, Licht: 0,146479,3,6,4,01,16,1,1,0,0,1,0,0,,0
"POINT (8.424669465000022 49.009379443000057)",Unfall 146480 (2017) Kat:3, Licht: 2,146480,3,6,6,01,20,1,0,2,0,1,1,0,,0
"POINT (8.401521685000034 49.007590180000079)",Unfall 146482 (2017) Kat:3, Licht: 0,146482,3,3,5,01,09,1,0,0,1,1,0,0,,0
"POINT (8.398071507000054 49.004029399000046)",Unfall 146520 (2017) Kat:3, Licht: 2,146520,3,2,4,01,18,6,0,2,1,1,0,0,,0
"POINT (8.410006232000058 49.006965372000082)",Unfall 146537 (2017) Kat:3, Licht: 0,146537,3,6,2,01,16,5,0,0,0,1,0,0,,0
"POINT (8.335716613000045 48.993168737000076)",Unfall 146610 (2017) Kat:3, Licht: 0,146610,3,6,6,01,09,2,0,0,1,0,1,0,,0
"POINT (8.387513836000039 49.019509729000049)",Unfall 146611 (2017) Kat:3, Licht: 0,146611,3,2,5,01,12,2,0,0,0,1,0,1,,0
"POINT (8.409491102000061 49.009358697000039)",Unfall 146612 (2017) Kat:3, Licht: 2,146612,3,7,0,01,22,2,0,2,1,0,0,0,,0
"POINT (8.469732617000034 48.996815356000070)",Unfall 146613 (2017) Kat:3, Licht: 0,146613,3,3,5,01,09,2,1,0,0,1,0,0,,0
"POINT (8.400033263000069 49.011410642000044)",Unfall 146632 (2017) Kat:3, Licht: 2,146632,3,3,5,01,00,1,0,2,0,1,0,0,,0
"POINT (8.359959315000026 49.010943691000080)",Unfall 146643 (2017) Kat:3, Licht: 0,146643,3,4,0,01,13,7,0,0,0,0,1,0,,1
"POINT (8.338242354000045 49.033650850000072)",Unfall 146644 (2017) Kat:3, Licht: 0,146644,3,2,4,01,08,7,0,0,1,1,0,0,,0
"POINT (8.395037013000035 49.009795049000047)",Unfall 146672 (2017) Kat:2, Licht: 0,146672,2,7,6,02,10,6,0,0,0,0,1,0,,1
"POINT (8.473303821000059 48.999109476000058)",Unfall 146673 (2017) Kat:2, Licht: 0,146673,2,4,0,02,16,6,0,0,0,0,1,0,,1
"POINT (8.393105644000059 49.010094585000047)",Unfall 146701 (2017) Kat:3, Licht: 0,146701,3,5,0,02,16,5,0,0,0,1,0,0,,1
"POINT (8.395576412000025 48.994613789000027)",Unfall 146707 (2017) Kat:3, Licht: 0,146707,3,3,5,02,14,5,0,0,1,0,0,0,,1
"POINT (8.400144320000038 48.994666165000069)",Unfall 146731 (2017) Kat:3, Licht: 0,146731,3,4,0,02,15,4,0,0,0,0,1,0,,1
"POINT (8.445035369000038 49.005504454000061)",Unfall 146739 (2017) Kat:3, Licht: 0,146739,3,6,4,02,16,4,0,0,1,0,0,0,,0
"POINT (8.430528409000033 49.029022189000045)",Unfall 146765 (2017) Kat:3, Licht: 0,146765,3,3,0,02,08,3,0,0,0,1,0,0,,1
"POINT (8.364156952000030 49.011506956000062)",Unfall 146796 (2017) Kat:3, Licht: 0,146796,3,4,2,02,11,2,0,0,0,1,1,1,,0
"POINT (8.407636329000070 49.005286772000034)",Unfall 146797 (2017) Kat:3, Licht: 0,146797,3,5,1,02,14,2,0,0,0,1,0,0,,1
"POINT (8.417839626000045 49.016930068000079)",Unfall 146813 (2017) Kat:3, Licht: 2,146813,3,3,5,02,18,1,1,2,1,1,0,0,,0
"POINT (8.337356658000033 49.004496236000080)",Unfall 146826 (2017) Kat:2, Licht: 0,146826,2,3,5,02,14,7,0,0,1,1,0,0,,0
"POINT (8.375537591000068 49.019080393000081)",Unfall 146854 (2017) Kat:3, Licht: 0,146854,3,3,5,02,12,6,0,0,1,1,0,0,,0
"POINT (8.411182574000065 48.970734131000029)",Unfall 146859 (2017) Kat:3, Licht: 1,146859,3,7,1,02,07,6,1,1,1,1,0,0,,0
"POINT (8.363321252000048 49.021212612000056)",Unfall 146887 (2017) Kat:3, Licht: 0,146887,3,1,0,02,08,5,2,0,0,0,0,1,,0
"POINT (8.395132579000062 49.010885490000078)",Unfall 146918 (2017) Kat:3, Licht: 0,146918,3,5,3,02,15,3,0,0,0,1,0,1,,0
"POINT (8.381728029000044 49.004534788000058)",Unfall 146928 (2017) Kat:3, Licht: 0,146928,3,2,0,02,12,3,0,0,0,1,0,0,,0
"POINT (8.476492300000075 48.998763750000080)",Unfall 146929 (2017) Kat:3, Licht: 0,146929,3,1,0,02,07,3,1,0,1,0,0,0,,0
"POINT (8.403430957000069 49.003754469000057)",Unfall 146947 (2017) Kat:2, Licht: 0,146947,2,3,5,02,08,2,0,0,1,1,0,0,,0
"POINT (8.413218928000049 49.005484142000057)",Unfall 146948 (2017) Kat:3, Licht: 2,146948,3,3,5,02,19,2,1,2,1,1,0,0,,0
"POINT (8.381588126000054 49.007011742000032)",Unfall 146957 (2017) Kat:3, Licht: 0,146957,3,7,2,02,08,2,0,0,0,1,0,1,,0
"POINT (8.384441039000024 49.012713871000074)",Unfall 146997 (2017) Kat:3, Licht: 2,146997,3,3,5,02,02,7,1,2,0,1,0,0,,0
"POINT (8.386467410000023 49.029640319000066)",Unfall 146998 (2017) Kat:3, Licht: 0,146998,3,7,2,02,11,7,0,0,1,1,0,0,,0
"POINT (8.350926587000060 49.000688979000074)",Unfall 147020 (2017) Kat:3, Licht: 2,147020,3,3,5,02,06,6,1,2,1,1,0,0,,0
"POINT (8.381148524000025 49.002330918000041)",Unfall 147045 (2017) Kat:3, Licht: 0,147045,3,4,6,02,14,5,0,0,0,1,1,0,,0
"POINT (8.384418088000075 49.014800806000039)",Unfall 147046 (2017) Kat:2, Licht: 0,147046,2,4,6,02,08,5,0,0,1,0,1,0,,0
"POINT (8.398046819000058 49.005258294000043)",Unfall 147047 (2017) Kat:3, Licht: 2,147047,3,1,7,02,18,5,1,2,1,0,0,0,,0
"POINT (8.366010030000041 49.023602461000053)",Unfall 147061 (2017) Kat:3, Licht: 2,147061,3,5,1,02,21,5,0,2,0,1,0,0,,0
"POINT (8.374352079000062 49.008281169000043)",Unfall 147062 (2017) Kat:3, Licht: 0,147062,3,4,6,02,10,5,0,0,1,0,1,0,,0
"POINT (8.490691817000027 49.007719716000054)",Unfall 147090 (2017) Kat:3, Licht: 2,147090,3,3,5,02,18,4,0,2,0,1,0,0,,0
"POINT (8.430589621000024 49.028955258000053)",Unfall 147128 (2017) Kat:3, Licht: 1,147128,3,3,5,02,07,3,0,1,1,1,0,0,,0
"POINT (8.444156933000045 49.005727951000040)",Unfall 147129 (2017) Kat:3, Licht: 0,147129,3,2,4,02,07,3,0,0,0,1,0,0,,0
"POINT (8.390582730000062 49.007204605000027)",Unfall 147161 (2017) Kat:3, Licht: 0,147161,3,5,1,02,13,2,0,0,1,1,0,0,,0
"POINT (8.473679439000023 48.996280434000028)",Unfall 147162 (2017) Kat:3, Licht: 0,147162,3,7,0,02,17,2,0,0,0,1,0,0,,0
"POINT (8.492103870000051 49.006590136000057)",Unfall 147163 (2017) Kat:3, Licht: 0,147163,3,7,2,02,12,2,0,0,0,1,0,0,,0
"POINT (8.360500243000047 49.014787344000069)",Unfall 147192 (2017) Kat:2, Licht: 2,147192,2,3,5,03,19,6,0,2,1,1,0,0,,0
"POINT (8.366362207000066 48.986377470000036)",Unfall 147193 (2017) Kat:3, Licht: 0,147193,3,6,4,03,16,6,0,0,0,1,0,0,,1