WKT,Name,OBJECTID,UKATEGORIE,UTYP1,UART,UMONAT,USTUNDE,UWOCHENTAG,STRZUSTAND,ULICHTVERH,ISTRAD,ISTPKW,ISTFUSS,ISTKRAD,ISTGKFZ,ISTSONSTIG
"POINT (8.393267763000040 49.010087129000055)",Unfall 147232 (2017) Kat:3, Licht: 0,147232,3,5,1,03,15,5,0,0,1,1,0,0,,0
"POINT (8.391482101000065 49.007480329000032)",Unfall 147282 (2017) Kat:3, Licht: 0,147282,3,5,1,02,13,3,1,0,1,1,0,0,,0
"POINT (8.424032383000053 49.007365751000066)",Unfall 147283 (2017) Kat:3, Licht: 0,147283,3,7,6,02,15,3,1,0,0,0,1,0,,1
"POINT (8.341883256000074 49.011777566000035)",Unfall 147284 (2017) Kat:3, Licht: 2,147284,3,3,5,02,06,3,0,2,1,1,0,0,,0
"POINT (8.440959209000027 49.028422523000074)",Unfall 147293 (2017) Kat:3, Licht: 2,147293,3,1,0,02,21,3,1,2,0,0,0,1,,0
"POINT (8.401802702000055 48.995253574000060)",Unfall 147313 (2017) Kat:2, Licht: 2,147313,2,5,4,02,06,2,0,2,1,1,0,0,,0
"POINT (8.366989899000032 48.989541582000072)",Unfall 147351 (2017) Kat:3, Licht: 0,147351,3,7,0,02,08,7,0,0,0,0,0,1,,0
"POINT (8.410759525000060 49.007713909000074)",Unfall 147352 (2017) Kat:2, Licht: 0,147352,2,7,0,02,15,7,0,0,1,0,0,0,,0
"POINT (8.365972869000075 49.011426284000038)",Unfall 147371 (2017) Kat:2, Licht: 2,147371,2,6,2,02,19,6,0,2,0,1,0,0,,0
"POINT (8.493567858000063 48.944931185000030)",Unfall 147378 (2017) Kat:3, Licht: 0,147378,3,7,2,02,09,6,0,0,0,1,0,0,,0
"POINT (8.455897246000063 48.977496989000031)",Unfall 147448 (2017) Kat:3, Licht: 0,147448,3,6,0,03,08,7,0,0,0,1,0,0,,1
"POINT (8.385508460000040 49.014756087000080)",Unfall 147461 (2017) Kat:3, Licht: 0,147461,3,6,2,03,08,2,0,0,0,1,0,0,,0
"POINT (8.405538183000033 48.981037937000053)",Unfall 147491 (2017) Kat:3, Licht: 1,147491,3,2,5,03,18,1,0,1,1,0,0,0,,1
"POINT (8.413409682000065 49.021655329000055)",Unfall 147556 (2017) Kat:3, Licht: 0,147556,3,7,2,03,14,6,0,0,0,1,0,0,,0
"POINT (8.391620654000064 49.005547146000026)",Unfall 147557 (2017) Kat:3, Licht: 0,147557,3,5,1,03,15,6,0,0,1,1,0,0,,0
"POINT (8.331453651000061 49.001808110000070)",Unfall 147568 (2017) Kat:1, Licht: 0,147568,1,7,0,03,14,6,0,0,0,1,0,0,,0
"POINT (8.413276313000040 49.005471734000025)",Unfall 147569 (2017) Kat:3, Licht: 0,147569,3,3,5,03,18,6,0,0,1,1,0,0,,0
"POINT (8.386355489000039 49.009719176000033)",Unfall 147589 (2017) Kat:3, Licht: 0,147589,3,3,5,03,17,5,1,0,1,1,0,0,,0
"POINT (8.410425711000073 49.002504617000056)",Unfall 147594 (2017) Kat:3, Licht: 0,147594,3,7,2,03,10,5,1,0,0,1,0,0,,0
"POINT (8.411666779000029 49.007669167000074)",Unfall 147615 (2017) Kat:3, Licht: 0,147615,3,7,7,03,17,4,1,0,1,0,0,0,,1
"POINT (8.410492032000036 49.001012751000076)",Unfall 147618 (2017) Kat:3, Licht: 2,147618,3,5,0,03,19,4,1,2,1,1,0,0,,0
"POINT (8.429357162000031 49.009923124000068)",Unfall 147648 (2017) Kat:3, Licht: 2,147648,3,5,1,03,19,3,0,2,1,1,0,0,,0
"POINT (8.373181042000056 49.067603492000046)",Unfall 147661 (2017) Kat:3, Licht: 0,147661,3,7,4,03,09,2,1,0,0,1,0,0,,1
"POINT (8.416188315000056 49.008888860000070)",Unfall 147668 (2017) Kat:3, Licht: 0,147668,3,7,0,03,08,2,1,0,1,0,0,0,,1
"POINT (8.398238049000042 49.011826844000041)",Unfall 147680 (2017) Kat:3, Licht: 0,147680,3,3,5,03,15,1,0,0,1,1,0,0,,0
"POINT (8.423161788000073 49.011597844000050)",Unfall 147753 (2017) Kat:3, Licht: 0,147753,3,3,0,03,08,7,1,0,0,1,0,1,,0
"POINT (8.391320049000058 49.005315416000030)",Unfall 147754 (2017) Kat:3, Licht: 0,147754,3,4,6,03,10,7,1,0,0,1,1,0,,0
"POINT (8.371301662000064 49.007233454000072)",Unfall 147758 (2017) Kat:3, Licht: 0,147758,3,3,5,03,14,7,1,0,1,1,0,0,,0
"POINT (8.389390818000038 49.000973333000047)",Unfall 147759 (2017) Kat:3, Licht: 0,147759,3,3,0,03,15,7,1,0,1,0,0,0,,1
"POINT (8.496662884000045 49.006949502000055)",Unfall 147791 (2017) Kat:3, Licht: 2,147791,3,7,0,03,00,6,0,2,0,0,0,1,,0
"POINT (8.366341187000046 48.982858618000080)",Unfall 147818 (2017) Kat:2, Licht: 0,147818,2,3,5,03,13,5,0,0,0,1,0,0,,1
"POINT (8.385111185000028 49.020295436000026)",Unfall 147819 (2017) Kat:3, Licht: 0,147819,3,3,5,03,16,5,0,0,1,1,0,0,,0
"POINT (8.403978027000051 49.003075365000029)",Unfall 147820 (2017) Kat:3, Licht: 0,147820,3,3,5,03,14,5,0,0,1,1,0,0,,0
"POINT (8.374395625000034 48.977809802000081)",Unfall 147862 (2017) Kat:3, Licht: 0,147862,3,2,5,03,17,4,0,0,0,1,0,1,,0
"POINT (8.390398896000022 49.013085998000065)",Unfall 147863 (2017) Kat:3, Licht: 0,147863,3,4,6,03,16,4,0,0,0,1,1,0,,0
"POINT (8.390814423000052 48.999725099000045)",Unfall 147872 (2017) Kat:3, Licht: 0,147872,3,7,6,03,11,4,0,0,0,1,1,0,,0
"POINT (8.359112695000022 49.022880075000046)",Unfall 147898 (2017) Kat:3, Licht: 2,147898,3,3,5,03,19,3,0,2,1,1,0,0,,0
"POINT (8.410472457000026 49.001438554000060)",Unfall 147966 (2017) Kat:2, Licht: 0,147966,2,6,2,03,14,3,0,0,0,1,0,1,,0
"POINT (8.382756418000042 49.014868963000026)",Unfall 147967 (2017) Kat:3, Licht: 0,147967,3,6,2,03,10,3,0,0,0,1,0,0,,1
"POINT (8.395088886000053 49.011977233000039)",Unfall 147968 (2017) Kat:3, Licht: 0,147968,3,3,5,03,11,3,0,0,0,1,0,1,,0
"POINT (8.397765681000067 49.008735337000076)",Unfall 147969 (2017) Kat:3, Licht: 0,147969,3,6,6,03,14,3,0,0,0,1,1,0,,0
"POINT (8.458208173000060 49.029117817000042)",Unfall 147979 (2017) Kat:3, Licht: 0,147979,3,3,5,03,18,3,0,0,0,1,0,0,,0
"POINT (8.394145047000052 49.008080551000035)",Unfall 147980 (2017) Kat:3, Licht: 0,147980,3,2,2,03,19,3,0,0,1,1,0,0,,0
"POINT (8.383775132000039 49.028866516000051)",Unfall 148004 (2017) Kat:3, Licht: 0,148004,3,2,5,03,12,2,0,0,1,0,0,0,,1
"POINT (8.388974265000059 49.010614610000061)",Unfall 148005 (2017) Kat:3, Licht: 2,148005,3,3,5,03,21,2,0,2,1,0,0,0,,1
"POINT (8.440344851000020 49.009880335000048)",Unfall 148070 (2017) Kat:3, Licht: 2,148070,3,5,1,03,19,7,0,2,1,1,0,0,,0
"POINT (8.410229420000064 49.008793251000043)",Unfall 148106 (2017) Kat:3, Licht: 0,148106,3,6,1,03,09,6,0,0,0,1,0,0,,0
"POINT (8.385768919000043 48.998691656000062)",Unfall 148107 (2017) Kat:3, Licht: 0,148107,3,2,2,03,11,6,0,0,0,1,0,0,,1
"POINT (8.450713440000072 48.995385881000061)",Unfall 148139 (2017) Kat:3, Licht: 0,148139,3,3,0,03,13,5,0,0,0,1,0,1,,0
"POINT (8.342551832000027 49.000647404000063)",Unfall 148163 (2017) Kat:3, Licht: 0,148163,3,5,1,03,08,4,0,0,0,0,0,0,,1
"POINT (8.416768492000074 49.008536077000031)",Unfall 148164 (2017) Kat:3, Licht: 0,148164,3,2,5,03,13,4,0,0,0,1,0,1,,0
"POINT (8.395446634000052 49.012054360000036)",Unfall 148169 (2017) Kat:3, Licht: 0,148169,3,6,2,03,17,4,0,0,0,1,0,0,,0
"POINT (8.426701056000070 49.007111597000062)",Unfall 148188 (2017) Kat:3, Licht: 0,148188,3,3,0,03,09,3,0,0,1,0,0,0,,1
"POINT (8.405269291000025 49.003919821000068)",Unfall 148189 (2017) Kat:3, Licht: 0,148189,3,1,0,03,16,3,1,0,1,0,0,0,,0
"POINT (8.369650210000032 49.016534896000053)",Unfall 148197 (2017) Kat:3, Licht: 0,148197,3,2,2,03,09,3,0,0,1,1,0,0,,0
"POINT (8.410166014000026 49.006234026000072)",Unfall 148213 (2017) Kat:3, Licht: 0,148213,3,6,3,04,12,2,0,0,0,1,0,0,,1
"POINT (8.410140222000052 48.993972270000029)",Unfall 148237 (2017) Kat:2, Licht: 2,148237,2,6,4,04,22,1,0,2,0,1,0,0,,1
"POINT (8.413493423000034 49.007106878000059)",Unfall 148238 (2017) Kat:3, Licht: 0,148238,3,1,0,04,07,1,1,0,1,0,0,0,,0
"POINT (8.358682655000052 49.010491406000028)",Unfall 148271 (2017) Kat:3, Licht: 0,148271,3,3,5,04,15,7,0,0,1,1,0,0,,0
"POINT (8.388002722000067 49.050493392000078)",Unfall 148272 (2017) Kat:3, Licht: 0,148272,3,6,0,04,15,7,0,0,0,1,0,1,,0
"POINT (8.333382847000053 49.005148280000071)",Unfall 148281 (2017) Kat:3, Licht: 0,148281,3,7,1,04,17,7,0,0,0,1,0,0,,0
"POINT (8.371349116000033 49.006423217000076)",Unfall 148282 (2017) Kat:2, Licht: 0,148282,2,5,1,04,14,7,0,0,1,1,0,0,,0
"POINT (8.386088189000077 49.008045382000034)",Unfall 148283 (2017) Kat:3, Licht: 0,148283,3,7,0,04,14,7,0,0,1,0,0,0,,0
"POINT (8.413202573000035 49.008512714000062)",Unfall 148317 (2017) Kat:3, Licht: 2,148317,3,7,0,03,05,6,0,2,1,0,0,0,,0
"POINT (8.359569622000038 49.010519387000045)",Unfall 148323 (2017) Kat:3, Licht: 0,148323,3,2,5,03,13,6,0,0,1,1,0,0,,0
"POINT (8.410431212000049 49.002393219000055)",Unfall 148375 (2017) Kat:3, Licht: 0,148375,3,2,6,03,14,5,0,0,0,1,1,0,,0
"POINT (8.366232659000048 49.023730485000044)",Unfall 148393 (2017) Kat:3, Licht: 2,148393,3,7,0,03,21,5,0,2,1,0,0,0,,0
"POINT (8.352255943000046 48.995069688000058)",Unfall 148426 (2017) Kat:3, Licht: 0,148426,3,4,6,03,17,4,0,0,0,1,1,0,,0
"POINT (8.396455769000056 49.011259871000050)",Unfall 148437 (2017) Kat:3, Licht: 0,148437,3,3,5,03,12,4,0,0,1,1,0,0,,0
"POINT (8.390278185000057 49.007305363000057)",Unfall 148486 (2017) Kat:3, Licht: 0,148486,3,5,1,04,09,7,0,0,1,1,0,0,,0
"POINT (8.365440077000073 49.027042665000067)",Unfall 148523 (2017) Kat:2, Licht: 0,148523,2,4,6,04,14,6,0,0,0,1,1,0,,0
"POINT (8.424957727000049 49.010163965000061)",Unfall 148580 (2017) Kat:3, Licht: 0,148580,3,4,6,04,13,5,0,0,1,0,1,0,,0
"POINT (8.375008048000041 49.015064325000026)",Unfall 148666 (2017) Kat:3, Licht: 0,148666,3,2,5,04,12,3,0,0,1,1,0,0,,0
"POINT (8.414062334000050 48.977690485000039)",Unfall 148668 (2017) Kat:2, Licht: 0,148668,2,7,6,04,13,3,0,0,0,1,1,0,,0
"POINT (8.393728867000050 48.989421580000055)",Unfall 148680 (2017) Kat:3, Licht: 0,148680,3,1,0,04,13,3,0,0,1,0,0,0,,0
"POINT (8.410069996000061 48.993950413000050)",Unfall 148722 (2017) Kat:3, Licht: 0,148722,3,7,6,04,11,2,0,0,0,1,1,0,,0
"POINT (8.406794225000056 49.009359914000072)",Unfall 148740 (2017) Kat:3, Licht: 2,148740,3,6,0,04,00,1,0,2,1,0,0,0,,1
"POINT (8.385054110000056 49.007750649000059)",Unfall 148741 (2017) Kat:3, Licht: 0,148741,3,3,5,04,16,1,1,0,0,1,0,0,,0
"POINT (8.347825504000070 48.998390403000030)",Unfall 148756 (2017) Kat:3, Licht: 0,148756,3,3,5,04,15,7,0,0,1,1,0,0,,0
"POINT (8.457647676000022 49.005845551000050)",Unfall 148840 (2017) Kat:3, Licht: 0,148840,3,7,0,04,15,4,0,0,1,0,0,0,,0
"POINT (8.387118038000040 49.029993117000060)",Unfall 148841 (2017) Kat:3, Licht: 0,148841,3,3,5,04,16,4,0,0,1,1,0,0,,0
"POINT (8.397762941000053 49.002347964000080)",Unfall 148887 (2017) Kat:3, Licht: 0,148887,3,1,0,04,15,3,0,0,1,0,0,0,,0
"POINT (8.465134734000060 48.999007994000067)",Unfall 148889 (2017) Kat:3, Licht: 0,148889,3,2,2,04,16,3,0,0,0,1,0,0,,0
"POINT (8.389944897000021 49.042700343000035)",Unfall 148930 (2017) Kat:3, Licht: 0,148930,3,3,5,04,09,2,0,0,1,1,0,0,,0
"POINT (8.410471591000032 49.001457394000056)",Unfall 148931 (2017) Kat:3, Licht: 0,148931,3,6,2,04,17,2,0,0,0,1,0,0,,1
"POINT (8.364658832000032 49.033432138000080)",Unfall 148943 (2017) Kat:3, Licht: 0,148943,3,7,0,04,06,2,0,0,1,0,0,0,,1
"POINT (8.459055948000071 48.998960878000048)",Unfall 148944 (2017) Kat:3, Licht: 0,148944,3,3,5,04,16,2,0,0,0,1,0,0,,0
"POINT (8.374839734000034 49.010904293000067)",Unfall 148978 (2017) Kat:2, Licht: 0,148978,2,7,5,04,09,1,0,0,1,1,0,0,,0
"POINT (8.353717438000047 49.010554942000056)",Unfall 149027 (2017) Kat:3, Licht: 0,149027,3,2,5,04,12,3,0,0,0,0,0,1,,1
"POINT (8.430708137000067 49.034548687000040)",Unfall 149035 (2017) Kat:3, Licht: 0,149035,3,2,2,04,15,3,0,0,0,1,0,0,,0
"POINT (8.460487336000028 49.001159909000080)",Unfall 149036 (2017) Kat:3, Licht: 0,149036,3,6,2,04,19,3,1,0,0,1,0,0,,0
"POINT (8.367343383000048 48.982425116000059)",Unfall 149072 (2017) Kat:3, Licht: 0,149072,3,7,5,04,16,2,0,0,0,0,0,0,,1
"POINT (8.393337426000073 48.993484388000070)",Unfall 149073 (2017) Kat:3, Licht: 0,149073,3,5,1,04,08,2,0,0,1,1,0,0,,0
"POINT (8.344488973000068 48.993822529000056)",Unfall 149074 (2017) Kat:3, Licht: 0,149074,3,3,0,04,06,2,0,0,0,1,0,1,,0
"POINT (8.367896272000053 49.008316382000032)",Unfall 149075 (2017) Kat:2, Licht: 0,149075,2,3,5,04,12,2,0,0,0,1,0,1,,0
"POINT (8.346742909000056 49.013367484000071)",Unfall 149085 (2017) Kat:2, Licht: 0,149085,2,3,5,04,15,2,0,0,1,1,0,0,,0
"POINT (8.401859553000065 48.995297671000060)",Unfall 149158 (2017) Kat:3, Licht: 0,149158,3,7,1,04,12,6,0,0,1,1,0,0,,0
"POINT (8.392835744000024 49.011490779000042)",Unfall 149189 (2017) Kat:3, Licht: 1,149189,3,2,3,04,20,5,0,1,0,1,0,0,,0
"POINT (8.440628916000037 49.019783593000056)",Unfall 149199 (2017) Kat:3, Licht: 0,149199,3,3,2,04,09,5,0,0,1,1,0,0,,0
"POINT (8.338450780000073 49.021774327000060)",Unfall 149215 (2017) Kat:3, Licht: 0,149215,3,6,2,04,15,4,0,0,0,1,0,0,,1
"POINT (8.384840269000051 49.017469862000041)",Unfall 149236 (2017) Kat:3, Licht: 0,149236,3,2,3,04,17,3,0,0,1,1,0,0,,0
"POINT (8.409040881000067 48.993630118000056)",Unfall 149268 (2017) Kat:3, Licht: 0,149268,3,3,5,05,12,5,0,0,1,0,0,0,,1
"POINT (8.468026550000047 49.008600727000044)",Unfall 149269 (2017) Kat:3, Licht: 0,149269,3,6,3,05,14,5,0,0,1,0,0,0,,0
"POINT (8.379610644000024 49.009169700000029)",Unfall 149292 (2017) Kat:3, Licht: 0,149292,3,3,5,05,08,4,0,0,0,1,0,0,,0
"POINT (8.362405782000053 49.011466914000039)",Unfall 149293 (2017) Kat:3, Licht: 0,149293,3,7,1,05,12,4,0,0,1,1,0,0,,0
"POINT (8.406447722000053 49.010368741000036)",Unfall 149294 (2017) Kat:3, Licht: 0,149294,3,5,3,05,13,4,0,0,1,1,0,0,,0
"POINT (8.390516925000043 49.018511953000029)",Unfall 149339 (2017) Kat:3, Licht: 0,149339,3,2,5,05,08,3,0,0,1,1,0,0,,0
"POINT (8.466238101000045 48.998456123000039)",Unfall 149340 (2017) Kat:3, Licht: 0,149340,3,2,5,05,16,3,0,0,1,1,0,0,,0
"POINT (8.389214419000041 48.998598019000042)",Unfall 149341 (2017) Kat:3, Licht: 0,149341,3,7,5,05,19,3,0,0,0,1,0,0,,0
"POINT (8.492796638000073 49.001915124000050)",Unfall 149393 (2017) Kat:3, Licht: 0,149393,3,1,0,04,19,1,0,0,1,0,0,0,,0
"POINT (8.492797306000057 49.001924068000051)",Unfall 149394 (2017) Kat:2, Licht: 0,149394,2,1,0,04,19,1,0,0,1,0,0,0,,0
"POINT (8.450697122000065 48.995516006000059)",Unfall 149429 (2017) Kat:3, Licht: 0,149429,3,7,0,04,10,7,1,0,1,0,0,0,,0
"POINT (8.454620315000057 48.996437565000065)",Unfall 149430 (2017) Kat:3, Licht: 0,149430,3,6,2,04,11,7,0,0,0,1,0,0,,0
"POINT (8.430592711000031 49.028954555000041)",Unfall 149463 (2017) Kat:3, Licht: 0,149463,3,3,5,04,09,6,0,0,1,1,0,0,,0
"POINT (8.422424291000027 49.011024360000079)",Unfall 149473 (2017) Kat:3, Licht: 0,149473,3,6,2,04,15,6,0,0,0,1,0,0,,0
"POINT (8.444183689000056 49.005720473000054)",Unfall 149492 (2017) Kat:3, Licht: 0,149492,3,2,5,04,08,5,1,0,0,1,0,0,,0
"POINT (8.376954852000040 49.048356678000061)",Unfall 149501 (2017) Kat:3, Licht: 0,149501,3,3,5,04,12,5,1,0,1,1,0,0,,0
"POINT (8.379382412000041 49.008057988000076)",Unfall 149502 (2017) Kat:3, Licht: 0,149502,3,1,0,04,17,5,1,0,1,0,0,0,,0
"POINT (8.365343506000045 49.008960710000053)",Unfall 149503 (2017) Kat:3, Licht: 0,149503,3,2,6,04,15,5,1,0,0,0,1,0,,1
"POINT (8.450595697000040 49.009893541000054)",Unfall 149530 (2017) Kat:3, Licht: 0,149530,3,2,5,05,15,5,0,0,1,1,0,0,,0
"POINT (8.360132100000044 49.011136989000079)",Unfall 149531 (2017) Kat:3, Licht: 0,149531,3,4,6,05,12,5,0,0,0,1,1,0,,0
"POINT (8.383970072000068 48.995687968000027)",Unfall 149545 (2017) Kat:3, Licht: 0,149545,3,3,5,05,07,5,0,0,1,1,0,0,,0
"POINT (8.395249998000054 48.987897439000051)",Unfall 149546 (2017) Kat:3, Licht: 0,149546,3,1,0,05,16,5,1,0,1,0,0,0,,0
"POINT (8.405572806000066 49.003950856000074)",Unfall 149583 (2017) Kat:3, Licht: 0,149583,3,2,2,05,17,4,0,0,0,0,0,1,,1
"POINT (8.359130174000029 49.022901959000080)",Unfall 149584 (2017) Kat:3, Licht: 0,149584,3,3,5,05,12,4,0,0,1,1,0,0,,0
"POINT (8.417937685000027 49.007026685000028)",Unfall 149627 (2017) Kat:3, Licht: 0,149627,3,3,0,05,12,3,0,0,1,0,0,1,,0
"POINT (8.395120933000044 49.010776052000040)",Unfall 149628 (2017) Kat:3, Licht: 0,149628,3,3,5,05,11,3,0,0,0,1,0,1,,0
"POINT (8.403276196000036 49.002332839000076)",Unfall 149667 (2017) Kat:3, Licht: 0,149667,3,7,1,05,19,2,1,0,1,1,0,0,,0
"POINT (8.409284215000071 49.010300769000025)",Unfall 149668 (2017) Kat:3, Licht: 0,149668,3,6,2,05,15,2,1,0,0,1,0,1,,0
"POINT (8.431977423000035 49.009115492000035)",Unfall 149690 (2017) Kat:3, Licht: 0,149690,3,2,5,05,12,1,1,0,1,1,0,0,,0
"POINT (8.407917015000066 49.004123109000034)",Unfall 149698 (2017) Kat:3, Licht: 2,149698,3,5,1,05,21,1,1,2,0,1,0,1,,0
"POINT (8.350002056000051 48.994695956000044)",Unfall 149752 (2017) Kat:2, Licht: 0,149752,2,2,3,05,11,6,0,0,1,0,0,0,,0
"POINT (8.405193886000063 49.010096266000062)",Unfall 149753 (2017) Kat:2, Licht: 1,149753,2,7,0,05,06,6,0,1,1,0,0,0,,0
"POINT (8.394217879000053 49.010044764000043)",Unfall 149760 (2017) Kat:3, Licht: 2,149760,3,6,4,05,23,6,0,2,1,0,0,0,,0
"POINT (8.381071018000057 49.001434111000037)",Unfall 149761 (2017) Kat:3, Licht: 0,149761,3,2,5,05,07,6,0,0,1,1,0,0,,0
"POINT (8.384834627000032 49.027647997000031)",Unfall 149762 (2017) Kat:3, Licht: 0,149762,3,7,0,05,15,6,0,0,1,0,0,0,,0
"POINT (8.369019413000046 49.017112406000081)",Unfall 149856 (2017) Kat:3, Licht: 0,149856,3,2,5,05,07,3,0,0,1,1,0,0,,0
"POINT (8.354599344000064 49.009860553000067)",Unfall 149857 (2017) Kat:3, Licht: 0,149857,3,3,5,05,16,3,0,0,1,0,0,0,,1
"POINT (8.325153907000072 49.005601084000034)",Unfall 149902 (2017) Kat:3, Licht: 0,149902,3,3,5,05,17,2,0,0,1,1,0,0,,0
"POINT (8.338908566000043 49.011827609000079)",Unfall 149903 (2017) Kat:3, Licht: 0,149903,3,2,5,05,06,2,0,0,1,0,0,1,,0
"POINT (8.383426673000031 49.010471525000071)",Unfall 149904 (2017) Kat:2, Licht: 0,149904,2,4,0,05,19,2,0,0,0,0,1,0,,1
"POINT (8.424261851000040 49.005464333000077)",Unfall 149938 (2017) Kat:3, Licht: 2,149938,3,3,5,05,22,1,0,2,1,1,0,0,,0
"POINT (8.390161621000061 48.994786854000040)",Unfall 149978 (2017) Kat:2, Licht: 0,149978,2,1,0,05,17,7,0,0,1,0,0,0,,0
"POINT (8.396211863000076 48.984002710000027)",Unfall 149985 (2017) Kat:3, Licht: 0,149985,3,3,5,05,10,7,0,0,1,1,0,0,,0
"POINT (8.391859829000055 49.010151872000051)",Unfall 150014 (2017) Kat:2, Licht: 0,150014,2,1,0,05,16,6,0,0,1,0,0,0,,0
"POINT (8.419397205000053 49.009885117000067)",Unfall 150028 (2017) Kat:3, Licht: 2,150028,3,7,1,05,00,6,0,2,1,1,0,0,,0
"POINT (8.413295844000061 48.997736750000058)",Unfall 150037 (2017) Kat:3, Licht: 0,150037,3,6,4,05,12,2,0,0,1,1,0,0,,0
"POINT (8.468751234000024 48.996773218000044)",Unfall 150038 (2017) Kat:3, Licht: 0,150038,3,5,1,05,15,2,0,0,1,1,0,0,,0
"POINT (8.432079216000034 48.992318073000035)",Unfall 150058 (2017) Kat:3, Licht: 0,150058,3,6,2,05,08,2,0,0,0,1,0,0,,0
"POINT (8.393305193000060 48.993025385000067)",Unfall 150083 (2017) Kat:3, Licht: 0,150083,3,7,0,05,16,1,0,0,1,0,0,0,,0
"POINT (8.458996309000042 48.994412442000055)",Unfall 150113 (2017) Kat:3, Licht: 0,150113,3,3,6,05,11,7,0,0,0,1,1,0,,0
"POINT (8.381385057000045 49.004634929000076)",Unfall 150149 (2017) Kat:3, Licht: 0,150149,3,7,3,05,16,6,1,0,0,1,0,0,,1
"POINT (8.374906550000048 49.011914039000033)",Unfall 150150 (2017) Kat:3, Licht: 0,150150,3,6,3,05,08,6,1,0,0,1,0,0,,1
"POINT (8.367403566000064 49.017628272000081)",Unfall 150163 (2017) Kat:3, Licht: 0,150163,3,3,5,05,16,6,0,0,1,1,0,0,,0
"POINT (8.364984707000076 49.011321783000028)",Unfall 150205 (2017) Kat:3, Licht: 0,150205,3,7,0,05,12,5,0,0,0,0,0,0,,1
"POINT (8.404180266000026 48.997168052000063)",Unfall 150221 (2017) Kat:3, Licht: 0,150221,3,1,0,05,13,5,1,0,1,0,0,0,,0
"POINT (8.395486033000054 49.007607905000043)",Unfall 150222 (2017) Kat:3, Licht: 0,150222,3,5,1,05,15,5,0,0,1,1,0,0,,0
"POINT (8.422406634000026 49.011017692000053)",Unfall 150223 (2017) Kat:3, Licht: 0,150223,3,3,5,05,17,5,0,0,1,1,0,0,,0
"POINT (8.464375709000024 48.994817750000038)",Unfall 150224 (2017) Kat:3, Licht: 0,150224,3,3,5,05,18,5,0,0,1,1,0,0,,0
"POINT (8.430174199000021 49.013877300000047)",Unfall 150267 (2017) Kat:3, Licht: 0,150267,3,6,2,05,07,4,0,0,0,1,0,0,,0
"POINT (8.435806054000068 49.039044634000049)",Unfall 150283 (2017) Kat:3, Licht: 0,150283,3,4,2,05,09,4,0,0,0,1,1,1,,0
"POINT (8.362602986000070 49.011046464000060)",Unfall 150284 (2017) Kat:3, Licht: 0,150284,3,3,1,05,14,4,0,0,1,1,0,0,,0
"POINT (8.435483833000035 49.038765593000051)",Unfall 150320 (2017) Kat:3, Licht: 0,150320,3,3,5,05,16,6,0,0,1,1,0,0,,0
"POINT (8.334777417000055 49.004850763000036)",Unfall 150370 (2017) Kat:3, Licht: 0,150370,3,3,5,05,15,5,0,0,0,1,0,0,,0
"POINT (8.430996025000070 49.034854902000063)",Unfall 150381 (2017) Kat:3, Licht: 0,150381,3,6,2,05,17,5,0,0,0,1,0,0,,0
"POINT (8.360910976000071 49.021723978000068)",Unfall 150431 (2017) Kat:3, Licht: 0,150431,3,7,0,05,12,4,0,0,1,0,0,0,,0
"POINT (8.427947022000069 49.009681518000036)",Unfall 150489 (2017) Kat:3, Licht: 0,150489,3,5,4,05,11,3,0,0,1,0,0,1,,0
"POINT (8.375214269000026 49.015069252000046)",Unfall 150501 (2017) Kat:3, Licht: 0,150501,3,2,5,05,12,3,0,0,1,0,0,0,,1
"POINT (8.382251927000027 48.998838342000056)",Unfall 150502 (2017) Kat:3, Licht: 0,150502,3,2,5,05,08,3,0,0,1,1,0,0,,0
"POINT (8.364509614000042 49.011342679000052)",Unfall 150543 (2017) Kat:3, Licht: 0,150543,3,5,3,05,14,2,0,0,0,1,0,1,,0
"POINT (8.405483479000054 49.024164630000030)",Unfall 150544 (2017) Kat:3, Licht: 2,150544,3,3,5,05,22,2,0,2,1,0,0,1,,0
"POINT (8.458005789000026 48.989517769000031)",Unfall 150575 (2017) Kat:3, Licht: 0,150575,3,3,5,05,07,4,0,0,1,1,0,0,,0
"POINT (8.392523647000076 48.985625238000068)",Unfall 150577 (2017) Kat:3, Licht: 0,150577,3,4,6,05,19,4,0,0,0,1,1,0,,0
"POINT (8.359671706000029 48.995309535000047)",Unfall 150588 (2017) Kat:3, Licht: 2,150588,3,3,5,05,00,4,0,2,1,1,0,0,,0
"POINT (8.402519965000067 48.973452475000045)",Unfall 150589 (2017) Kat:3, Licht: 0,150589,3,1,4,05,20,4,0,0,1,1,0,0,,0
"POINT (8.397109281000041 49.008946554000033)",Unfall 150590 (2017) Kat:3, Licht: 0,150590,3,4,6,05,17,4,0,0,0,1,1,0,,0
"POINT (8.402029919000029 49.003909015000033)",Unfall 150640 (2017) Kat:3, Licht: 0,150640,3,3,5,05,11,3,0,0,1,1,0,0,,0
"POINT (8.379628970000056 49.009168666000051)",Unfall 150641 (2017) Kat:2, Licht: 0,150641,2,4,0,05,15,3,0,0,1,0,1,0,,0