WKT,Name,OBJECTID,UKATEGORIE,UTYP1,UART,UMONAT,USTUNDE,UWOCHENTAG,STRZUSTAND,ULICHTVERH,ISTRAD,ISTPKW,ISTFUSS,ISTKRAD,ISTGKFZ,ISTSONSTIG
"POINT (8.379321285000060 49.007867590000046)",Unfall 150686 (2017) Kat:3, Licht: 0,150686,3,3,5,05,10,2,0,0,1,0,0,0,,1
"POINT (8.374433303000046 49.008445737000045)",Unfall 150687 (2017) Kat:3, Licht: 0,150687,3,3,5,05,17,2,0,0,1,1,0,0,,0
"POINT (8.394895911000049 49.011936280000043)",Unfall 150689 (2017) Kat:3, Licht: 0,150689,3,3,5,05,18,2,0,0,1,1,0,0,,0
"POINT (8.340565009000045 49.000449769000056)",Unfall 150704 (2017) Kat:2, Licht: 0,150704,2,7,0,05,15,2,0,0,1,0,0,0,,0
"POINT (8.422832807000077 49.011287970000069)",Unfall 150705 (2017) Kat:3, Licht: 0,150705,3,3,5,05,08,2,0,0,1,0,0,0,,0
"POINT (8.340790374000051 48.998482301000081)",Unfall 150771 (2017) Kat:3, Licht: 0,150771,3,7,0,05,14,7,0,0,1,0,0,0,,0
"POINT (8.399807970000040 48.975219643000059)",Unfall 150782 (2017) Kat:3, Licht: 0,150782,3,3,5,05,14,7,0,0,1,1,0,0,,0
"POINT (8.404032560000076 49.008929144000035)",Unfall 150783 (2017) Kat:3, Licht: 0,150783,3,3,5,05,05,7,0,0,1,0,0,0,,0
"POINT (8.359102347000032 49.022867118000079)",Unfall 150816 (2017) Kat:3, Licht: 0,150816,3,3,5,06,18,4,0,0,1,1,0,0,,0
"POINT (8.403593595000075 49.006418724000071)",Unfall 150817 (2017) Kat:3, Licht: 2,150817,3,7,0,06,23,4,0,2,1,0,0,0,,0
"POINT (8.337230796000029 48.993829501000050)",Unfall 150818 (2017) Kat:3, Licht: 0,150818,3,3,5,06,19,4,0,0,1,1,0,0,,0
"POINT (8.433298772000057 49.005845709000027)",Unfall 150821 (2017) Kat:3, Licht: 0,150821,3,2,6,06,16,4,0,0,0,1,1,0,,0
"POINT (8.394492684000056 49.005335616000082)",Unfall 150848 (2017) Kat:3, Licht: 0,150848,3,3,5,06,10,3,1,0,0,1,0,0,,1
"POINT (8.382881902000065 49.005542644000059)",Unfall 150859 (2017) Kat:3, Licht: 0,150859,3,6,3,06,07,3,0,0,0,1,0,0,,1
"POINT (8.411832434000075 49.006232510000075)",Unfall 150873 (2017) Kat:2, Licht: 0,150873,2,3,5,06,15,2,0,0,1,1,0,0,,0
"POINT (8.375116242000047 49.006397955000068)",Unfall 150878 (2017) Kat:3, Licht: 0,150878,3,2,3,06,19,2,0,0,1,1,0,0,,0
"POINT (8.360391445000062 49.014728578000074)",Unfall 150901 (2017) Kat:3, Licht: 0,150901,3,7,0,06,20,1,0,0,1,0,0,0,,0
"POINT (8.386035354000057 49.027346845000068)",Unfall 150925 (2017) Kat:3, Licht: 0,150925,3,3,5,06,13,7,0,0,0,0,0,1,,1
"POINT (8.345070406000048 49.009080278000056)",Unfall 150926 (2017) Kat:2, Licht: 2,150926,2,4,6,06,22,7,0,2,0,1,1,0,,0
"POINT (8.436075793000043 49.039125780000063)",Unfall 150931 (2017) Kat:3, Licht: 0,150931,3,2,4,06,09,7,0,0,1,1,0,0,,0
"POINT (8.382502566000028 49.037315440000043)",Unfall 150976 (2017) Kat:3, Licht: 0,150976,3,7,0,06,06,6,0,0,0,1,0,1,,0
"POINT (8.386366026000076 49.028595591000055)",Unfall 150978 (2017) Kat:3, Licht: 0,150978,3,3,5,06,14,6,0,0,1,1,0,0,,0
"POINT (8.438495115000023 49.017202097000052)",Unfall 151025 (2017) Kat:3, Licht: 0,151025,3,4,6,06,07,5,0,0,1,0,1,0,,0
"POINT (8.410562358000050 49.009365059000061)",Unfall 151038 (2017) Kat:3, Licht: 2,151038,3,1,0,06,22,5,0,2,1,0,0,0,,0
"POINT (8.463126941000041 48.995720495000057)",Unfall 151039 (2017) Kat:3, Licht: 0,151039,3,3,5,06,08,5,0,0,0,1,0,1,,0
"POINT (8.338714472000049 49.010620835000054)",Unfall 151105 (2017) Kat:3, Licht: 0,151105,3,3,5,06,17,3,0,0,1,1,0,0,,0
"POINT (8.379343897000069 49.015008753000075)",Unfall 151116 (2017) Kat:3, Licht: 0,151116,3,3,5,06,18,3,0,0,1,1,0,0,,0
"POINT (8.459738110000046 49.001314879000063)",Unfall 151152 (2017) Kat:3, Licht: 0,151152,3,6,1,06,12,2,0,0,0,1,0,0,,1
"POINT (8.393292952000024 49.009468021000032)",Unfall 151160 (2017) Kat:3, Licht: 0,151160,3,4,6,06,11,2,0,0,0,1,1,0,,0
"POINT (8.387112556000034 49.029993675000071)",Unfall 151161 (2017) Kat:3, Licht: 0,151161,3,3,5,06,17,2,0,0,1,1,0,0,,0
"POINT (8.433810224000069 49.003789310000059)",Unfall 151162 (2017) Kat:3, Licht: 0,151162,3,2,5,06,20,2,0,0,1,1,0,0,,0
"POINT (8.390456716000074 49.014546015000064)",Unfall 151198 (2017) Kat:3, Licht: 0,151198,3,7,0,06,12,1,0,0,1,0,0,0,,0
"POINT (8.432135518000052 49.032013226000061)",Unfall 151234 (2017) Kat:3, Licht: 0,151234,3,6,4,06,18,7,0,0,0,1,0,1,,0
"POINT (8.361209350000024 49.011214883000036)",Unfall 151259 (2017) Kat:2, Licht: 0,151259,2,5,3,06,09,6,0,0,0,1,0,1,,0
"POINT (8.360797115000025 49.011328850000041)",Unfall 151271 (2017) Kat:3, Licht: 0,151271,3,7,6,06,14,6,0,0,0,1,1,0,,0
"POINT (8.407683279000025 49.011513517000026)",Unfall 151272 (2017) Kat:3, Licht: 2,151272,3,1,9,06,03,6,0,2,0,1,0,0,,0
"POINT (8.467643261000035 48.998086192000073)",Unfall 151273 (2017) Kat:3, Licht: 0,151273,3,7,5,06,18,6,0,0,1,1,0,0,,0
"POINT (8.388999687000023 49.002069465000034)",Unfall 151301 (2017) Kat:3, Licht: 0,151301,3,3,5,06,19,5,0,0,1,1,0,0,,0
"POINT (8.385284183000067 49.021651591000079)",Unfall 151302 (2017) Kat:3, Licht: 0,151302,3,7,6,06,09,5,0,0,1,0,1,0,,0
"POINT (8.400038868000024 49.004880565000065)",Unfall 151332 (2017) Kat:3, Licht: 0,151332,3,7,5,06,09,3,0,0,1,0,0,0,,0
"POINT (8.395068984000034 49.010053097000082)",Unfall 151333 (2017) Kat:3, Licht: 0,151333,3,6,3,06,17,3,0,0,1,1,0,0,,0
"POINT (8.416577168000060 49.015165371000080)",Unfall 151334 (2017) Kat:3, Licht: 2,151334,3,3,5,06,00,3,0,2,1,0,0,0,,0
"POINT (8.340994261000049 49.030904757000030)",Unfall 151382 (2017) Kat:3, Licht: 0,151382,3,2,6,06,18,2,0,0,0,1,1,0,,0
"POINT (8.352193622000073 49.018782000000044)",Unfall 151383 (2017) Kat:2, Licht: 0,151383,2,3,5,06,06,2,0,0,0,1,0,1,,0
"POINT (8.381697911000060 49.049364690000061)",Unfall 151384 (2017) Kat:3, Licht: 0,151384,3,3,5,06,08,2,0,0,1,1,0,0,,0
"POINT (8.335110310000061 49.031707743000027)",Unfall 151385 (2017) Kat:3, Licht: 0,151385,3,3,5,06,06,2,0,0,1,1,0,0,,0
"POINT (8.382349310000052 49.049037305000070)",Unfall 151405 (2017) Kat:3, Licht: 0,151405,3,6,2,06,09,2,0,0,0,1,0,0,,0
"POINT (8.397003322000046 48.966488110000057)",Unfall 151406 (2017) Kat:3, Licht: 0,151406,3,7,0,06,16,2,0,0,1,1,0,0,,0
"POINT (8.471055411000066 48.997959814000069)",Unfall 151445 (2017) Kat:3, Licht: 0,151445,3,1,0,06,20,1,0,0,1,0,0,0,,0
"POINT (8.441848356000037 49.013711020000073)",Unfall 151476 (2017) Kat:3, Licht: 0,151476,3,1,0,06,21,7,0,0,1,0,0,0,,0
"POINT (8.446795717000043 48.996270781000078)",Unfall 151521 (2017) Kat:3, Licht: 0,151521,3,2,4,06,16,6,0,0,1,1,0,0,,0
"POINT (8.508281502000045 49.005158010000059)",Unfall 151550 (2017) Kat:3, Licht: 0,151550,3,1,8,06,07,5,0,0,0,0,0,0,,1
"POINT (8.446931625000048 49.005648761000032)",Unfall 151669 (2017) Kat:2, Licht: 2,151669,2,1,8,06,23,6,0,2,0,1,0,0,,0
"POINT (8.394778516000031 49.007730524000067)",Unfall 151684 (2017) Kat:3, Licht: 0,151684,3,2,6,06,12,6,0,0,1,0,1,0,,0
"POINT (8.345896756000059 49.015293512000028)",Unfall 151727 (2017) Kat:3, Licht: 0,151727,3,1,0,06,18,5,0,0,0,0,0,1,,0
"POINT (8.370306161000030 49.009985999000037)",Unfall 151736 (2017) Kat:3, Licht: 1,151736,3,3,5,06,21,5,0,1,0,1,0,1,,0
"POINT (8.374339463000069 49.062957736000044)",Unfall 151773 (2017) Kat:3, Licht: 0,151773,3,1,9,06,16,4,0,0,0,1,0,0,,0
"POINT (8.358313378000048 49.022031320000053)",Unfall 151774 (2017) Kat:2, Licht: 0,151774,2,7,0,06,12,4,0,0,1,0,0,0,,0
"POINT (8.410438120000038 49.002232293000077)",Unfall 151775 (2017) Kat:2, Licht: 0,151775,2,1,0,06,19,4,0,0,1,0,0,0,,0
"POINT (8.385574076000069 49.014753399000028)",Unfall 151795 (2017) Kat:3, Licht: 0,151795,3,6,1,06,10,4,0,0,0,1,0,0,,1
"POINT (8.410700925000072 48.998995106000052)",Unfall 151796 (2017) Kat:3, Licht: 1,151796,3,4,6,06,20,4,0,1,0,1,1,0,,0
"POINT (8.424410187000035 49.007470532000070)",Unfall 151797 (2017) Kat:3, Licht: 0,151797,3,6,2,06,09,4,0,0,0,1,0,0,,0
"POINT (8.398229409000066 49.011838085000079)",Unfall 151848 (2017) Kat:3, Licht: 0,151848,3,3,5,06,11,3,0,0,1,1,0,0,,0
"POINT (8.410913428000072 48.997081942000079)",Unfall 151849 (2017) Kat:3, Licht: 0,151849,3,2,3,06,07,3,0,0,1,1,0,0,,0
"POINT (8.443655382000031 49.006589571000063)",Unfall 151941 (2017) Kat:1, Licht: 0,151941,1,1,0,06,20,4,0,0,1,0,0,0,,0
"POINT (8.415636157000051 49.020605177000050)",Unfall 151952 (2017) Kat:3, Licht: 0,151952,3,6,2,06,08,4,1,0,0,1,0,0,,0
"POINT (8.457593754000072 49.019928573000072)",Unfall 152060 (2017) Kat:2, Licht: 0,152060,2,2,2,06,15,2,0,0,0,0,0,1,,1
"POINT (8.372089725000024 49.020131036000066)",Unfall 152062 (2017) Kat:3, Licht: 0,152062,3,6,3,06,08,2,0,0,1,1,0,0,,0
"POINT (8.432391349000056 49.020450105000066)",Unfall 152063 (2017) Kat:3, Licht: 0,152063,3,3,5,06,09,2,0,0,1,1,0,0,,0
"POINT (8.383185120000064 49.010482238000066)",Unfall 152064 (2017) Kat:2, Licht: 0,152064,2,2,3,06,11,2,0,0,1,0,0,0,,1
"POINT (8.377858393000054 49.005767039000034)",Unfall 152077 (2017) Kat:3, Licht: 0,152077,3,1,0,06,17,2,0,0,1,0,0,0,,0
"POINT (8.379831903000024 49.010593482000047)",Unfall 152078 (2017) Kat:3, Licht: 0,152078,3,3,5,06,11,2,0,0,0,1,0,1,,0
"POINT (8.367943985000068 48.992342486000041)",Unfall 152079 (2017) Kat:3, Licht: 0,152079,3,6,2,06,18,2,0,0,0,1,0,0,,0
"POINT (8.392342748000033 49.006984266000075)",Unfall 152115 (2017) Kat:3, Licht: 2,152115,3,6,6,06,00,1,0,2,1,0,1,0,,0
"POINT (8.372126157000025 49.007175570000072)",Unfall 152116 (2017) Kat:2, Licht: 0,152116,2,4,6,06,16,1,0,0,0,1,1,0,,0
"POINT (8.402261621000037 48.992012438000074)",Unfall 152117 (2017) Kat:2, Licht: 0,152117,2,5,6,06,17,1,0,0,0,1,1,0,,0
"POINT (8.352399350000042 49.019228602000055)",Unfall 152151 (2017) Kat:3, Licht: 0,152151,3,5,2,07,06,4,0,0,0,1,0,1,,0
"POINT (8.391508640000041 49.006899669000063)",Unfall 152152 (2017) Kat:3, Licht: 0,152152,3,3,5,07,17,4,0,0,1,1,0,0,,0
"POINT (8.386967352000056 49.029608999000061)",Unfall 152153 (2017) Kat:3, Licht: 0,152153,3,6,2,07,09,4,0,0,1,0,0,0,,0
"POINT (8.385171504000027 49.017995897000048)",Unfall 152219 (2017) Kat:3, Licht: 0,152219,3,6,4,07,11,3,0,0,1,0,0,0,,0
"POINT (8.472401416000025 49.003465359000074)",Unfall 152220 (2017) Kat:3, Licht: 0,152220,3,3,5,07,18,3,0,0,1,1,0,0,,0
"POINT (8.410562400000060 49.000869400000056)",Unfall 152221 (2017) Kat:2, Licht: 0,152221,2,4,6,07,17,3,0,0,0,1,1,0,,0
"POINT (8.360026685000037 49.011164792000045)",Unfall 152233 (2017) Kat:3, Licht: 0,152233,3,7,6,07,17,3,0,0,0,1,1,0,,0
"POINT (8.394794994000051 49.005598636000059)",Unfall 152234 (2017) Kat:3, Licht: 0,152234,3,3,5,07,18,3,0,0,1,1,0,0,,0
"POINT (8.471457744000077 49.006675418000043)",Unfall 152275 (2017) Kat:3, Licht: 0,152275,3,3,5,07,15,2,0,0,0,1,0,0,,1
"POINT (8.393683770000052 49.010068621000073)",Unfall 152276 (2017) Kat:3, Licht: 0,152276,3,7,6,07,11,2,0,0,1,0,1,0,,0
"POINT (8.396487313000023 49.002248896000026)",Unfall 152334 (2017) Kat:2, Licht: 2,152334,2,1,0,07,23,7,1,2,1,0,0,0,,0
"POINT (8.448159308000072 49.005322395000064)",Unfall 152335 (2017) Kat:3, Licht: 0,152335,3,3,5,07,16,7,0,0,0,1,0,1,,0
"POINT (8.393111699000031 49.029892014000040)",Unfall 152376 (2017) Kat:3, Licht: 0,152376,3,7,5,06,17,6,0,0,1,1,0,0,,0
"POINT (8.388044299000057 49.004405937000058)",Unfall 152424 (2017) Kat:2, Licht: 0,152424,2,3,5,07,13,1,0,0,1,0,0,0,,0
"POINT (8.358979131000069 49.013273225000034)",Unfall 152458 (2017) Kat:3, Licht: 0,152458,3,2,2,07,11,7,0,0,1,1,0,0,,0
"POINT (8.409816375000048 49.007780175000050)",Unfall 152486 (2017) Kat:3, Licht: 0,152486,3,3,5,07,14,6,0,0,1,0,1,0,,0
"POINT (8.471150992000048 49.001521943000057)",Unfall 152487 (2017) Kat:3, Licht: 0,152487,3,2,5,07,09,6,0,0,1,1,0,0,,0
"POINT (8.418761223000047 49.007575634000034)",Unfall 152488 (2017) Kat:3, Licht: 0,152488,3,3,5,07,13,6,0,0,1,1,0,0,,0
"POINT (8.432644880000055 48.996639959000049)",Unfall 152489 (2017) Kat:3, Licht: 0,152489,3,3,5,07,15,6,0,0,0,1,0,0,,0
"POINT (8.385948001000031 49.026538286000061)",Unfall 152544 (2017) Kat:2, Licht: 0,152544,2,4,6,07,08,5,0,0,0,1,1,0,,0
"POINT (8.438853459000029 49.006787514000052)",Unfall 152545 (2017) Kat:3, Licht: 0,152545,3,3,5,07,07,5,0,0,1,1,0,0,,0
"POINT (8.336669481000058 49.036705961000052)",Unfall 152565 (2017) Kat:3, Licht: 0,152565,3,5,1,07,08,5,0,0,0,1,0,0,,0
"POINT (8.386028603000057 49.026922152000054)",Unfall 152566 (2017) Kat:3, Licht: 2,152566,3,3,5,07,00,5,0,2,1,1,0,0,,0
"POINT (8.393058191000023 49.007395768000038)",Unfall 152567 (2017) Kat:3, Licht: 0,152567,3,6,4,07,11,5,0,0,1,0,0,0,,1
"POINT (8.420512598000073 49.006732160000070)",Unfall 152617 (2017) Kat:3, Licht: 0,152617,3,6,2,07,15,4,0,0,0,1,0,1,,0
"POINT (8.346918946000073 48.997586483000077)",Unfall 152618 (2017) Kat:3, Licht: 0,152618,3,4,6,07,17,4,0,0,0,0,1,0,,1
"POINT (8.385058554000068 49.020273009000050)",Unfall 152619 (2017) Kat:3, Licht: 0,152619,3,3,5,07,07,4,0,0,1,0,0,0,,1
"POINT (8.413265562000049 49.021638746000065)",Unfall 152648 (2017) Kat:3, Licht: 0,152648,3,2,5,07,10,6,0,0,0,1,0,0,,0
"POINT (8.430532997000057 49.028968155000030)",Unfall 152667 (2017) Kat:3, Licht: 0,152667,3,3,5,07,15,6,0,0,0,1,0,0,,0
"POINT (8.364164194000068 49.011506637000082)",Unfall 152668 (2017) Kat:3, Licht: 0,152668,3,3,5,07,17,6,0,0,1,1,0,0,,0
"POINT (8.395684587000062 48.988930191000065)",Unfall 152669 (2017) Kat:2, Licht: 0,152669,2,6,3,07,12,6,0,0,1,0,0,0,,0
"POINT (8.384632130000057 48.990334711000060)",Unfall 152670 (2017) Kat:3, Licht: 0,152670,3,2,5,07,07,6,0,0,1,1,0,0,,0
"POINT (8.392400807000058 48.990170786000078)",Unfall 152712 (2017) Kat:3, Licht: 0,152712,3,6,3,07,07,5,0,0,1,0,0,0,,0
"POINT (8.404260714000031 48.997451255000044)",Unfall 152713 (2017) Kat:3, Licht: 0,152713,3,5,1,07,10,5,0,0,1,1,0,0,,0
"POINT (8.361079156000074 49.011354219000054)",Unfall 152733 (2017) Kat:3, Licht: 0,152733,3,6,2,07,17,5,0,0,1,1,0,0,,0
"POINT (8.391358301000025 49.006357136000076)",Unfall 152734 (2017) Kat:3, Licht: 0,152734,3,5,1,07,08,5,0,0,1,0,0,0,,1
"POINT (8.424309254000036 49.003587284000048)",Unfall 152735 (2017) Kat:2, Licht: 0,152735,2,3,5,07,18,5,0,0,1,1,0,0,,0
"POINT (8.385089062000077 49.022480980000068)",Unfall 152834 (2017) Kat:3, Licht: 0,152834,3,7,0,07,11,3,0,0,0,0,0,0,,1
"POINT (8.372138857000039 49.015543529000070)",Unfall 152835 (2017) Kat:2, Licht: 0,152835,2,2,5,07,08,3,0,0,0,1,0,1,,0
"POINT (8.392615328000034 49.030708610000033)",Unfall 152836 (2017) Kat:2, Licht: 0,152836,2,7,6,07,20,3,1,0,0,1,1,0,,0
"POINT (8.371180781000021 49.047239068000067)",Unfall 152845 (2017) Kat:3, Licht: 0,152845,3,6,0,07,07,3,0,0,1,1,0,0,,0
"POINT (8.346842470000070 48.997526067000081)",Unfall 152848 (2017) Kat:3, Licht: 2,152848,3,3,5,07,22,3,1,2,0,1,0,0,,0
"POINT (8.410268270000074 49.009164322000061)",Unfall 152925 (2017) Kat:3, Licht: 0,152925,3,6,2,07,11,4,0,0,0,1,0,0,,0
"POINT (8.429714080000053 49.008501274000025)",Unfall 152926 (2017) Kat:3, Licht: 0,152926,3,7,0,07,19,4,0,0,1,0,0,0,,0
"POINT (8.422817252000073 49.013308822000056)",Unfall 152927 (2017) Kat:2, Licht: 0,152927,2,2,5,07,16,4,0,0,1,0,0,0,,1
"POINT (8.368178606000072 49.005184080000049)",Unfall 152937 (2017) Kat:3, Licht: 0,152937,3,3,5,07,18,4,0,0,1,1,0,0,,0
"POINT (8.410654237000074 49.001529709000067)",Unfall 152979 (2017) Kat:3, Licht: 0,152979,3,3,5,07,08,3,0,0,1,1,0,0,,0
"POINT (8.401238206000073 49.009716259000072)",Unfall 152980 (2017) Kat:3, Licht: 0,152980,3,4,6,07,10,3,0,0,0,0,1,0,,1
"POINT (8.427597984000045 49.013008992000039)",Unfall 152981 (2017) Kat:3, Licht: 0,152981,3,6,2,07,09,3,0,0,0,1,0,0,,1
"POINT (8.382796457000040 48.998869220000074)",Unfall 153046 (2017) Kat:3, Licht: 0,153046,3,2,2,07,07,2,0,0,0,1,0,1,,0
"POINT (8.375263251000035 49.049552981000033)",Unfall 153056 (2017) Kat:3, Licht: 0,153056,3,3,5,07,07,2,0,0,1,1,0,0,,0
"POINT (8.353257334000034 49.001613917000043)",Unfall 153057 (2017) Kat:3, Licht: 0,153057,3,3,5,07,14,2,0,0,1,1,0,0,,0
"POINT (8.408254097000054 48.999083468000038)",Unfall 153058 (2017) Kat:2, Licht: 0,153058,2,3,5,07,14,2,0,0,1,0,0,0,,0
"POINT (8.405902061000063 48.977984831000072)",Unfall 153059 (2017) Kat:3, Licht: 0,153059,3,3,5,07,14,2,0,0,1,0,0,0,,0
"POINT (8.458786375000045 49.001351922000026)",Unfall 153060 (2017) Kat:3, Licht: 0,153060,3,1,0,07,08,2,0,0,1,0,0,0,,0
"POINT (8.391041615000063 49.003701194000030)",Unfall 153119 (2017) Kat:3, Licht: 0,153119,3,4,6,07,14,7,0,0,0,1,1,0,,0
"POINT (8.402385469000024 48.984785356000032)",Unfall 153127 (2017) Kat:3, Licht: 0,153127,3,3,5,07,09,7,1,0,1,1,0,0,,0
"POINT (8.410499182000024 49.009368675000076)",Unfall 153154 (2017) Kat:3, Licht: 0,153154,3,3,5,07,07,3,1,0,1,0,0,0,,0
"POINT (8.344469689000050 48.995740071000057)",Unfall 153155 (2017) Kat:3, Licht: 0,153155,3,3,5,07,14,3,1,0,0,0,0,1,,1
"POINT (8.405516398000032 49.008102108000060)",Unfall 153167 (2017) Kat:3, Licht: 0,153167,3,3,0,07,17,3,1,0,0,1,0,1,,0
"POINT (8.373481188000028 49.006811017000075)",Unfall 153168 (2017) Kat:2, Licht: 0,153168,2,7,2,07,16,3,1,0,0,1,0,1,,0
"POINT (8.367894056000068 49.008340202000056)",Unfall 153169 (2017) Kat:3, Licht: 0,153169,3,3,5,07,09,3,0,0,1,1,0,0,,0
"POINT (8.376867922000031 49.008001277000062)",Unfall 153225 (2017) Kat:3, Licht: 0,153225,3,3,5,07,08,2,1,0,1,1,0,0,,0
"POINT (8.423347127000056 49.018165508000038)",Unfall 153226 (2017) Kat:3, Licht: 0,153226,3,5,1,07,12,2,0,0,1,1,0,0,,0
"POINT (8.385034478000023 49.019827636000059)",Unfall 153242 (2017) Kat:3, Licht: 2,153242,3,7,5,07,22,1,0,2,1,0,1,0,,0
"POINT (8.379243306000035 49.007755620000069)",Unfall 153243 (2017) Kat:2, Licht: 2,153243,2,6,2,07,23,1,0,2,1,0,0,0,,1
"POINT (8.375040275000060 49.011039935000042)",Unfall 153248 (2017) Kat:3, Licht: 0,153248,3,6,2,07,19,1,0,0,0,1,0,0,,0
"POINT (8.410470684000075 49.001477088000058)",Unfall 153249 (2017) Kat:3, Licht: 2,153249,3,4,6,07,04,1,1,2,0,0,1,0,,1
"POINT (8.444404835000057 49.033745133000082)",Unfall 153289 (2017) Kat:3, Licht: 0,153289,3,1,1,07,12,7,0,0,1,1,0,0,,0
"POINT (8.482219410000027 48.944767617000082)",Unfall 153290 (2017) Kat:3, Licht: 0,153290,3,6,4,07,17,7,0,0,0,1,0,1,,0
"POINT (8.423661227000025 49.024909726000033)",Unfall 153327 (2017) Kat:3, Licht: 0,153327,3,3,5,07,14,6,0,0,1,1,0,0,,0
"POINT (8.386423354000044 49.014718550000055)",Unfall 153399 (2017) Kat:3, Licht: 0,153399,3,3,5,07,12,5,0,0,1,1,0,0,,0
"POINT (8.402861739000059 49.010267858000077)",Unfall 153400 (2017) Kat:3, Licht: 0,153400,3,1,0,07,17,5,1,0,1,0,0,0,,0
"POINT (8.448729776000050 49.025705834000064)",Unfall 153416 (2017) Kat:3, Licht: 0,153416,3,3,5,08,07,3,0,0,1,1,0,0,,0
"POINT (8.374586965000049 49.010902850000036)",Unfall 153464 (2017) Kat:2, Licht: 0,153464,2,3,5,07,10,2,0,0,0,1,0,0,,0
"POINT (8.416677487000072 49.008546722000062)",Unfall 153465 (2017) Kat:3, Licht: 0,153465,3,2,5,07,09,2,0,0,1,1,0,0,,0
"POINT (8.394392022000034 48.967420634000064)",Unfall 153475 (2017) Kat:3, Licht: 0,153475,3,6,4,07,17,2,0,0,1,0,0,0,,0
"POINT (8.401556842000048 49.007521865000058)",Unfall 153535 (2017) Kat:3, Licht: 0,153535,3,1,6,07,20,7,0,0,1,0,1,0,,0
"POINT (8.442119513000023 49.008090336000066)",Unfall 153566 (2017) Kat:3, Licht: 0,153566,3,3,5,07,07,6,0,0,1,1,0,0,,0
"POINT (8.457732198000031 49.020607110000071)",Unfall 153577 (2017) Kat:3, Licht: 0,153577,3,6,1,07,08,6,0,0,0,1,0,0,,1
"POINT (8.372980911000070 49.010898826000073)",Unfall 153578 (2017) Kat:3, Licht: 0,153578,3,5,2,07,16,6,0,0,1,1,0,0,,0
"POINT (8.349657627000056 48.999724736000076)",Unfall 153612 (2017) Kat:3, Licht: 1,153612,3,3,5,07,05,5,0,1,0,1,0,0,,0
"POINT (8.361570476000054 49.003040398000053)",Unfall 153613 (2017) Kat:3, Licht: 2,153613,3,6,3,07,22,5,1,2,0,1,0,1,,0
"POINT (8.392809912000075 49.053229268000052)",Unfall 153661 (2017) Kat:3, Licht: 0,153661,3,5,1,07,13,4,0,0,0,1,0,0,,0
"POINT (8.385408405000021 48.991840607000029)",Unfall 153664 (2017) Kat:3, Licht: 0,153664,3,7,0,07,11,4,0,0,0,0,0,0,,1
"POINT (8.494590903000074 49.012043820000031)",Unfall 153697 (2017) Kat:2, Licht: 0,153697,2,5,1,08,10,2,0,0,1,1,0,0,,0
"POINT (8.338420916000075 49.033737182000039)",Unfall 153704 (2017) Kat:3, Licht: 0,153704,3,2,5,08,06,2,0,0,0,1,0,0,,0
"POINT (8.367900414000076 49.008263040000031)",Unfall 153705 (2017) Kat:3, Licht: 0,153705,3,3,5,08,16,2,0,0,1,1,0,0,,0
"POINT (8.395772156000021 49.009971262000079)",Unfall 153706 (2017) Kat:3, Licht: 0,153706,3,1,0,08,16,2,0,0,1,0,0,0,,0
"POINT (8.384761833000027 48.977589339000076)",Unfall 153707 (2017) Kat:2, Licht: 0,153707,2,3,5,08,16,2,0,0,1,1,0,0,,0
"POINT (8.495820168000023 49.005333086000064)",Unfall 153729 (2017) Kat:2, Licht: 0,153729,2,1,1,08,14,1,0,0,0,1,0,0,,0
"POINT (8.457481426000072 49.018573004000075)",Unfall 153731 (2017) Kat:3, Licht: 0,153731,3,3,5,08,14,1,0,0,0,1,0,0,,0
"POINT (8.406144561000076 49.010300929000039)",Unfall 153753 (2017) Kat:3, Licht: 0,153753,3,1,0,08,10,7,0,0,1,0,0,0,,0
"POINT (8.387765660000071 49.010533987000031)",Unfall 153804 (2017) Kat:3, Licht: 0,153804,3,7,6,08,12,6,0,0,1,0,1,0,,0
"POINT (8.356519288000072 49.015759261000028)",Unfall 153805 (2017) Kat:3, Licht: 0,153805,3,5,1,08,07,6,0,0,1,1,0,0,,0
"POINT (8.410547112000074 49.004458480000039)",Unfall 153806 (2017) Kat:3, Licht: 0,153806,3,2,0,08,09,6,0,0,1,0,0,0,,0
"POINT (8.426339182000049 49.003745945000048)",Unfall 153807 (2017) Kat:3, Licht: 0,153807,3,6,2,08,18,6,0,0,1,1,0,0,,0
"POINT (8.356448955000076 49.007846032000032)",Unfall 153837 (2017) Kat:3, Licht: 0,153837,3,6,4,08,13,5,0,0,1,0,0,0,,1
"POINT (8.405778200000043 49.012987668000051)",Unfall 153838 (2017) Kat:3, Licht: 0,153838,3,4,6,08,16,5,0,0,1,0,1,0,,0
"POINT (8.370442915000069 49.006735095000067)",Unfall 153839 (2017) Kat:3, Licht: 0,153839,3,5,1,08,15,5,0,0,1,1,0,0,,0
"POINT (8.400367767000034 49.010575593000056)",Unfall 153840 (2017) Kat:3, Licht: 0,153840,3,6,0,08,06,5,1,0,0,1,0,1,,0
"POINT (8.419988472000057 49.011420156000042)",Unfall 153888 (2017) Kat:3, Licht: 0,153888,3,6,4,08,12,4,0,0,1,1,0,0,,0