WKT,Name,OBJECTID,UKATEGORIE,UTYP1,UART,UMONAT,USTUNDE,UWOCHENTAG,STRZUSTAND,ULICHTVERH,ISTRAD,ISTPKW,ISTFUSS,ISTKRAD,ISTGKFZ,ISTSONSTIG
"POINT (8.434783470000070 49.033362145000069)",Unfall 153889 (2017) Kat:2, Licht: 0,153889,2,3,5,08,17,4,0,0,1,1,0,0,,0
"POINT (8.383138935000034 48.989051247000077)",Unfall 153890 (2017) Kat:3, Licht: 0,153890,3,6,0,08,11,4,0,0,0,1,0,1,,0
"POINT (8.375147181000045 49.006450949000055)",Unfall 153895 (2017) Kat:3, Licht: 0,153895,3,2,4,08,12,4,0,0,1,1,0,0,,0
"POINT (8.492562483000029 49.001627263000046)",Unfall 153931 (2017) Kat:2, Licht: 0,153931,2,1,8,08,17,3,1,0,1,0,0,0,,0
"POINT (8.405733088000034 49.010238805000029)",Unfall 153933 (2017) Kat:3, Licht: 0,153933,3,5,1,08,14,3,0,0,1,1,0,0,,0
"POINT (8.356638523000072 48.998243879000029)",Unfall 153947 (2017) Kat:3, Licht: 0,153947,3,3,5,08,17,4,0,0,1,0,0,0,,0
"POINT (8.370930011000041 49.007174368000051)",Unfall 153948 (2017) Kat:3, Licht: 0,153948,3,5,1,08,11,4,0,0,1,1,0,0,,0
"POINT (8.374539026000036 49.010751219000042)",Unfall 153986 (2017) Kat:3, Licht: 0,153986,3,5,1,08,16,3,0,0,1,1,0,0,,0
"POINT (8.417379066000024 49.008891895000033)",Unfall 154051 (2017) Kat:2, Licht: 2,154051,2,7,0,08,03,1,1,2,1,0,0,0,,0
"POINT (8.382201220000070 49.010525870000038)",Unfall 154053 (2017) Kat:3, Licht: 1,154053,3,7,6,08,19,1,0,1,0,1,1,0,,0
"POINT (8.386597257000062 48.998661924000032)",Unfall 154081 (2017) Kat:3, Licht: 0,154081,3,5,2,08,18,7,0,0,0,1,0,0,,0
"POINT (8.445439242000020 49.005547131000071)",Unfall 154082 (2017) Kat:3, Licht: 0,154082,3,6,2,08,12,7,0,0,0,1,0,0,,0
"POINT (8.427831135000076 49.013098110000044)",Unfall 154104 (2017) Kat:3, Licht: 0,154104,3,6,3,08,16,6,1,0,0,1,0,0,,1
"POINT (8.428544094000074 49.013371499000073)",Unfall 154105 (2017) Kat:3, Licht: 0,154105,3,6,3,08,12,6,0,0,0,1,0,0,,1
"POINT (8.416369375000045 49.008566960000053)",Unfall 154111 (2017) Kat:3, Licht: 2,154111,3,1,0,08,23,6,1,2,1,0,0,0,,0
"POINT (8.383741759000031 49.010645631000045)",Unfall 154125 (2017) Kat:2, Licht: 0,154125,2,3,5,08,16,5,1,0,1,1,0,0,,0
"POINT (8.458208284000023 49.029117779000046)",Unfall 154132 (2017) Kat:3, Licht: 0,154132,3,3,5,08,11,5,1,0,0,1,0,0,,0
"POINT (8.466245357000048 48.998452556000075)",Unfall 154133 (2017) Kat:3, Licht: 0,154133,3,3,5,08,07,5,1,0,0,1,0,0,,0
"POINT (8.380429343000060 49.044906632000050)",Unfall 154164 (2017) Kat:3, Licht: 0,154164,3,3,5,08,06,4,0,0,1,0,0,0,,0
"POINT (8.371843608000063 49.007674597000062)",Unfall 154165 (2017) Kat:3, Licht: 0,154165,3,7,6,08,11,4,0,0,1,0,1,0,,0
"POINT (8.359110929000053 49.022877863000076)",Unfall 154166 (2017) Kat:3, Licht: 0,154166,3,3,5,08,07,4,0,0,1,1,0,0,,0
"POINT (8.398272499000029 49.011876070000028)",Unfall 154203 (2017) Kat:3, Licht: 0,154203,3,3,0,08,13,3,0,0,1,1,0,0,,0
"POINT (8.397122597000021 49.008018120000031)",Unfall 154204 (2017) Kat:3, Licht: 0,154204,3,4,6,08,15,3,0,0,1,0,1,0,,0
"POINT (8.340545120000058 49.003606452000042)",Unfall 154231 (2017) Kat:3, Licht: 2,154231,3,3,5,08,00,5,0,2,1,1,0,0,,0
"POINT (8.394117608000045 48.987358380000046)",Unfall 154253 (2017) Kat:3, Licht: 0,154253,3,2,5,08,20,4,0,0,1,0,0,0,,0
"POINT (8.411030343000050 49.022847085000080)",Unfall 154254 (2017) Kat:3, Licht: 0,154254,3,2,2,08,18,4,0,0,0,1,0,0,,0
"POINT (8.391951227000050 49.002873977000036)",Unfall 154255 (2017) Kat:3, Licht: 0,154255,3,2,0,08,10,4,0,0,1,0,0,0,,1
"POINT (8.391658392000068 49.010160754000026)",Unfall 154256 (2017) Kat:3, Licht: 0,154256,3,7,5,08,14,4,0,0,0,1,0,0,,1
"POINT (8.452830706000043 48.996094715000027)",Unfall 154270 (2017) Kat:3, Licht: 0,154270,3,2,5,08,18,4,0,0,1,1,0,0,,0
"POINT (8.376893253000048 49.007984351000061)",Unfall 154302 (2017) Kat:3, Licht: 0,154302,3,3,5,08,12,3,0,0,1,1,0,0,,0
"POINT (8.495406467000066 49.019188584000062)",Unfall 154303 (2017) Kat:3, Licht: 0,154303,3,6,0,08,18,3,0,0,1,1,0,0,,0
"POINT (8.411292900000035 49.009232893000046)",Unfall 154332 (2017) Kat:3, Licht: 0,154332,3,6,3,08,17,2,0,0,0,0,0,0,,1
"POINT (8.430053537000049 49.013891911000030)",Unfall 154342 (2017) Kat:3, Licht: 0,154342,3,3,0,08,07,2,0,0,1,1,0,0,,0
"POINT (8.397902963000036 48.999483773000065)",Unfall 154379 (2017) Kat:3, Licht: 0,154379,3,6,6,08,12,7,0,0,1,0,1,0,,0
"POINT (8.430846413000040 49.032368936000069)",Unfall 154386 (2017) Kat:3, Licht: 2,154386,3,2,2,08,21,7,0,2,0,1,0,1,,0
"POINT (8.467057255000043 48.999539187000039)",Unfall 154409 (2017) Kat:3, Licht: 0,154409,3,5,1,08,13,6,0,0,1,1,0,0,,0
"POINT (8.463361225000028 49.001208990000066)",Unfall 154410 (2017) Kat:3, Licht: 0,154410,3,3,5,08,13,6,0,0,1,1,0,0,,0
"POINT (8.470468501000028 48.999149897000052)",Unfall 154449 (2017) Kat:3, Licht: 0,154449,3,1,8,08,12,5,0,0,0,0,0,1,,0
"POINT (8.416774288000056 49.008562197000060)",Unfall 154475 (2017) Kat:3, Licht: 0,154475,3,2,5,08,11,4,0,0,0,1,0,1,,0
"POINT (8.442780076000076 49.005074408000041)",Unfall 154476 (2017) Kat:3, Licht: 0,154476,3,6,1,08,15,4,0,0,0,1,0,0,,1
"POINT (8.418672262000030 49.009676301000070)",Unfall 154482 (2017) Kat:3, Licht: 0,154482,3,6,2,08,17,6,0,0,1,0,0,0,,0
"POINT (8.338713727000027 49.010620616000040)",Unfall 154502 (2017) Kat:3, Licht: 0,154502,3,3,5,08,07,6,0,0,1,1,0,0,,0
"POINT (8.319155442000067 49.017162595000059)",Unfall 154503 (2017) Kat:3, Licht: 0,154503,3,3,5,08,09,6,0,0,0,1,0,0,,1
"POINT (8.370487323000020 49.026499539000042)",Unfall 154515 (2017) Kat:3, Licht: 0,154515,3,3,5,08,12,5,0,0,1,0,0,0,,1
"POINT (8.402018070000054 48.978846740000051)",Unfall 154516 (2017) Kat:3, Licht: 2,154516,3,7,9,08,05,5,1,2,0,0,0,1,,0
"POINT (8.461807845000067 49.030747108000071)",Unfall 154552 (2017) Kat:3, Licht: 0,154552,3,3,5,08,16,4,0,0,1,0,0,0,,0
"POINT (8.463252405000048 48.993878318000043)",Unfall 154579 (2017) Kat:3, Licht: 0,154579,3,6,6,08,09,3,0,0,1,0,1,0,,0
"POINT (8.398311050000075 49.005603166000071)",Unfall 154589 (2017) Kat:3, Licht: 0,154589,3,6,2,08,18,3,0,0,0,1,0,1,,0
"POINT (8.447961207000049 49.018240659000071)",Unfall 154616 (2017) Kat:3, Licht: 1,154616,3,3,5,08,06,2,0,1,0,1,0,1,,0
"POINT (8.478305207000062 49.004228710000064)",Unfall 154629 (2017) Kat:3, Licht: 0,154629,3,2,5,08,19,2,0,0,1,1,0,0,,0
"POINT (8.391353305000052 49.005544234000070)",Unfall 154630 (2017) Kat:3, Licht: 0,154630,3,4,6,08,17,2,0,0,0,1,1,0,,0
"POINT (8.373125258000073 49.037474443000065)",Unfall 154695 (2017) Kat:2, Licht: 0,154695,2,4,6,08,10,7,0,0,0,0,1,1,,0
"POINT (8.394033984000032 48.992629248000071)",Unfall 154696 (2017) Kat:3, Licht: 0,154696,3,3,5,08,14,7,0,0,1,0,0,1,,0
"POINT (8.406629914000064 49.009469545000059)",Unfall 154706 (2017) Kat:3, Licht: 1,154706,3,1,0,08,06,7,1,1,1,0,0,0,,0
"POINT (8.408431428000029 49.023651700000073)",Unfall 154756 (2017) Kat:3, Licht: 0,154756,3,2,2,09,13,5,0,0,0,1,0,1,,0
"POINT (8.371610792000070 49.008492688000047)",Unfall 154764 (2017) Kat:3, Licht: 0,154764,3,3,5,09,17,5,0,0,1,1,0,0,,0
"POINT (8.456697607000024 48.996756242000060)",Unfall 154765 (2017) Kat:3, Licht: 0,154765,3,7,6,09,07,5,0,0,0,1,1,0,,0
"POINT (8.385890365000023 48.995313097000064)",Unfall 154797 (2017) Kat:3, Licht: 0,154797,3,6,2,09,09,4,0,0,0,1,0,1,,0
"POINT (8.491589246000046 49.029772584000057)",Unfall 154829 (2017) Kat:3, Licht: 2,154829,3,7,0,09,03,3,0,2,0,1,0,0,,0
"POINT (8.416286458000059 49.008512899000038)",Unfall 154860 (2017) Kat:3, Licht: 0,154860,3,1,0,09,18,2,1,0,1,0,0,0,,0
"POINT (8.386076591000062 48.998680994000040)",Unfall 154861 (2017) Kat:3, Licht: 0,154861,3,2,6,09,09,2,0,0,0,1,1,0,,0
"POINT (8.394222493000029 49.010044534000031)",Unfall 154897 (2017) Kat:3, Licht: 2,154897,3,7,0,09,04,1,0,2,1,0,0,0,,0
"POINT (8.368004562000067 49.006838790000074)",Unfall 154921 (2017) Kat:2, Licht: 0,154921,2,3,5,09,10,7,1,0,0,1,0,1,,0
"POINT (8.376378131000024 49.009381719000032)",Unfall 154923 (2017) Kat:3, Licht: 2,154923,3,3,5,09,00,7,0,2,1,1,0,0,,0
"POINT (8.348995553000066 49.034691438000038)",Unfall 154946 (2017) Kat:3, Licht: 0,154946,3,3,5,09,15,6,0,0,1,1,0,0,,0
"POINT (8.395059032000063 49.009956261000070)",Unfall 154947 (2017) Kat:3, Licht: 0,154947,3,4,6,09,17,6,0,0,0,1,1,0,,0
"POINT (8.398140846000047 49.014211608000039)",Unfall 154948 (2017) Kat:3, Licht: 0,154948,3,6,2,09,14,6,0,0,0,1,0,1,,0
"POINT (8.402724325000065 49.003873659000078)",Unfall 154957 (2017) Kat:3, Licht: 0,154957,3,1,0,09,13,6,0,0,1,0,0,0,,0
"POINT (8.406840097000043 48.995843008000065)",Unfall 154958 (2017) Kat:3, Licht: 0,154958,3,7,0,09,16,6,0,0,1,0,0,0,,0
"POINT (8.413109349000024 49.010570884000060)",Unfall 155016 (2017) Kat:3, Licht: 0,155016,3,3,5,09,08,5,1,0,1,1,0,0,,0
"POINT (8.389796466000064 49.010212068000044)",Unfall 155017 (2017) Kat:3, Licht: 0,155017,3,3,6,09,16,5,0,0,1,0,1,0,,0
"POINT (8.459064388000058 48.997223874000042)",Unfall 155054 (2017) Kat:3, Licht: 0,155054,3,3,5,09,17,4,1,0,1,1,0,0,,0
"POINT (8.388849993000065 48.992113334000067)",Unfall 155055 (2017) Kat:3, Licht: 0,155055,3,3,5,09,08,4,0,0,1,1,0,0,,0
"POINT (8.346841152000025 48.997525027000052)",Unfall 155092 (2017) Kat:3, Licht: 0,155092,3,3,5,09,07,3,1,0,0,1,0,0,,0
"POINT (8.403618036000069 48.980831749000060)",Unfall 155103 (2017) Kat:3, Licht: 0,155103,3,7,0,09,15,3,1,0,1,0,0,0,,0
"POINT (8.418676545000039 49.009677205000060)",Unfall 155104 (2017) Kat:3, Licht: 0,155104,3,3,5,09,12,3,0,0,1,1,0,0,,0
"POINT (8.403431940000075 49.003763588000027)",Unfall 155139 (2017) Kat:2, Licht: 0,155139,2,2,5,09,12,2,1,0,1,0,0,0,,1
"POINT (8.386792394000054 49.022549186000049)",Unfall 155140 (2017) Kat:3, Licht: 0,155140,3,7,5,09,07,2,0,0,1,1,0,0,,0
"POINT (8.488521794000064 49.008187918000033)",Unfall 155153 (2017) Kat:3, Licht: 0,155153,3,3,0,09,07,2,1,0,1,0,0,0,,1
"POINT (8.410278176000077 49.004438027000049)",Unfall 155212 (2017) Kat:3, Licht: 2,155212,3,1,0,09,02,7,0,2,1,0,0,0,,0
"POINT (8.489342920000070 49.006865856000047)",Unfall 155244 (2017) Kat:2, Licht: 0,155244,2,1,8,09,18,6,0,0,0,0,0,1,,0
"POINT (8.460203503000059 49.000279271000068)",Unfall 155250 (2017) Kat:3, Licht: 0,155250,3,5,0,09,16,6,0,0,0,1,0,1,,0
"POINT (8.372087435000026 49.010940786000049)",Unfall 155289 (2017) Kat:2, Licht: 0,155289,2,7,0,09,10,5,0,0,0,0,0,0,,1
"POINT (8.478316106000023 49.000082373000055)",Unfall 155290 (2017) Kat:3, Licht: 0,155290,3,4,6,09,16,5,0,0,0,1,1,0,,0
"POINT (8.400033000000065 49.004079253000043)",Unfall 155333 (2017) Kat:2, Licht: 0,155333,2,3,5,09,16,4,0,0,1,0,0,0,,0
"POINT (8.423427676000074 49.011504795000064)",Unfall 155334 (2017) Kat:3, Licht: 0,155334,3,2,5,09,17,4,0,0,1,1,0,0,,0
"POINT (8.372345148000022 48.982399700000030)",Unfall 155341 (2017) Kat:3, Licht: 0,155341,3,3,5,09,08,4,0,0,1,1,0,0,,0
"POINT (8.384727469000040 49.017461260000061)",Unfall 155368 (2017) Kat:3, Licht: 0,155368,3,6,3,09,18,3,1,0,1,1,0,0,,0
"POINT (8.347994169000060 49.015146965000042)",Unfall 155380 (2017) Kat:3, Licht: 0,155380,3,2,5,09,16,3,0,0,1,1,0,0,,0
"POINT (8.410245171000042 49.004434813000046)",Unfall 155381 (2017) Kat:2, Licht: 0,155381,2,1,0,09,18,3,1,0,1,0,0,0,,0
"POINT (8.409283744000049 49.004340668000054)",Unfall 155382 (2017) Kat:3, Licht: 0,155382,3,5,1,09,13,3,1,0,1,1,0,0,,0
"POINT (8.453262680000023 48.974790031000055)",Unfall 155416 (2017) Kat:3, Licht: 0,155416,3,3,5,09,07,2,0,0,0,1,0,1,,0
"POINT (8.375673612000071 49.010847720000072)",Unfall 155417 (2017) Kat:3, Licht: 2,155417,3,6,1,09,22,2,0,2,0,1,0,1,,0
"POINT (8.387047434000067 49.029976963000081)",Unfall 155422 (2017) Kat:3, Licht: 0,155422,3,3,5,09,07,2,0,0,0,1,0,0,,0
"POINT (8.343237915000032 49.031917290000081)",Unfall 155450 (2017) Kat:3, Licht: 2,155450,3,7,1,09,03,1,0,2,0,1,0,0,,0
"POINT (8.459518682000066 48.996268545000078)",Unfall 155451 (2017) Kat:3, Licht: 0,155451,3,3,5,09,13,1,0,0,0,1,0,0,,0
"POINT (8.379368276000037 49.008002047000048)",Unfall 155495 (2017) Kat:3, Licht: 0,155495,3,3,5,09,14,6,0,0,1,1,0,0,,0
"POINT (8.380597651000073 49.004864833000056)",Unfall 155496 (2017) Kat:2, Licht: 0,155496,2,3,5,09,17,6,0,0,1,1,0,0,,0
"POINT (8.389973991000034 48.994991211000070)",Unfall 155497 (2017) Kat:3, Licht: 0,155497,3,4,6,09,15,6,0,0,0,0,1,0,,1
"POINT (8.410604532000036 48.999502399000050)",Unfall 155498 (2017) Kat:3, Licht: 0,155498,3,6,2,09,11,6,0,0,0,1,0,0,,1
"POINT (8.357747704000076 49.007926673000043)",Unfall 155537 (2017) Kat:3, Licht: 0,155537,3,4,6,09,13,5,0,0,0,1,1,0,,0
"POINT (8.410699176000037 48.997940639000035)",Unfall 155538 (2017) Kat:3, Licht: 0,155538,3,7,2,09,16,5,0,0,0,1,0,1,,0
"POINT (8.431237233000047 49.006266061000076)",Unfall 155539 (2017) Kat:3, Licht: 0,155539,3,2,6,09,17,5,0,0,0,1,1,0,,0
"POINT (8.369742935000033 49.038544246000072)",Unfall 155580 (2017) Kat:3, Licht: 0,155580,3,6,0,09,08,4,0,0,0,0,0,1,,0
"POINT (8.391056339000045 49.003884013000061)",Unfall 155629 (2017) Kat:3, Licht: 2,155629,3,7,0,09,20,3,0,2,1,1,0,0,,0
"POINT (8.385051048000037 49.007737309000049)",Unfall 155630 (2017) Kat:3, Licht: 2,155630,3,3,5,09,20,3,0,2,1,0,0,1,,0
"POINT (8.447042323000062 49.030610942000067)",Unfall 155637 (2017) Kat:3, Licht: 0,155637,3,3,5,09,11,3,0,0,1,1,0,0,,0
"POINT (8.386733742000047 49.030027233000055)",Unfall 155640 (2017) Kat:3, Licht: 0,155640,3,2,5,09,17,3,0,0,1,0,0,0,,1
"POINT (8.431088253000041 49.006494173000078)",Unfall 155678 (2017) Kat:3, Licht: 0,155678,3,2,0,09,11,2,0,0,0,1,0,1,,0
"POINT (8.392852746000074 49.045721786000058)",Unfall 155701 (2017) Kat:3, Licht: 2,155701,3,3,5,09,03,1,0,2,0,1,0,0,,1
"POINT (8.385060215000067 49.020296237000082)",Unfall 155702 (2017) Kat:3, Licht: 0,155702,3,3,5,09,15,1,0,0,1,1,0,0,,0
"POINT (8.390333834000046 48.982508113000051)",Unfall 155722 (2017) Kat:3, Licht: 0,155722,3,5,1,09,15,7,0,0,1,0,0,0,,1
"POINT (8.410428441000022 49.002450935000070)",Unfall 155765 (2017) Kat:3, Licht: 2,155765,3,2,5,09,22,6,0,2,1,1,0,0,,0
"POINT (8.457613784000046 49.018500073000041)",Unfall 155777 (2017) Kat:3, Licht: 0,155777,3,1,8,10,14,5,0,0,0,1,0,0,,0
"POINT (8.370334202000038 49.030515990000026)",Unfall 155778 (2017) Kat:1, Licht: 0,155778,1,2,5,10,11,5,0,0,1,0,0,0,,1
"POINT (8.411841567000067 48.971162135000043)",Unfall 155779 (2017) Kat:3, Licht: 0,155779,3,6,2,10,07,5,0,0,1,1,0,0,,0
"POINT (8.406947515000070 48.965439330000038)",Unfall 155780 (2017) Kat:3, Licht: 0,155780,3,7,6,10,16,5,1,0,0,1,1,0,,0
"POINT (8.374975158000041 49.012536763000071)",Unfall 155781 (2017) Kat:3, Licht: 0,155781,3,6,2,10,16,5,1,0,0,1,0,0,,0
"POINT (8.408292413000027 49.004238413000053)",Unfall 155793 (2017) Kat:3, Licht: 1,155793,3,7,6,10,17,5,1,1,1,0,1,0,,0
"POINT (8.397724680000067 49.009883763000062)",Unfall 155835 (2017) Kat:3, Licht: 0,155835,3,4,6,10,17,4,0,0,1,0,1,0,,0
"POINT (8.339513256000032 49.028993163000052)",Unfall 155836 (2017) Kat:3, Licht: 0,155836,3,5,1,10,16,4,0,0,1,1,0,0,,0
"POINT (8.460299466000038 49.000920496000049)",Unfall 155837 (2017) Kat:2, Licht: 0,155837,2,6,2,10,19,4,0,0,1,0,0,0,,1
"POINT (8.320222451000063 49.038930011000048)",Unfall 155838 (2017) Kat:3, Licht: 2,155838,3,1,4,10,04,4,0,2,0,1,0,0,,1
"POINT (8.462311545000034 49.019224063000081)",Unfall 155844 (2017) Kat:3, Licht: 0,155844,3,2,3,10,08,4,0,0,0,0,0,1,,1
"POINT (8.375178944000027 49.020359657000029)",Unfall 155874 (2017) Kat:3, Licht: 0,155874,3,5,0,10,15,3,0,0,1,1,0,0,,0
"POINT (8.433573197000044 49.037110929000050)",Unfall 155908 (2017) Kat:3, Licht: 0,155908,3,6,2,10,16,2,0,0,0,1,0,0,,0
"POINT (8.384396343000049 49.012691734000043)",Unfall 155965 (2017) Kat:3, Licht: 2,155965,3,3,5,09,18,7,1,2,0,1,0,0,,0
"POINT (8.464438875000042 49.000125852000053)",Unfall 155976 (2017) Kat:3, Licht: 0,155976,3,6,2,09,17,7,1,0,0,1,0,0,,0
"POINT (8.361224358000072 49.011216045000026)",Unfall 156017 (2017) Kat:3, Licht: 0,156017,3,6,2,09,16,6,0,0,0,1,0,0,,0
"POINT (8.398052842000027 49.004029756000079)",Unfall 156018 (2017) Kat:3, Licht: 0,156018,3,1,0,09,16,6,0,0,0,0,0,1,,0
"POINT (8.412039940000057 48.995328382000025)",Unfall 156019 (2017) Kat:3, Licht: 0,156019,3,2,5,09,08,6,0,0,0,1,0,1,,0
"POINT (8.424314435000042 49.004424122000046)",Unfall 156020 (2017) Kat:3, Licht: 0,156020,3,2,2,09,12,6,0,0,0,1,0,0,,1
"POINT (8.395479009000042 49.014325831000065)",Unfall 156063 (2017) Kat:3, Licht: 0,156063,3,6,6,10,11,4,0,0,1,0,1,0,,0
"POINT (8.420443360000036 49.023133679000068)",Unfall 156102 (2017) Kat:3, Licht: 0,156102,3,6,2,10,16,3,1,0,0,1,0,1,,0
"POINT (8.371108522000043 49.003064272000074)",Unfall 156103 (2017) Kat:2, Licht: 0,156103,2,3,5,10,17,3,0,0,1,1,0,0,,0
"POINT (8.414350124000066 49.001000712000064)",Unfall 156109 (2017) Kat:3, Licht: 1,156109,3,3,0,10,18,3,1,1,1,1,0,0,,0
"POINT (8.444414444000074 48.993177327000069)",Unfall 156110 (2017) Kat:3, Licht: 0,156110,3,2,5,10,09,3,0,0,1,1,0,0,,0
"POINT (8.451968314000055 49.005588801000044)",Unfall 156153 (2017) Kat:3, Licht: 0,156153,3,1,0,10,10,2,1,0,1,0,0,0,,0
"POINT (8.369776991000038 49.016592275000050)",Unfall 156154 (2017) Kat:3, Licht: 0,156154,3,2,5,10,11,2,0,0,1,1,0,0,,0
"POINT (8.384617952000042 49.020458509000036)",Unfall 156161 (2017) Kat:3, Licht: 1,156161,3,3,5,10,19,2,0,1,0,1,0,1,,0
"POINT (8.380524504000050 48.996306193000066)",Unfall 156162 (2017) Kat:3, Licht: 0,156162,3,3,9,10,18,2,0,0,0,1,0,0,,1
"POINT (8.471393196000065 48.998485093000056)",Unfall 156186 (2017) Kat:3, Licht: 2,156186,3,3,5,10,19,1,0,2,1,1,0,0,,0
"POINT (8.399789660000067 49.008093784000039)",Unfall 156189 (2017) Kat:3, Licht: 0,156189,3,7,0,10,15,1,0,0,0,1,1,0,,0
"POINT (8.376022926000076 49.006173192000062)",Unfall 156206 (2017) Kat:3, Licht: 2,156206,3,3,5,10,21,7,1,2,0,1,0,1,,0
"POINT (8.424105073000021 49.007043180000039)",Unfall 156238 (2017) Kat:3, Licht: 2,156238,3,7,2,10,20,6,1,2,0,1,0,1,,0
"POINT (8.492733633000057 49.009988607000025)",Unfall 156239 (2017) Kat:3, Licht: 0,156239,3,3,5,10,08,6,0,0,0,1,0,0,,0
"POINT (8.375138834000040 49.010890865000079)",Unfall 156240 (2017) Kat:3, Licht: 0,156240,3,5,1,10,13,6,1,0,0,1,0,1,,0
"POINT (8.374878523000064 49.011047533000067)",Unfall 156241 (2017) Kat:3, Licht: 0,156241,3,3,5,10,08,6,0,0,1,1,0,0,,0
"POINT (8.368769204000046 49.011137265000059)",Unfall 156247 (2017) Kat:3, Licht: 2,156247,3,7,6,10,19,6,0,2,0,1,1,0,,0
"POINT (8.386070533000066 49.027343796000025)",Unfall 156297 (2017) Kat:2, Licht: 0,156297,2,3,5,10,14,3,0,0,0,1,0,0,,0
"POINT (8.346876293000037 48.997552787000075)",Unfall 156340 (2017) Kat:3, Licht: 0,156340,3,6,2,10,14,2,0,0,0,1,0,0,,0
"POINT (8.419180110000070 49.008522983000034)",Unfall 156341 (2017) Kat:3, Licht: 0,156341,3,3,5,10,15,2,0,0,1,1,0,0,,0
"POINT (8.389342359000068 48.995035533000078)",Unfall 156359 (2017) Kat:3, Licht: 0,156359,3,3,5,10,11,2,0,0,1,1,0,0,,0
"POINT (8.367332713000053 49.030247491000068)",Unfall 156451 (2017) Kat:3, Licht: 0,156451,3,7,0,10,09,7,0,0,1,0,0,0,,0
"POINT (8.418307313000071 49.013419418000069)",Unfall 156484 (2017) Kat:2, Licht: 0,156484,2,2,5,10,16,6,0,0,0,1,0,0,,0
"POINT (8.349376620000044 48.997512280000080)",Unfall 156486 (2017) Kat:3, Licht: 2,156486,3,3,5,10,06,6,0,2,1,1,0,0,,0
"POINT (8.359228602000030 49.010710422000045)",Unfall 156499 (2017) Kat:3, Licht: 0,156499,3,6,2,10,17,6,0,0,0,1,0,0,,0
"POINT (8.397441865000076 49.002283248000026)",Unfall 156500 (2017) Kat:3, Licht: 2,156500,3,5,1,10,19,6,0,2,1,1,0,0,,0
"POINT (8.387457615000074 49.010545242000035)",Unfall 156545 (2017) Kat:3, Licht: 0,156545,3,2,5,10,08,5,0,0,0,1,0,0,,0
"POINT (8.416755028000068 49.008558387000051)",Unfall 156546 (2017) Kat:3, Licht: 2,156546,3,7,0,10,22,5,0,2,1,0,0,0,,0
"POINT (8.445436277000056 48.996515047000059)",Unfall 156547 (2017) Kat:3, Licht: 0,156547,3,2,5,10,14,5,0,0,1,1,0,0,,0
"POINT (8.392064381000068 48.982480067000040)",Unfall 156583 (2017) Kat:3, Licht: 1,156583,3,2,5,10,17,2,0,1,1,1,0,0,,0
"POINT (8.377501158000030 49.009301473000050)",Unfall 156584 (2017) Kat:2, Licht: 0,156584,2,3,5,10,13,2,1,0,1,1,0,0,,0
"POINT (8.413313008000046 49.021676382000066)",Unfall 156585 (2017) Kat:3, Licht: 0,156585,3,2,5,10,16,2,0,0,0,1,0,0,,0
"POINT (8.375901652000039 49.008513801000049)",Unfall 156595 (2017) Kat:3, Licht: 0,156595,3,5,0,10,14,2,1,0,0,1,0,1,,0
"POINT (8.385954999000035 49.026571609000030)",Unfall 156596 (2017) Kat:3, Licht: 0,156596,3,7,0,10,08,2,1,0,1,0,0,0,,0
"POINT (8.391922305000037 49.006769475000056)",Unfall 156597 (2017) Kat:3, Licht: 1,156597,3,7,1,10,18,2,0,1,1,1,0,0,,0
"POINT (8.395290404000036 48.989301393000062)",Unfall 156638 (2017) Kat:3, Licht: 0,156638,3,6,3,10,11,7,0,0,1,0,0,0,,0
"POINT (8.451059406000070 48.995514658000047)",Unfall 156639 (2017) Kat:3, Licht: 0,156639,3,3,5,10,09,7,0,0,1,1,0,0,,0
"POINT (8.332573245000049 48.988517083000033)",Unfall 156672 (2017) Kat:2, Licht: 0,156672,2,3,5,10,14,6,0,0,0,1,0,0,,1
"POINT (8.474860492000062 49.000349737000079)",Unfall 156683 (2017) Kat:2, Licht: 0,156683,2,7,8,10,09,6,0,0,0,1,0,0,,0
"POINT (8.463648399000022 48.999099194000053)",Unfall 156715 (2017) Kat:3, Licht: 0,156715,3,4,0,10,18,5,0,0,0,0,1,0,,1
"POINT (8.385302213000045 49.017374818000064)",Unfall 156716 (2017) Kat:3, Licht: 1,156716,3,2,5,10,18,5,0,1,1,1,0,0,,0
"POINT (8.428791596000053 49.027954723000050)",Unfall 156726 (2017) Kat:3, Licht: 0,156726,3,7,8,10,11,5,0,0,0,1,0,0,,0
"POINT (8.395819817000074 49.051982724000027)",Unfall 156727 (2017) Kat:3, Licht: 0,156727,3,4,6,10,18,5,0,0,0,1,1,0,,0
"POINT (8.425537569000028 49.010200465000025)",Unfall 156763 (2017) Kat:3, Licht: 0,156763,3,5,1,10,10,4,0,0,1,1,0,0,,0
"POINT (8.406670844000075 48.970420364000063)",Unfall 156764 (2017) Kat:3, Licht: 0,156764,3,5,0,10,11,4,0,0,1,1,0,0,,0