WKT,Name,OBJECTID,UKATEGORIE,UTYP1,UART,UMONAT,USTUNDE,UWOCHENTAG,STRZUSTAND,ULICHTVERH,ISTRAD,ISTPKW,ISTFUSS,ISTKRAD,ISTGKFZ,ISTSONSTIG
"POINT (8.353098575000047 49.013562284000045)",Unfall 42333 (2018) Kat:3, Licht: 2,42333,3,6,2,02,19,1,0,2,0,1,0,0,0,0
"POINT (8.436595945000022 48.985741302000065)",Unfall 42395 (2018) Kat:3, Licht: 0,42395,3,6,2,03,16,4,1,0,0,1,0,0,0,0
"POINT (8.375862641000026 49.005687873000056)",Unfall 42435 (2018) Kat:3, Licht: 2,42435,3,3,5,03,19,2,0,2,0,1,0,0,0,0
"POINT (8.387015667000071 49.006252618000076)",Unfall 42451 (2018) Kat:2, Licht: 0,42451,2,6,2,03,13,7,0,0,0,1,0,0,0,0
"POINT (8.459721962000060 48.969993267000063)",Unfall 42658 (2018) Kat:3, Licht: 0,42658,3,6,2,03,13,6,0,0,0,1,0,0,0,0
"POINT (8.387917246000029 49.005397251000034)",Unfall 42663 (2018) Kat:2, Licht: 0,42663,2,6,3,03,16,6,0,0,1,1,0,0,0,0
"POINT (8.350013281000031 49.005513573000030)",Unfall 42664 (2018) Kat:3, Licht: 2,42664,3,3,5,03,01,6,0,2,0,1,0,0,0,0
"POINT (8.449749670000074 48.985197065000079)",Unfall 42674 (2018) Kat:3, Licht: 0,42674,3,6,2,03,07,2,1,0,0,1,0,0,0,0
"POINT (8.387019866000060 49.005399582000052)",Unfall 42680 (2018) Kat:3, Licht: 0,42680,3,6,2,03,15,6,0,0,0,1,0,0,0,0
"POINT (8.335414432000050 49.035863104000043)",Unfall 42754 (2018) Kat:3, Licht: 0,42754,3,3,5,03,16,5,0,0,1,0,0,0,0,1
"POINT (8.348047542000074 49.018658054000070)",Unfall 42842 (2018) Kat:3, Licht: 0,42842,3,6,2,03,09,1,2,0,0,1,0,0,0,0
"POINT (8.467854960000068 49.015454970000064)",Unfall 42874 (2018) Kat:3, Licht: 2,42874,3,7,8,03,22,6,0,2,0,1,0,0,0,0
"POINT (8.447858749000034 49.003325555000060)",Unfall 42906 (2018) Kat:3, Licht: 0,42906,3,6,2,03,09,3,0,0,0,1,0,0,0,0
"POINT (8.385984831000030 49.001005059000079)",Unfall 42952 (2018) Kat:3, Licht: 2,42952,3,6,2,03,20,2,1,2,0,1,0,0,0,1
"POINT (8.445022729000073 48.999495587000069)",Unfall 43008 (2018) Kat:2, Licht: 1,43008,2,6,2,03,17,5,0,1,0,1,0,0,0,0
"POINT (8.408777340000029 48.991822385000035)",Unfall 43011 (2018) Kat:3, Licht: 0,43011,3,6,2,03,16,5,0,0,0,1,0,0,0,0
"POINT (8.400752631000046 49.005564148000076)",Unfall 43013 (2018) Kat:3, Licht: 2,43013,3,7,0,03,01,7,0,2,1,0,1,0,0,0
"POINT (8.358144442000025 49.010849165000081)",Unfall 43014 (2018) Kat:1, Licht: 1,43014,1,4,6,03,18,5,1,1,0,0,1,0,1,0
"POINT (8.372130735000042 48.997587937000048)",Unfall 43037 (2018) Kat:3, Licht: 0,43037,3,6,2,03,16,5,1,0,0,1,0,0,0,0
"POINT (8.412642573000028 49.005693816000075)",Unfall 43148 (2018) Kat:3, Licht: 0,43148,3,3,5,03,19,3,1,0,1,1,0,0,0,0
"POINT (8.384766348000028 49.005383792000032)",Unfall 43275 (2018) Kat:3, Licht: 2,43275,3,2,6,03,20,3,1,2,0,1,1,0,0,0
"POINT (8.387244383000052 49.008227735000048)",Unfall 43337 (2018) Kat:3, Licht: 0,43337,3,4,6,03,14,2,0,0,0,0,1,1,0,0
"POINT (8.338606831000050 49.033193362000077)",Unfall 43346 (2018) Kat:3, Licht: 0,43346,3,6,1,03,09,7,0,0,0,1,0,0,0,0
"POINT (8.396620479000035 48.993946314000027)",Unfall 43347 (2018) Kat:2, Licht: 0,43347,2,2,4,03,12,4,0,0,0,1,0,0,0,0
"POINT (8.451314019000051 48.971837644000061)",Unfall 43353 (2018) Kat:3, Licht: 0,43353,3,6,2,03,07,4,0,0,0,1,0,0,0,1
"POINT (8.491208746000041 49.045637141000043)",Unfall 43535 (2018) Kat:3, Licht: 0,43535,3,6,2,04,11,2,0,0,0,1,0,0,0,0
"POINT (8.489993382000023 49.043825219000041)",Unfall 43561 (2018) Kat:3, Licht: 0,43561,3,6,2,03,15,7,0,0,0,1,0,0,0,0
"POINT (8.382679491000033 49.037368756000035)",Unfall 43628 (2018) Kat:3, Licht: 0,43628,3,2,2,04,18,6,0,0,0,1,0,0,0,0
"POINT (8.384720394000055 49.005468753000059)",Unfall 43637 (2018) Kat:3, Licht: 0,43637,3,3,5,03,16,6,0,0,0,1,0,0,0,0
"POINT (8.353083055000070 49.013566350000076)",Unfall 43654 (2018) Kat:3, Licht: 0,43654,3,6,3,04,10,4,0,0,0,0,0,1,1,0
"POINT (8.524762368000040 48.960990495000033)",Unfall 43671 (2018) Kat:3, Licht: 0,43671,3,6,2,04,17,3,0,0,0,1,0,0,0,1
"POINT (8.452708963000021 48.971613489000049)",Unfall 43717 (2018) Kat:3, Licht: 0,43717,3,6,2,04,14,4,0,0,0,1,0,0,0,0
"POINT (8.404759520000027 48.972423404000040)",Unfall 43791 (2018) Kat:3, Licht: 0,43791,3,3,5,03,16,5,0,0,1,1,0,0,0,0
"POINT (8.387620904000073 49.011856120000061)",Unfall 43847 (2018) Kat:3, Licht: 0,43847,3,2,4,04,07,4,0,0,1,0,0,0,0,0
"POINT (8.464304395000056 48.967108565000046)",Unfall 43875 (2018) Kat:2, Licht: 2,43875,2,6,3,04,23,4,0,2,0,1,0,0,1,0
"POINT (8.354742802000033 49.018412342000033)",Unfall 43881 (2018) Kat:3, Licht: 0,43881,3,6,2,04,16,3,0,0,0,1,0,0,1,0
"POINT (8.430537208000033 49.048560500000065)",Unfall 43893 (2018) Kat:3, Licht: 0,43893,3,3,5,04,08,3,0,0,1,1,0,0,0,0
"POINT (8.464833619000046 49.027892798000039)",Unfall 44000 (2018) Kat:3, Licht: 0,44000,3,3,5,04,06,4,0,0,0,1,0,1,0,0
"POINT (8.394411029000025 49.036693126000046)",Unfall 44011 (2018) Kat:2, Licht: 0,44011,2,3,5,04,19,2,0,0,1,1,0,0,0,0
"POINT (8.475988565000023 48.971144775000027)",Unfall 44110 (2018) Kat:2, Licht: 0,44110,2,6,4,04,15,4,0,0,0,1,0,0,0,0
"POINT (8.355650494000031 49.012729987000057)",Unfall 44173 (2018) Kat:2, Licht: 0,44173,2,3,5,04,15,2,0,0,1,1,0,0,0,0
"POINT (8.356961943000044 49.011491912000054)",Unfall 44230 (2018) Kat:3, Licht: 0,44230,3,3,5,04,14,7,0,0,1,1,0,0,0,0
"POINT (8.438609102000044 49.011679614000059)",Unfall 44244 (2018) Kat:2, Licht: 0,44244,2,6,2,04,18,2,0,0,0,1,0,0,0,1
"POINT (8.314292625000064 49.037613225000030)",Unfall 44269 (2018) Kat:3, Licht: 0,44269,3,6,3,04,16,3,0,0,0,1,0,0,1,0
"POINT (8.465360024000063 49.014234728000076)",Unfall 44362 (2018) Kat:2, Licht: 0,44362,2,7,8,04,12,6,1,0,0,1,0,0,0,0
"POINT (8.358078240000054 49.009967821000032)",Unfall 44367 (2018) Kat:3, Licht: 0,44367,3,2,0,04,08,6,0,0,1,1,0,0,0,0
"POINT (8.494452665000040 49.050607291000063)",Unfall 44373 (2018) Kat:3, Licht: 0,44373,3,1,8,04,09,3,0,0,0,0,0,0,1,1
"POINT (8.403835431000061 48.989729574000080)",Unfall 44437 (2018) Kat:3, Licht: 0,44437,3,3,5,04,09,3,0,0,1,1,0,0,0,0
"POINT (8.404118540000070 48.992093392000072)",Unfall 44546 (2018) Kat:2, Licht: 0,44546,2,3,5,04,09,5,0,0,1,0,0,0,0,1
"POINT (8.441961840000033 48.997587473000067)",Unfall 44652 (2018) Kat:3, Licht: 0,44652,3,6,3,04,14,2,0,0,0,1,0,0,1,0
"POINT (8.375246410000045 48.989442928000074)",Unfall 44751 (2018) Kat:2, Licht: 0,44751,2,6,3,04,09,2,1,0,0,0,0,1,0,1
"POINT (8.377465599000061 48.990714155000035)",Unfall 44835 (2018) Kat:3, Licht: 0,44835,3,6,2,04,13,6,0,0,0,1,0,0,0,0
"POINT (8.490470348000031 48.944813024000041)",Unfall 44955 (2018) Kat:3, Licht: 0,44955,3,7,0,04,14,7,0,0,0,1,0,0,0,0
"POINT (8.493476737000037 49.048895549000065)",Unfall 45047 (2018) Kat:3, Licht: 0,45047,3,6,2,04,15,2,0,0,0,1,0,0,0,0
"POINT (8.438606318000041 49.011683594000033)",Unfall 45055 (2018) Kat:3, Licht: 0,45055,3,2,5,04,07,3,0,0,1,1,0,0,0,0
"POINT (8.451177445000042 49.035119118000068)",Unfall 45063 (2018) Kat:3, Licht: 0,45063,3,6,2,04,08,4,0,0,0,1,0,0,0,0
"POINT (8.397110063000071 48.992055176000065)",Unfall 45066 (2018) Kat:3, Licht: 0,45066,3,6,2,04,17,4,0,0,0,1,0,0,0,0
"POINT (8.404754410000066 48.972417240000027)",Unfall 45102 (2018) Kat:3, Licht: 0,45102,3,2,5,04,17,4,0,0,1,1,0,0,0,0
"POINT (8.477165640000067 48.997701727000049)",Unfall 45103 (2018) Kat:3, Licht: 0,45103,3,2,5,04,12,4,0,0,0,1,0,0,0,0
"POINT (8.357550387000060 49.011105263000047)",Unfall 45129 (2018) Kat:3, Licht: 0,45129,3,6,2,04,13,6,0,0,1,1,0,0,0,0
"POINT (8.483178908000070 49.033959073000062)",Unfall 45179 (2018) Kat:2, Licht: 0,45179,2,6,2,04,16,5,0,0,0,1,0,0,0,0
"POINT (8.347599142000036 49.033013637000067)",Unfall 45232 (2018) Kat:3, Licht: 0,45232,3,4,6,04,18,5,0,0,0,1,1,0,0,0
"POINT (8.440160277000075 49.006574865000061)",Unfall 45234 (2018) Kat:3, Licht: 0,45234,3,2,5,04,16,5,0,0,1,1,0,0,0,0
"POINT (8.448557188000052 48.970337345000075)",Unfall 45246 (2018) Kat:2, Licht: 0,45246,2,1,8,04,19,1,0,0,0,0,0,1,0,0
"POINT (8.439719385000046 49.017554819000054)",Unfall 45371 (2018) Kat:3, Licht: 1,45371,3,6,3,04,20,6,0,1,1,0,0,0,0,0
"POINT (8.439314747000026 49.044071971000051)",Unfall 45440 (2018) Kat:2, Licht: 0,45440,2,3,5,04,16,4,0,0,1,1,0,0,0,0
"POINT (8.426740471000073 49.000883273000056)",Unfall 45581 (2018) Kat:3, Licht: 0,45581,3,7,2,04,07,6,0,0,0,1,0,0,0,0
"POINT (8.451836656000069 48.984525181000038)",Unfall 45589 (2018) Kat:2, Licht: 1,45589,2,3,5,05,20,3,0,1,1,1,0,0,0,0
"POINT (8.381278959000042 49.063305784000079)",Unfall 45653 (2018) Kat:3, Licht: 0,45653,3,6,3,05,14,2,0,0,0,1,0,0,1,0
"POINT (8.397981849000075 49.016085196000063)",Unfall 45758 (2018) Kat:3, Licht: 0,45758,3,3,5,05,11,4,0,0,1,1,0,0,0,0
"POINT (8.357881299000042 48.996856060000027)",Unfall 45801 (2018) Kat:3, Licht: 0,45801,3,6,6,05,17,4,0,0,1,0,1,0,0,0
"POINT (8.371608315000060 48.990945239000041)",Unfall 45803 (2018) Kat:2, Licht: 0,45803,2,2,6,05,17,6,0,0,0,0,1,0,1,0
"POINT (8.344062577000045 49.030164414000069)",Unfall 45834 (2018) Kat:3, Licht: 0,45834,3,6,1,05,16,3,0,0,0,1,0,0,0,0
"POINT (8.403907647000040 48.989569403000075)",Unfall 45938 (2018) Kat:3, Licht: 0,45938,3,1,0,05,13,2,0,0,1,0,0,0,0,0
"POINT (8.385765935000052 48.998676852000074)",Unfall 45980 (2018) Kat:3, Licht: 0,45980,3,2,5,05,11,4,0,0,1,1,0,0,0,0
"POINT (8.452887043000033 49.043073804000073)",Unfall 46001 (2018) Kat:3, Licht: 0,46001,3,2,2,05,16,4,0,0,0,1,0,0,0,0
"POINT (8.365465364000045 49.004907244000037)",Unfall 46027 (2018) Kat:3, Licht: 0,46027,3,6,2,05,18,4,0,0,0,1,0,0,0,0
"POINT (8.387018931000057 49.005519405000030)",Unfall 46060 (2018) Kat:3, Licht: 0,46060,3,3,5,05,19,3,0,0,1,0,0,0,0,0
"POINT (8.411871173000066 49.006149658000027)",Unfall 46073 (2018) Kat:3, Licht: 0,46073,3,3,5,05,16,7,0,0,1,1,0,0,0,0
"POINT (8.451785668000071 49.003864106000037)",Unfall 46078 (2018) Kat:3, Licht: 0,46078,3,6,2,05,10,7,0,0,0,1,0,0,0,0
"POINT (8.353253182000060 49.016274108000061)",Unfall 46158 (2018) Kat:3, Licht: 0,46158,3,6,2,05,21,2,0,0,0,1,0,0,0,0
"POINT (8.462694506000048 49.012114473000054)",Unfall 46191 (2018) Kat:3, Licht: 2,46191,3,1,9,05,00,1,1,2,0,1,0,0,0,0
"POINT (8.446246772000052 49.043699349000065)",Unfall 46261 (2018) Kat:3, Licht: 0,46261,3,2,5,05,08,2,0,0,0,1,0,0,0,0
"POINT (8.437671080000030 48.982055814000034)",Unfall 46317 (2018) Kat:2, Licht: 0,46317,2,7,9,05,14,3,0,0,0,1,0,0,0,0
"POINT (8.486077056000056 48.992324647000032)",Unfall 46405 (2018) Kat:3, Licht: 2,46405,3,1,8,05,23,6,0,2,0,0,0,1,0,0
"POINT (8.444247492000045 48.998780246000081)",Unfall 46555 (2018) Kat:3, Licht: 0,46555,3,6,2,05,08,5,1,0,0,1,0,0,0,0
"POINT (8.364056108000057 49.005861670000058)",Unfall 46558 (2018) Kat:3, Licht: 0,46558,3,6,2,05,08,5,1,0,0,1,0,0,0,1
"POINT (8.334668700000066 48.987586407000038)",Unfall 46572 (2018) Kat:3, Licht: 0,46572,3,6,2,05,14,5,0,0,0,1,0,0,0,0
"POINT (8.323478985000065 49.036822798000060)",Unfall 46573 (2018) Kat:3, Licht: 0,46573,3,6,2,05,09,5,0,0,0,1,0,0,0,0
"POINT (8.392233425000029 49.058082607000074)",Unfall 46703 (2018) Kat:3, Licht: 0,46703,3,3,5,05,19,7,0,0,0,1,0,0,0,0
"POINT (8.387696212000037 49.012504490000026)",Unfall 46764 (2018) Kat:3, Licht: 2,46764,3,3,5,05,22,5,0,2,1,0,0,0,0,0
"POINT (8.353750950000062 49.036853915000052)",Unfall 46930 (2018) Kat:3, Licht: 0,46930,3,2,5,05,18,7,0,0,0,1,0,0,0,0
"POINT (8.408221411000056 49.005771278000054)",Unfall 46956 (2018) Kat:3, Licht: 0,46956,3,6,3,05,13,3,0,0,1,1,0,0,0,0
"POINT (8.479228871000032 49.028544973000066)",Unfall 46970 (2018) Kat:3, Licht: 2,46970,3,6,2,05,03,5,0,2,0,0,0,0,1,1
"POINT (8.451179833000026 49.035129388000030)",Unfall 46977 (2018) Kat:3, Licht: 0,46977,3,3,3,05,08,3,0,0,0,1,0,0,0,1
"POINT (8.465400006000039 48.966447080000080)",Unfall 47082 (2018) Kat:3, Licht: 0,47082,3,6,2,05,15,4,0,0,0,1,0,0,0,1
"POINT (8.451056623000056 49.042397815000072)",Unfall 47096 (2018) Kat:3, Licht: 0,47096,3,2,5,05,08,3,0,0,0,1,0,0,0,0
"POINT (8.445326110000053 48.987645728000075)",Unfall 47144 (2018) Kat:3, Licht: 0,47144,3,6,2,05,11,5,0,0,0,1,0,0,0,0
"POINT (8.375765893000050 49.005573326000047)",Unfall 47148 (2018) Kat:3, Licht: 0,47148,3,6,3,06,12,6,0,0,1,1,0,0,0,0
"POINT (8.372969187000024 49.059444071000030)",Unfall 47151 (2018) Kat:3, Licht: 0,47151,3,6,3,05,08,4,0,0,0,1,0,0,0,0
"POINT (8.345777235000071 49.026016301000027)",Unfall 47238 (2018) Kat:3, Licht: 0,47238,3,3,5,05,14,2,0,0,1,1,0,0,0,0
"POINT (8.508406591000039 48.954228230000069)",Unfall 47240 (2018) Kat:3, Licht: 0,47240,3,2,2,05,10,2,0,0,0,1,0,0,0,0
"POINT (8.442265280000072 49.004214067000078)",Unfall 47243 (2018) Kat:3, Licht: 0,47243,3,6,2,05,18,2,0,0,0,1,0,1,0,0
"POINT (8.387899553000068 49.014668446000030)",Unfall 47263 (2018) Kat:3, Licht: 0,47263,3,2,5,05,17,2,0,0,1,1,0,0,0,0
"POINT (8.354197931000044 49.017210327000043)",Unfall 47266 (2018) Kat:3, Licht: 0,47266,3,3,5,05,10,2,0,0,0,1,0,1,0,0
"POINT (8.397493223000026 49.018728286000055)",Unfall 47379 (2018) Kat:3, Licht: 2,47379,3,6,2,05,21,4,0,2,0,1,0,0,0,0
"POINT (8.341553824000073 49.030306120000034)",Unfall 47402 (2018) Kat:3, Licht: 0,47402,3,6,2,06,12,6,0,0,0,1,0,0,0,0
"POINT (8.348420086000033 49.004196326000056)",Unfall 47466 (2018) Kat:3, Licht: 0,47466,3,6,2,06,16,5,0,0,0,1,0,0,0,0
"POINT (8.451076307000051 49.034629122000069)",Unfall 47565 (2018) Kat:3, Licht: 0,47565,3,6,1,06,13,2,0,0,0,1,0,0,0,0
"POINT (8.406768001000046 48.976194374000045)",Unfall 47573 (2018) Kat:3, Licht: 0,47573,3,3,5,06,18,2,0,0,1,1,0,0,0,0
"POINT (8.496364621000055 48.946485429000063)",Unfall 47644 (2018) Kat:3, Licht: 0,47644,3,7,2,06,07,4,0,0,0,1,0,0,0,0
"POINT (8.462270469000032 48.968451462000075)",Unfall 47807 (2018) Kat:3, Licht: 0,47807,3,6,3,06,10,5,0,0,0,1,0,0,1,0
"POINT (8.397489414000063 49.018748876000075)",Unfall 47814 (2018) Kat:3, Licht: 0,47814,3,6,2,06,17,6,0,0,0,1,0,1,0,0
"POINT (8.436625650000053 48.985395892000042)",Unfall 47816 (2018) Kat:3, Licht: 0,47816,3,6,3,06,08,3,0,0,0,1,0,0,1,0
"POINT (8.436441528000046 48.984708635000061)",Unfall 47885 (2018) Kat:3, Licht: 0,47885,3,6,2,06,21,1,0,0,0,1,0,0,0,0
"POINT (8.446112580000033 48.999973154000031)",Unfall 47907 (2018) Kat:2, Licht: 0,47907,2,1,0,06,14,5,0,0,0,0,0,1,0,0
"POINT (8.517219801000067 49.004934488000060)",Unfall 47909 (2018) Kat:3, Licht: 0,47909,3,2,5,06,13,1,0,0,0,1,0,0,0,0
"POINT (8.381532795000055 49.005552218000048)",Unfall 47913 (2018) Kat:3, Licht: 0,47913,3,5,1,06,18,6,0,0,1,1,0,0,0,0
"POINT (8.448130594000077 49.025917551000077)",Unfall 47947 (2018) Kat:3, Licht: 0,47947,3,1,0,06,16,5,0,0,1,0,0,0,0,0
"POINT (8.440071510000053 48.996363226000028)",Unfall 48004 (2018) Kat:3, Licht: 0,48004,3,6,2,06,17,2,1,0,0,1,0,0,0,0
"POINT (8.470043644000043 48.955506088000050)",Unfall 48017 (2018) Kat:3, Licht: 0,48017,3,7,6,06,17,2,0,0,0,1,1,0,0,0
"POINT (8.359846293000032 49.031426076000059)",Unfall 48023 (2018) Kat:3, Licht: 0,48023,3,3,5,06,15,3,0,0,0,1,0,0,0,0
"POINT (8.404203966000068 48.989277779000076)",Unfall 48103 (2018) Kat:3, Licht: 2,48103,3,1,9,06,22,7,0,2,0,1,0,0,0,0
"POINT (8.353119197000069 49.013556880000067)",Unfall 48104 (2018) Kat:3, Licht: 0,48104,3,6,2,06,09,6,0,0,0,1,0,0,0,1
"POINT (8.432147187000055 48.992280606000065)",Unfall 48174 (2018) Kat:3, Licht: 0,48174,3,6,2,06,16,4,0,0,0,1,0,0,1,0
"POINT (8.437813811000069 48.994494777000057)",Unfall 48294 (2018) Kat:3, Licht: 0,48294,3,6,2,06,20,1,0,0,0,1,0,0,1,0
"POINT (8.356139961000054 49.021733798000071)",Unfall 48298 (2018) Kat:3, Licht: 0,48298,3,6,2,06,15,6,0,0,0,1,0,0,0,0
"POINT (8.403403301000026 48.989831087000027)",Unfall 48342 (2018) Kat:3, Licht: 0,48342,3,6,3,06,17,3,0,0,0,1,0,1,0,0
"POINT (8.415012453000031 48.993686758000081)",Unfall 48347 (2018) Kat:3, Licht: 0,48347,3,6,2,06,06,6,0,0,0,1,0,0,0,0
"POINT (8.423885338000048 49.003247718000068)",Unfall 48365 (2018) Kat:3, Licht: 0,48365,3,3,5,06,11,2,0,0,0,1,0,0,1,0
"POINT (8.387075973000037 49.006746843000030)",Unfall 48369 (2018) Kat:3, Licht: 0,48369,3,4,6,06,19,2,0,0,0,1,1,0,0,0
"POINT (8.450426215000050 49.042574979000051)",Unfall 48371 (2018) Kat:3, Licht: 0,48371,3,6,2,06,07,2,0,0,0,1,0,0,0,0
"POINT (8.403722586000072 48.990339468000059)",Unfall 48406 (2018) Kat:3, Licht: 0,48406,3,3,5,06,08,2,0,0,1,1,0,0,0,0
"POINT (8.378044574000057 49.040881011000067)",Unfall 48521 (2018) Kat:3, Licht: 0,48521,3,3,5,06,07,4,0,0,1,1,0,0,0,0
"POINT (8.351536307000060 49.014109017000067)",Unfall 48550 (2018) Kat:3, Licht: 0,48550,3,6,4,06,11,6,0,0,1,0,0,0,0,0
"POINT (8.381868055000041 49.005539191000025)",Unfall 48559 (2018) Kat:3, Licht: 0,48559,3,3,5,06,11,4,0,0,1,1,0,0,0,0
"POINT (8.436436717000049 48.987430999000026)",Unfall 48569 (2018) Kat:3, Licht: 0,48569,3,6,2,06,17,6,0,0,0,0,0,0,1,0
"POINT (8.460113956000043 49.079978576000030)",Unfall 48580 (2018) Kat:3, Licht: 0,48580,3,1,6,06,08,6,0,0,1,0,1,0,0,0
"POINT (8.387174200000061 49.007637644000056)",Unfall 48750 (2018) Kat:3, Licht: 2,48750,3,3,5,06,00,7,0,2,0,1,0,0,0,0
"POINT (8.451759371000037 49.003847080000071)",Unfall 48762 (2018) Kat:3, Licht: 0,48762,3,6,3,06,07,6,0,0,0,0,0,0,1,1
"POINT (8.397862267000051 49.005521212000076)",Unfall 48780 (2018) Kat:3, Licht: 0,48780,3,1,5,06,07,6,0,0,1,1,0,0,0,0
"POINT (8.500168521000035 48.943964082000036)",Unfall 48807 (2018) Kat:3, Licht: 0,48807,3,1,2,06,21,3,0,0,0,1,0,0,1,0
"POINT (8.438081445000023 49.004989399000067)",Unfall 48871 (2018) Kat:3, Licht: 0,48871,3,3,5,06,12,6,0,0,1,1,0,0,0,0
"POINT (8.437031043000047 48.972091775000081)",Unfall 48884 (2018) Kat:3, Licht: 0,48884,3,6,2,06,10,5,0,0,0,1,0,0,1,0
"POINT (8.353830032000076 49.016706581000051)",Unfall 48885 (2018) Kat:3, Licht: 0,48885,3,6,2,06,10,3,0,0,0,1,0,0,0,0
"POINT (8.503357370000060 48.971558534000053)",Unfall 48887 (2018) Kat:2, Licht: 0,48887,2,1,0,06,09,3,0,0,1,0,0,0,0,0
"POINT (8.354251321000049 49.015472088000081)",Unfall 48936 (2018) Kat:3, Licht: 2,48936,3,2,5,06,22,2,0,2,1,1,0,0,0,0
"POINT (8.424154815000065 49.003517152000029)",Unfall 48948 (2018) Kat:3, Licht: 0,48948,3,3,5,06,16,3,0,0,1,1,0,0,0,0
"POINT (8.447143430000040 48.986553488000027)",Unfall 48963 (2018) Kat:3, Licht: 2,48963,3,3,5,06,22,7,0,2,0,1,0,0,0,0
"POINT (8.436999976000038 48.980876336000051)",Unfall 48999 (2018) Kat:3, Licht: 0,48999,3,6,2,06,16,4,0,0,0,1,0,0,0,0
"POINT (8.383134427000073 48.995137185000033)",Unfall 49014 (2018) Kat:3, Licht: 0,49014,3,6,2,06,12,5,0,0,0,1,0,0,0,0
"POINT (8.353046982000024 49.013677390000055)",Unfall 49024 (2018) Kat:3, Licht: 0,49024,3,7,0,06,06,6,0,0,1,0,0,0,0,0
"POINT (8.488429874000076 49.008312005000050)",Unfall 49107 (2018) Kat:2, Licht: 0,49107,2,3,5,06,07,3,0,0,0,1,0,1,0,0
"POINT (8.454682623000053 49.005567212000074)",Unfall 49147 (2018) Kat:3, Licht: 0,49147,3,6,2,06,18,1,0,0,0,1,0,0,0,0
"POINT (8.387017760000049 49.005519405000030)",Unfall 49214 (2018) Kat:3, Licht: 0,49214,3,2,5,06,08,5,0,0,0,1,0,1,0,0
"POINT (8.387899988000072 49.014684165000062)",Unfall 49299 (2018) Kat:2, Licht: 0,49299,2,2,5,06,07,7,0,0,1,1,0,0,0,0
"POINT (8.398052260000043 49.015590345000078)",Unfall 49300 (2018) Kat:3, Licht: 0,49300,3,6,6,06,15,3,0,0,1,0,1,0,0,0
"POINT (8.430375245000050 48.997464457000035)",Unfall 49330 (2018) Kat:3, Licht: 0,49330,3,6,2,06,19,7,0,0,0,1,0,0,0,0
"POINT (8.415185447000056 48.963238510000053)",Unfall 49331 (2018) Kat:1, Licht: 0,49331,1,6,2,06,06,4,0,0,0,0,0,0,1,1
"POINT (8.350154358000054 49.005616999000040)",Unfall 49396 (2018) Kat:3, Licht: 0,49396,3,2,0,07,19,2,0,0,1,1,0,0,0,0
"POINT (8.387430665000068 49.010442951000073)",Unfall 49399 (2018) Kat:3, Licht: 2,49399,3,6,3,07,00,3,0,2,0,0,0,1,0,1
"POINT (8.393448840000076 48.994602103000034)",Unfall 49443 (2018) Kat:3, Licht: 0,49443,3,7,0,07,17,4,0,0,1,0,0,0,0,0
"POINT (8.423967550000043 49.051624449000030)",Unfall 49460 (2018) Kat:2, Licht: 0,49460,2,1,8,07,16,7,0,0,0,0,0,1,0,0
"POINT (8.441034317000060 48.996771291000073)",Unfall 49480 (2018) Kat:3, Licht: 0,49480,3,6,3,07,19,4,0,0,0,1,0,0,1,0
"POINT (8.464837218000071 49.027890987000035)",Unfall 49503 (2018) Kat:3, Licht: 0,49503,3,3,5,07,07,2,0,0,0,1,0,1,0,0
"POINT (8.465609643000050 49.015442160000077)",Unfall 49563 (2018) Kat:3, Licht: 2,49563,3,6,2,07,03,1,0,2,0,1,0,0,1,0
"POINT (8.404885353000054 48.966182612000068)",Unfall 49629 (2018) Kat:3, Licht: 0,49629,3,2,5,07,18,3,0,0,0,1,0,1,0,0
"POINT (8.403966464000064 48.990537986000049)",Unfall 49649 (2018) Kat:3, Licht: 0,49649,3,3,5,07,09,1,0,0,1,1,0,0,0,0
"POINT (8.451981773000057 49.003781755000034)",Unfall 49712 (2018) Kat:3, Licht: 0,49712,3,6,3,07,11,4,0,0,0,1,0,0,1,0
"POINT (8.480965554000022 48.946556058000056)",Unfall 49728 (2018) Kat:3, Licht: 0,49728,3,2,3,07,13,1,0,0,0,0,1,1,0,0
"POINT (8.458733232000043 49.034998491000067)",Unfall 49730 (2018) Kat:3, Licht: 0,49730,3,6,0,07,06,2,0,0,0,1,0,1,0,1
"POINT (8.474962729000026 48.995065407000027)",Unfall 49740 (2018) Kat:2, Licht: 0,49740,2,3,5,07,14,3,0,0,0,1,0,1,0,0
"POINT (8.404762350000055 48.972426819000077)",Unfall 49752 (2018) Kat:3, Licht: 0,49752,3,3,5,07,10,7,0,0,1,1,0,0,0,0
"POINT (8.465572526000074 48.966055153000070)",Unfall 49829 (2018) Kat:3, Licht: 0,49829,3,6,2,07,15,4,0,0,0,1,0,0,0,0
"POINT (8.338148160000060 49.033642886000052)",Unfall 49868 (2018) Kat:2, Licht: 0,49868,2,3,5,07,12,6,0,0,0,1,0,0,0,1
"POINT (8.437731162000034 49.005057724000039)",Unfall 49908 (2018) Kat:3, Licht: 0,49908,3,6,2,07,17,2,0,0,0,1,0,0,0,0
"POINT (8.456810625000060 49.007294216000048)",Unfall 49928 (2018) Kat:3, Licht: 0,49928,3,6,2,07,12,5,1,0,0,1,0,0,0,0
"POINT (8.393967380000049 48.999610612000026)",Unfall 49963 (2018) Kat:3, Licht: 0,49963,3,7,0,07,13,6,0,0,1,0,0,0,0,0
"POINT (8.394099147000077 49.000846682000031)",Unfall 49968 (2018) Kat:3, Licht: 0,49968,3,6,3,07,11,5,0,0,1,0,0,0,0,1