WKT,Name,OBJECTID,UKATEGORIE,UTYP1,UART,UMONAT,USTUNDE,UWOCHENTAG,STRZUSTAND,ULICHTVERH,ISTRAD,ISTPKW,ISTFUSS,ISTKRAD,ISTGKFZ,ISTSONSTIG
"POINT (8.479044501000033 48.999695707000058)",Unfall 50044 (2018) Kat:2, Licht: 0,50044,2,4,6,07,08,6,0,0,0,1,1,0,0,0
"POINT (8.433279006000021 48.992594777000079)",Unfall 50143 (2018) Kat:3, Licht: 0,50143,3,6,2,07,17,5,0,0,0,1,0,0,1,0
"POINT (8.403589203000024 49.005427033000046)",Unfall 50150 (2018) Kat:3, Licht: 0,50150,3,3,5,07,20,5,0,0,0,1,0,0,0,0
"POINT (8.368864914000028 49.054889793000029)",Unfall 50236 (2018) Kat:2, Licht: 2,50236,2,7,9,07,02,1,0,2,0,1,0,0,0,0
"POINT (8.440942747000065 48.996934810000027)",Unfall 50240 (2018) Kat:3, Licht: 0,50240,3,6,2,07,11,1,0,0,0,1,0,0,0,0
"POINT (8.436962689000040 48.978390011000045)",Unfall 50325 (2018) Kat:3, Licht: 2,50325,3,1,3,07,03,2,1,2,0,1,0,0,0,1
"POINT (8.354141171000038 49.017556609000053)",Unfall 50357 (2018) Kat:3, Licht: 0,50357,3,2,5,07,16,2,0,0,1,0,0,0,0,1
"POINT (8.368199688000061 49.001218603000041)",Unfall 50419 (2018) Kat:2, Licht: 2,50419,2,3,5,07,23,3,1,2,0,0,0,1,0,1
"POINT (8.503391324000063 48.971521102000054)",Unfall 50444 (2018) Kat:2, Licht: 0,50444,2,3,5,07,08,7,0,0,1,0,0,0,1,0
"POINT (8.372686425000040 48.983641295000041)",Unfall 50508 (2018) Kat:3, Licht: 0,50508,3,6,1,07,08,2,0,0,0,1,0,0,0,0
"POINT (8.444446341000059 48.988024935000055)",Unfall 50520 (2018) Kat:3, Licht: 0,50520,3,6,2,07,17,4,0,0,0,1,0,0,0,0
"POINT (8.465719413000045 48.965926068000044)",Unfall 50534 (2018) Kat:3, Licht: 0,50534,3,6,2,07,12,5,0,0,0,1,0,0,0,0
"POINT (8.405629175000058 48.961758576000079)",Unfall 50605 (2018) Kat:3, Licht: 0,50605,3,3,5,07,16,6,0,0,0,1,0,0,0,0
"POINT (8.378292695000027 48.991481161000081)",Unfall 50642 (2018) Kat:3, Licht: 0,50642,3,3,5,07,20,5,0,0,0,1,0,1,0,0
"POINT (8.389845212000068 49.019061309000051)",Unfall 50643 (2018) Kat:3, Licht: 0,50643,3,6,2,07,18,6,0,0,0,1,0,0,0,0
"POINT (8.496510339000054 49.004816684000048)",Unfall 50649 (2018) Kat:3, Licht: 0,50649,3,6,2,07,19,1,1,0,0,1,0,1,0,0
"POINT (8.426753631000054 49.000597768000034)",Unfall 50668 (2018) Kat:3, Licht: 1,50668,3,6,2,07,20,7,1,1,0,1,0,0,0,0
"POINT (8.382679858000074 48.994719716000077)",Unfall 50731 (2018) Kat:3, Licht: 0,50731,3,6,2,07,08,5,0,0,0,1,0,0,0,0
"POINT (8.393372704000058 49.042392816000074)",Unfall 50741 (2018) Kat:3, Licht: 2,50741,3,6,4,07,22,4,0,2,1,0,0,0,0,0
"POINT (8.404033283000047 48.991192802000057)",Unfall 50746 (2018) Kat:3, Licht: 0,50746,3,3,4,07,14,4,0,0,1,0,0,1,0,0
"POINT (8.387169709000034 49.007596914000032)",Unfall 50784 (2018) Kat:3, Licht: 0,50784,3,2,5,07,13,6,0,0,1,1,0,0,0,0
"POINT (8.377715989000024 49.005691694000063)",Unfall 50790 (2018) Kat:3, Licht: 2,50790,3,1,0,07,00,1,1,2,1,0,0,0,0,0
"POINT (8.386957362000032 49.005771136000078)",Unfall 50846 (2018) Kat:3, Licht: 0,50846,3,3,5,07,14,5,0,0,0,1,0,0,0,0
"POINT (8.455194952000056 48.971478387000047)",Unfall 50873 (2018) Kat:3, Licht: 0,50873,3,6,2,07,13,4,0,0,0,1,0,0,0,0
"POINT (8.428829015000076 48.968641375000061)",Unfall 50874 (2018) Kat:1, Licht: 0,50874,1,6,2,07,06,4,0,0,0,0,0,0,1,0
"POINT (8.387115545000029 49.007105718000048)",Unfall 50906 (2018) Kat:3, Licht: 2,50906,3,5,1,07,04,4,0,2,1,1,0,0,0,0
"POINT (8.386111959000061 49.002187748000040)",Unfall 50952 (2018) Kat:3, Licht: 0,50952,3,6,2,07,12,5,0,0,0,1,0,0,0,0
"POINT (8.492280514000072 48.943585185000074)",Unfall 50988 (2018) Kat:3, Licht: 0,50988,3,2,5,07,18,6,0,0,0,1,0,0,0,0
"POINT (8.393448840000076 48.994602103000034)",Unfall 51065 (2018) Kat:3, Licht: 2,51065,3,2,2,07,22,3,0,2,0,1,0,0,0,0
"POINT (8.405683239000041 48.960619097000063)",Unfall 51069 (2018) Kat:3, Licht: 0,51069,3,6,2,07,13,3,0,0,0,1,0,1,0,0
"POINT (8.397393715000021 49.019266361000064)",Unfall 51079 (2018) Kat:3, Licht: 0,51079,3,7,3,07,20,7,0,0,0,1,0,0,0,0
"POINT (8.394221631000050 49.037830927000073)",Unfall 51088 (2018) Kat:3, Licht: 0,51088,3,3,5,07,08,6,0,0,1,1,0,0,0,0
"POINT (8.360476401000028 48.995903162000047)",Unfall 51099 (2018) Kat:3, Licht: 0,51099,3,6,4,07,18,5,0,0,1,0,0,0,0,0
"POINT (8.415633186000036 49.005063101000076)",Unfall 51137 (2018) Kat:3, Licht: 2,51137,3,2,2,07,00,6,0,2,0,1,0,0,0,0
"POINT (8.451174734000063 49.035107455000059)",Unfall 51206 (2018) Kat:3, Licht: 0,51206,3,6,2,07,14,6,0,0,0,1,0,0,0,0
"POINT (8.393792580000024 48.998205882000036)",Unfall 51211 (2018) Kat:3, Licht: 0,51211,3,6,2,07,11,2,0,0,0,1,0,0,0,0
"POINT (8.305341554000052 49.036770105000073)",Unfall 51314 (2018) Kat:3, Licht: 0,51314,3,1,9,07,09,2,0,0,1,0,0,0,0,0
"POINT (8.432820731000049 48.970201526000039)",Unfall 51315 (2018) Kat:3, Licht: 0,51315,3,6,3,08,11,5,0,0,0,1,0,0,0,1
"POINT (8.405620312000053 48.961826062000057)",Unfall 51345 (2018) Kat:3, Licht: 0,51345,3,3,5,07,10,2,0,0,1,1,0,0,0,0
"POINT (8.451173963000031 49.035104140000044)",Unfall 51363 (2018) Kat:3, Licht: 0,51363,3,6,2,07,16,3,0,0,0,1,0,0,0,0
"POINT (8.340948525000044 49.030911208000077)",Unfall 51428 (2018) Kat:3, Licht: 0,51428,3,6,2,08,06,5,0,0,0,1,0,0,0,0
"POINT (8.403388598000049 49.005495971000073)",Unfall 51491 (2018) Kat:2, Licht: 0,51491,2,3,5,07,11,1,0,0,0,1,0,0,0,0
"POINT (8.406768477000071 48.976140039000029)",Unfall 51645 (2018) Kat:2, Licht: 0,51645,2,2,5,08,11,6,0,0,0,1,0,0,0,1
"POINT (8.458318715000075 48.970652233000067)",Unfall 51682 (2018) Kat:3, Licht: 0,51682,3,6,3,08,08,5,0,0,0,1,0,0,1,1
"POINT (8.491537617000063 48.988333835000049)",Unfall 51723 (2018) Kat:3, Licht: 0,51723,3,6,2,08,15,5,1,0,1,1,0,0,0,0
"POINT (8.487684113000057 48.950106494000067)",Unfall 51725 (2018) Kat:3, Licht: 0,51725,3,6,2,08,18,1,0,0,0,1,0,0,0,0
"POINT (8.386921498000049 49.005519267000068)",Unfall 51856 (2018) Kat:3, Licht: 0,51856,3,1,0,08,07,4,0,0,1,0,0,0,0,0
"POINT (8.393427141000075 49.042117204000078)",Unfall 51905 (2018) Kat:3, Licht: 0,51905,3,6,2,08,16,5,0,0,0,1,0,0,0,1
"POINT (8.495400554000071 49.005054079000047)",Unfall 51911 (2018) Kat:2, Licht: 0,51911,2,7,0,08,12,6,0,0,0,0,0,1,0,0
"POINT (8.393968504000043 48.999623161000045)",Unfall 52078 (2018) Kat:3, Licht: 0,52078,3,3,5,08,16,6,0,0,1,1,0,0,0,0
"POINT (8.452927789000057 49.043120946000045)",Unfall 52172 (2018) Kat:3, Licht: 0,52172,3,7,0,08,12,3,0,0,0,0,0,0,0,1
"POINT (8.368599120000056 49.005516842000077)",Unfall 52273 (2018) Kat:3, Licht: 0,52273,3,6,2,08,10,5,0,0,0,1,0,0,0,0
"POINT (8.403543351000053 48.988327771000058)",Unfall 52326 (2018) Kat:2, Licht: 0,52326,2,3,5,08,16,4,0,0,1,1,0,0,0,0
"POINT (8.463412775000052 48.983663053000043)",Unfall 52360 (2018) Kat:3, Licht: 0,52360,3,6,3,08,18,4,0,0,1,0,0,0,0,1
"POINT (8.358413892000044 49.010129961000075)",Unfall 52466 (2018) Kat:3, Licht: 0,52466,3,6,2,08,07,5,0,0,0,1,0,0,0,0
"POINT (8.409797000000026 49.005861177000043)",Unfall 52564 (2018) Kat:3, Licht: 0,52564,3,1,2,08,13,5,1,0,0,1,0,1,0,0
"POINT (8.365266024000050 49.004901473000075)",Unfall 52703 (2018) Kat:3, Licht: 0,52703,3,6,2,08,11,7,1,0,0,1,0,0,0,0
"POINT (8.485892682000042 49.038040766000051)",Unfall 52707 (2018) Kat:3, Licht: 0,52707,3,6,2,08,17,3,0,0,0,1,0,0,1,0
"POINT (8.356790161000049 49.023967078000055)",Unfall 52718 (2018) Kat:3, Licht: 0,52718,3,6,2,08,17,4,0,0,0,1,0,0,0,1
"POINT (8.453999237000062 49.005089069000064)",Unfall 52722 (2018) Kat:3, Licht: 0,52722,3,6,2,08,17,4,0,0,0,1,0,0,0,0
"POINT (8.394024196000032 49.000244610000038)",Unfall 52726 (2018) Kat:3, Licht: 0,52726,3,7,0,08,19,3,0,0,1,0,0,0,0,0
"POINT (8.510633064000047 49.026848325000060)",Unfall 52782 (2018) Kat:3, Licht: 0,52782,3,2,5,08,13,4,0,0,0,1,0,1,0,0
"POINT (8.354857358000061 49.014346276000026)",Unfall 52919 (2018) Kat:2, Licht: 0,52919,2,2,2,08,14,3,0,0,0,1,0,1,0,0
"POINT (8.324640488000057 49.036686888000077)",Unfall 52938 (2018) Kat:3, Licht: 0,52938,3,6,2,08,07,3,0,0,0,1,0,0,0,0
"POINT (8.394515364000029 49.003389403000028)",Unfall 52954 (2018) Kat:3, Licht: 0,52954,3,3,5,08,18,3,0,0,1,1,0,0,0,0
"POINT (8.436569801000076 48.993197470000041)",Unfall 52964 (2018) Kat:3, Licht: 0,52964,3,6,2,08,07,5,1,0,0,1,0,0,0,0
"POINT (8.394945962000065 49.033479517000046)",Unfall 52991 (2018) Kat:3, Licht: 0,52991,3,3,5,08,13,4,0,0,1,1,0,0,0,0
"POINT (8.440986310000028 49.018205016000081)",Unfall 53108 (2018) Kat:3, Licht: 2,53108,3,1,6,09,21,2,0,2,1,0,1,0,0,0
"POINT (8.387899693000065 49.014673517000062)",Unfall 53211 (2018) Kat:3, Licht: 0,53211,3,2,5,09,09,5,0,0,0,1,0,0,0,0
"POINT (8.460855746000050 49.010389435000036)",Unfall 53272 (2018) Kat:3, Licht: 0,53272,3,6,3,09,07,1,0,0,0,1,0,0,0,0
"POINT (8.406768777000025 48.976105617000030)",Unfall 53419 (2018) Kat:2, Licht: 2,53419,2,3,5,09,01,7,1,2,1,1,0,0,0,0
"POINT (8.476579136000055 48.996994139000037)",Unfall 53543 (2018) Kat:3, Licht: 0,53543,3,7,6,09,16,4,0,0,1,0,1,0,0,0
"POINT (8.469028278000053 48.956111460000045)",Unfall 53616 (2018) Kat:2, Licht: 1,53616,2,3,5,09,06,5,1,1,0,1,0,1,0,0
"POINT (8.393585500000029 48.995991226000058)",Unfall 53695 (2018) Kat:3, Licht: 0,53695,3,2,3,09,11,3,0,0,1,1,0,0,0,0
"POINT (8.372958823000033 48.990274611000075)",Unfall 53696 (2018) Kat:3, Licht: 0,53696,3,6,3,09,15,3,0,0,0,0,0,1,0,1
"POINT (8.386077327000066 49.005502933000059)",Unfall 53711 (2018) Kat:3, Licht: 0,53711,3,2,3,09,11,5,0,0,1,1,0,0,0,0
"POINT (8.377837482000075 48.990997424000057)",Unfall 53723 (2018) Kat:3, Licht: 0,53723,3,6,2,09,08,3,0,0,0,1,0,0,0,0
"POINT (8.400413797000056 48.989393391000078)",Unfall 53725 (2018) Kat:3, Licht: 0,53725,3,6,2,09,17,3,0,0,0,1,0,0,0,0
"POINT (8.476497833000053 48.996892131000038)",Unfall 53742 (2018) Kat:3, Licht: 0,53742,3,6,2,09,14,4,0,0,0,1,0,0,0,0
"POINT (8.411823693000031 49.006156125000075)",Unfall 53749 (2018) Kat:3, Licht: 0,53749,3,3,5,09,12,4,0,0,0,1,0,0,0,0
"POINT (8.409519331000070 48.961204380000027)",Unfall 53760 (2018) Kat:3, Licht: 0,53760,3,1,3,09,09,4,0,0,0,0,0,1,1,0
"POINT (8.404117511000038 48.992090823000069)",Unfall 53810 (2018) Kat:3, Licht: 0,53810,3,3,5,09,15,4,0,0,1,0,0,0,0,0
"POINT (8.344689754000058 49.001051537000080)",Unfall 53844 (2018) Kat:3, Licht: 0,53844,3,6,1,09,10,2,0,0,0,1,0,0,1,0
"POINT (8.481563262000066 49.009353553000039)",Unfall 53845 (2018) Kat:3, Licht: 0,53845,3,1,9,09,14,2,0,0,0,1,0,0,0,0
"POINT (8.394483660000049 49.003192315000035)",Unfall 53887 (2018) Kat:3, Licht: 0,53887,3,2,3,09,09,3,0,0,1,1,0,0,0,0
"POINT (8.352172559000053 49.018774003000033)",Unfall 53891 (2018) Kat:3, Licht: 0,53891,3,3,5,09,11,2,0,0,0,1,0,1,0,0
"POINT (8.490497865000066 48.989221379000071)",Unfall 53946 (2018) Kat:3, Licht: 2,53946,3,6,0,09,20,3,0,2,0,1,0,1,0,0
"POINT (8.478828899000064 48.999506614000040)",Unfall 53967 (2018) Kat:2, Licht: 0,53967,2,7,0,09,14,2,0,0,1,0,0,0,0,0
"POINT (8.393482137000035 48.994599543000049)",Unfall 54012 (2018) Kat:3, Licht: 0,54012,3,2,5,09,09,3,0,0,1,1,0,0,0,0
"POINT (8.365374943000063 49.004862679000041)",Unfall 54016 (2018) Kat:3, Licht: 0,54016,3,3,5,09,15,2,0,0,0,1,0,0,0,0
"POINT (8.460110444000065 48.968790073000037)",Unfall 54042 (2018) Kat:2, Licht: 2,54042,2,1,0,09,23,6,0,2,1,0,0,0,0,0
"POINT (8.410008686000026 48.961492148000048)",Unfall 54051 (2018) Kat:3, Licht: 2,54051,3,6,2,09,20,6,0,2,0,1,0,0,0,0
"POINT (8.430339382000057 48.997417828000039)",Unfall 54054 (2018) Kat:3, Licht: 1,54054,3,1,1,09,17,6,0,1,0,1,0,0,0,0
"POINT (8.314492059000031 49.037633294000045)",Unfall 54056 (2018) Kat:3, Licht: 0,54056,3,6,3,09,14,6,0,0,0,1,0,0,1,0
"POINT (8.352740917000062 49.013812046000055)",Unfall 54057 (2018) Kat:3, Licht: 0,54057,3,3,5,09,09,7,0,0,0,1,0,0,0,0
"POINT (8.378032657000063 48.991285222000045)",Unfall 54058 (2018) Kat:3, Licht: 0,54058,3,6,3,09,07,1,0,0,0,1,0,1,0,0
"POINT (8.430367184000033 48.997452168000052)",Unfall 54078 (2018) Kat:3, Licht: 0,54078,3,6,2,09,15,3,0,0,0,1,0,0,1,0
"POINT (8.387507385000049 49.011052170000028)",Unfall 54100 (2018) Kat:3, Licht: 0,54100,3,6,5,09,09,2,0,0,1,1,0,0,0,0
"POINT (8.412751093000054 48.962334792000036)",Unfall 54268 (2018) Kat:3, Licht: 0,54268,3,6,2,09,12,7,0,0,0,1,0,0,0,0
"POINT (8.391513828000029 48.989532720000057)",Unfall 54353 (2018) Kat:3, Licht: 0,54353,3,6,2,09,14,6,0,0,0,1,0,0,0,0
"POINT (8.446152240000060 49.021901458000059)",Unfall 54488 (2018) Kat:3, Licht: 0,54488,3,6,2,09,17,3,0,0,0,1,0,0,0,0
"POINT (8.457362993000061 49.034854487000075)",Unfall 54512 (2018) Kat:3, Licht: 0,54512,3,6,2,09,16,3,0,0,0,1,0,0,0,0
"POINT (8.395015536000074 49.033045699000070)",Unfall 54554 (2018) Kat:3, Licht: 0,54554,3,3,5,09,08,4,0,0,1,1,0,0,0,0
"POINT (8.440549543000032 49.010185087000082)",Unfall 54594 (2018) Kat:3, Licht: 0,54594,3,2,5,09,08,5,0,0,1,1,0,0,0,0
"POINT (8.351351430000022 48.999094669000044)",Unfall 54663 (2018) Kat:3, Licht: 0,54663,3,7,8,09,06,2,0,0,0,0,0,1,0,0
"POINT (8.462014778000025 49.011730583000030)",Unfall 54666 (2018) Kat:3, Licht: 0,54666,3,6,2,09,08,5,0,0,0,1,0,0,0,0
"POINT (8.424653206000073 49.003047438000067)",Unfall 54801 (2018) Kat:3, Licht: 2,54801,3,3,5,09,00,1,1,2,1,1,0,0,0,0
"POINT (8.453282182000066 48.971589342000073)",Unfall 54803 (2018) Kat:3, Licht: 0,54803,3,6,2,09,16,4,0,0,0,1,0,0,0,0
"POINT (8.387899910000044 49.014681353000071)",Unfall 54817 (2018) Kat:3, Licht: 0,54817,3,2,2,09,15,5,0,0,0,1,0,0,1,0
"POINT (8.430709036000053 48.998201643000073)",Unfall 54911 (2018) Kat:3, Licht: 2,54911,3,6,4,10,02,4,0,2,0,1,0,0,0,0
"POINT (8.354169586000069 49.010811111000066)",Unfall 54968 (2018) Kat:3, Licht: 0,54968,3,6,2,10,14,5,0,0,0,1,0,0,1,0
"POINT (8.445247270000039 49.021068666000076)",Unfall 55048 (2018) Kat:3, Licht: 0,55048,3,6,2,10,17,5,0,0,0,1,0,0,0,0
"POINT (8.460523243000068 49.010080099000049)",Unfall 55088 (2018) Kat:3, Licht: 0,55088,3,6,2,09,16,7,0,0,0,1,0,0,0,0
"POINT (8.405296104000058 48.960460933000036)",Unfall 55132 (2018) Kat:2, Licht: 0,55132,2,6,2,10,15,5,0,0,0,0,0,0,1,1
"POINT (8.389635191000025 49.018815903000075)",Unfall 55232 (2018) Kat:3, Licht: 0,55232,3,3,5,10,11,5,0,0,0,1,0,0,0,1
"POINT (8.467430429000046 49.026751201000081)",Unfall 55235 (2018) Kat:2, Licht: 2,55235,2,4,6,09,19,6,1,2,0,1,1,0,0,0
"POINT (8.404343363000066 48.971377792000055)",Unfall 55237 (2018) Kat:3, Licht: 0,55237,3,3,5,09,12,6,0,0,1,1,0,0,0,0
"POINT (8.398049459000049 49.005390313000078)",Unfall 55242 (2018) Kat:3, Licht: 0,55242,3,2,5,10,15,2,0,0,1,1,0,0,0,0
"POINT (8.356001246000062 49.012202848000072)",Unfall 55307 (2018) Kat:3, Licht: 0,55307,3,3,5,10,15,3,0,0,1,1,0,0,0,0
"POINT (8.440087616000028 49.017759451000074)",Unfall 55391 (2018) Kat:2, Licht: 0,55391,2,4,0,10,15,1,0,0,0,0,1,0,0,1
"POINT (8.405895226000041 48.959941080000078)",Unfall 55409 (2018) Kat:3, Licht: 0,55409,3,3,5,10,17,1,0,0,0,1,0,0,0,0
"POINT (8.387049630000035 49.006523309000045)",Unfall 55469 (2018) Kat:2, Licht: 0,55469,2,4,6,10,09,2,0,0,0,1,1,0,0,0
"POINT (8.390745300000049 49.005399254000054)",Unfall 55481 (2018) Kat:3, Licht: 0,55481,3,6,3,10,16,3,0,0,0,1,0,1,0,0
"POINT (8.412770282000054 49.005665389000058)",Unfall 55507 (2018) Kat:3, Licht: 0,55507,3,3,5,10,08,2,0,0,1,1,0,0,0,0
"POINT (8.430750026000055 48.993113922000077)",Unfall 55527 (2018) Kat:3, Licht: 0,55527,3,6,2,10,13,1,0,0,0,1,0,0,0,0
"POINT (8.485530420000032 49.037125146000051)",Unfall 55568 (2018) Kat:3, Licht: 2,55568,3,6,2,10,21,6,0,2,0,1,0,0,0,0
"POINT (8.381289568000057 48.991953803000058)",Unfall 55570 (2018) Kat:3, Licht: 0,55570,3,6,2,10,07,3,0,0,0,1,0,0,0,1
"POINT (8.394403510000075 49.004389960000026)",Unfall 55576 (2018) Kat:3, Licht: 0,55576,3,2,6,10,16,4,0,0,0,1,1,0,0,0
"POINT (8.469457738000074 48.963436795000064)",Unfall 55607 (2018) Kat:3, Licht: 0,55607,3,6,2,10,14,4,0,0,0,1,0,0,0,0
"POINT (8.493978595000044 49.049597601000073)",Unfall 55645 (2018) Kat:3, Licht: 0,55645,3,6,2,10,16,2,0,0,0,1,0,0,0,0
"POINT (8.493507834000070 48.944892760000073)",Unfall 55771 (2018) Kat:3, Licht: 0,55771,3,6,2,10,08,3,0,0,0,1,0,0,1,0
"POINT (8.427571385000022 49.090255363000040)",Unfall 55865 (2018) Kat:2, Licht: 0,55865,2,6,4,10,15,2,0,0,0,1,0,0,0,1
"POINT (8.433750331000056 48.992569388000049)",Unfall 55939 (2018) Kat:3, Licht: 2,55939,3,6,2,10,19,7,0,2,0,1,0,0,0,0
"POINT (8.335486587000048 49.035826694000036)",Unfall 55960 (2018) Kat:3, Licht: 0,55960,3,2,5,10,17,3,0,0,1,1,0,0,0,0
"POINT (8.436624159000076 48.985413568000070)",Unfall 56037 (2018) Kat:3, Licht: 0,56037,3,6,2,10,13,1,0,0,0,1,0,0,0,0
"POINT (8.373778482000034 49.044329700000048)",Unfall 56080 (2018) Kat:3, Licht: 0,56080,3,6,2,10,10,5,0,0,0,1,0,0,0,1
"POINT (8.399090054000055 49.012144215000035)",Unfall 56084 (2018) Kat:3, Licht: 0,56084,3,2,0,10,14,5,0,0,0,1,0,1,0,0
"POINT (8.405705825000041 48.961310784000034)",Unfall 56099 (2018) Kat:3, Licht: 0,56099,3,6,2,10,17,2,0,0,0,1,0,0,0,0
"POINT (8.376853474000029 48.990385409000055)",Unfall 56114 (2018) Kat:2, Licht: 0,56114,2,7,9,10,16,5,0,0,0,0,0,1,0,0
"POINT (8.446271519000050 48.969909449000056)",Unfall 56115 (2018) Kat:3, Licht: 2,56115,3,7,0,10,06,5,1,2,0,0,0,1,0,1
"POINT (8.452506887000027 49.002417507000075)",Unfall 56116 (2018) Kat:3, Licht: 0,56116,3,7,8,10,10,1,0,0,0,1,0,0,0,0
"POINT (8.406768804000024 48.976102576000073)",Unfall 56139 (2018) Kat:2, Licht: 0,56139,2,7,6,10,09,1,0,0,0,1,1,0,0,0
"POINT (8.440118914000038 49.004610140000068)",Unfall 56148 (2018) Kat:3, Licht: 0,56148,3,6,2,10,17,4,0,0,0,1,0,0,0,0
"POINT (8.330520531000047 49.036911476000057)",Unfall 56177 (2018) Kat:3, Licht: 0,56177,3,3,5,10,16,4,0,0,0,1,0,1,0,0
"POINT (8.394741718000034 49.005448550000040)",Unfall 56221 (2018) Kat:3, Licht: 0,56221,3,2,5,10,09,4,0,0,1,1,0,0,0,0
"POINT (8.387370593000071 49.009642328000041)",Unfall 56233 (2018) Kat:3, Licht: 0,56233,3,6,1,10,09,1,0,0,1,1,0,0,0,1
"POINT (8.410884165000027 49.006098471000030)",Unfall 56281 (2018) Kat:2, Licht: 0,56281,2,6,3,10,10,3,0,0,1,0,0,0,0,1
"POINT (8.393790869000043 48.998185030000059)",Unfall 56282 (2018) Kat:3, Licht: 0,56282,3,6,2,10,13,7,0,0,0,1,0,0,0,0
"POINT (8.446217552000064 48.970182069000032)",Unfall 56306 (2018) Kat:3, Licht: 0,56306,3,6,2,10,12,6,0,0,0,1,0,0,0,0
"POINT (8.408637340000041 48.991762709000056)",Unfall 56332 (2018) Kat:3, Licht: 0,56332,3,6,2,10,07,2,0,0,0,1,0,0,0,0
"POINT (8.387899527000059 49.014667538000026)",Unfall 56352 (2018) Kat:3, Licht: 2,56352,3,2,3,10,20,4,1,2,1,1,0,0,0,0
"POINT (8.437365961000069 48.993954909000081)",Unfall 56410 (2018) Kat:3, Licht: 2,56410,3,6,3,10,20,7,0,2,0,1,0,0,0,0
"POINT (8.409048606000056 48.961276145000056)",Unfall 56448 (2018) Kat:3, Licht: 0,56448,3,6,2,10,17,1,0,0,0,1,0,0,0,0
"POINT (8.435761475000049 48.990900211000053)",Unfall 56492 (2018) Kat:3, Licht: 0,56492,3,6,3,10,16,3,0,0,0,0,0,0,1,1
"POINT (8.437488401000053 48.994109369000057)",Unfall 56593 (2018) Kat:3, Licht: 2,56593,3,6,2,10,07,4,0,2,0,1,0,0,0,0
"POINT (8.447851378000053 49.003326779000076)",Unfall 56595 (2018) Kat:3, Licht: 0,56595,3,3,5,10,14,4,0,0,1,0,0,0,1,0
"POINT (8.334311424000021 48.987498463000065)",Unfall 56598 (2018) Kat:3, Licht: 0,56598,3,3,5,10,08,4,0,0,1,1,0,0,0,0
"POINT (8.447289441000066 49.022958914000071)",Unfall 56674 (2018) Kat:3, Licht: 0,56674,3,6,2,10,12,7,0,0,0,1,0,0,0,0
"POINT (8.410018458000025 49.005884731000037)",Unfall 56678 (2018) Kat:3, Licht: 2,56678,3,3,5,10,19,7,0,2,1,1,0,0,0,0
"POINT (8.439741515000037 48.996149799000079)",Unfall 56712 (2018) Kat:3, Licht: 0,56712,3,6,3,10,08,4,0,0,0,1,0,0,1,0
"POINT (8.368613396000058 49.005517634000057)",Unfall 56863 (2018) Kat:3, Licht: 0,56863,3,1,0,10,15,6,0,0,0,0,0,1,0,0
"POINT (8.436751928000035 48.979356833000054)",Unfall 56898 (2018) Kat:3, Licht: 2,56898,3,6,2,11,20,1,0,2,0,1,0,0,0,0
"POINT (8.395461592000061 49.030254177000074)",Unfall 56932 (2018) Kat:3, Licht: 2,56932,3,6,2,11,17,7,0,2,0,1,0,0,0,0
"POINT (8.404895977000024 48.966097643000069)",Unfall 56949 (2018) Kat:1, Licht: 0,56949,1,3,5,10,11,4,0,0,0,1,0,0,0,1
"POINT (8.386916007000025 49.005519196000080)",Unfall 56951 (2018) Kat:3, Licht: 0,56951,3,2,2,11,10,7,0,0,0,1,0,0,0,1
"POINT (8.389615086000049 49.018789074000040)",Unfall 56999 (2018) Kat:3, Licht: 0,56999,3,2,5,10,08,2,0,0,1,1,0,0,0,0
"POINT (8.373574739000048 49.005635289000054)",Unfall 57092 (2018) Kat:3, Licht: 0,57092,3,3,5,10,12,1,1,0,0,1,0,0,0,0
"POINT (8.352740064000045 49.013829546000068)",Unfall 57094 (2018) Kat:3, Licht: 2,57094,3,3,5,10,20,7,0,2,0,1,0,0,0,0
"POINT (8.462895770000046 48.966523102000053)",Unfall 57122 (2018) Kat:2, Licht: 2,57122,2,6,4,10,20,4,0,2,1,0,0,0,0,0
"POINT (8.404348022000022 48.971466013000054)",Unfall 57130 (2018) Kat:2, Licht: 0,57130,2,3,5,11,14,5,0,0,1,1,0,0,0,0
"POINT (8.423942619000059 49.003391899000064)",Unfall 57273 (2018) Kat:3, Licht: 0,57273,3,3,5,11,14,4,0,0,0,1,0,0,0,1
"POINT (8.392924672000049 49.063922485000035)",Unfall 57299 (2018) Kat:2, Licht: 0,57299,2,1,8,11,08,5,1,0,0,1,0,0,0,0
"POINT (8.463953168000046 48.967348912000034)",Unfall 57391 (2018) Kat:3, Licht: 2,57391,3,6,2,11,06,3,0,2,0,1,0,0,0,0
"POINT (8.479894820000027 48.995325166000043)",Unfall 57393 (2018) Kat:3, Licht: 0,57393,3,3,5,11,07,3,0,0,1,1,0,0,0,0
"POINT (8.445593767000048 48.972122630000058)",Unfall 57426 (2018) Kat:3, Licht: 0,57426,3,6,2,11,08,5,1,0,0,1,0,0,0,1
"POINT (8.410032896000075 49.006006562000039)",Unfall 57459 (2018) Kat:2, Licht: 0,57459,2,3,5,11,10,5,0,0,0,1,0,0,0,1
"POINT (8.344667180000045 49.030728636000049)",Unfall 57496 (2018) Kat:3, Licht: 2,57496,3,2,5,11,17,2,0,2,0,1,0,0,0,0
"POINT (8.394052160000058 49.000556646000064)",Unfall 57498 (2018) Kat:3, Licht: 0,57498,3,5,1,11,12,2,0,0,1,0,0,0,0,1
"POINT (8.354979610000044 49.014063015000033)",Unfall 57542 (2018) Kat:3, Licht: 0,57542,3,5,5,11,08,4,0,0,1,1,0,0,0,0
"POINT (8.389646759000073 49.018829419000042)",Unfall 57666 (2018) Kat:3, Licht: 2,57666,3,3,5,11,06,3,1,2,0,1,0,1,0,0