WKT,Name,OBJECTID,UKATEGORIE,UTYP1,UART,UMONAT,USTUNDE,UWOCHENTAG,STRZUSTAND,ULICHTVERH,ISTRAD,ISTPKW,ISTFUSS,ISTKRAD,ISTGKFZ,ISTSONSTIG
"POINT (8.413974765000035 49.009095646000048)",Unfall 154172 (2018) Kat:3, Licht: 2,154172,3,7,0,06,01,7,0,2,1,0,0,0,0,0
"POINT (8.355446382000025 49.003223770000034)",Unfall 154258 (2018) Kat:3, Licht: 0,154258,3,2,5,06,12,6,0,0,1,1,0,0,0,0
"POINT (8.452051776000076 48.995833763000064)",Unfall 154283 (2018) Kat:3, Licht: 2,154283,3,3,5,06,00,7,0,2,0,1,0,1,0,0
"POINT (8.368111523000039 48.980906814000036)",Unfall 154320 (2018) Kat:3, Licht: 0,154320,3,4,6,06,07,3,0,0,0,1,1,0,0,0
"POINT (8.402841333000026 49.007154196000045)",Unfall 154335 (2018) Kat:3, Licht: 0,154335,3,1,0,06,08,3,1,0,1,0,0,0,0,0
"POINT (8.470742392000034 48.955862876000026)",Unfall 154337 (2018) Kat:3, Licht: 0,154337,3,7,0,06,18,3,0,0,0,1,0,1,0,0
"POINT (8.446617817000060 49.036373223000055)",Unfall 154383 (2018) Kat:2, Licht: 0,154383,2,2,5,06,08,6,0,0,0,1,0,0,0,1
"POINT (8.375161468000044 49.011034241000061)",Unfall 154408 (2018) Kat:3, Licht: 0,154408,3,6,2,06,15,6,0,0,0,1,0,0,0,0
"POINT (8.332451577000029 49.005328663000057)",Unfall 154410 (2018) Kat:3, Licht: 0,154410,3,3,5,06,14,6,0,0,1,1,0,0,0,0
"POINT (8.393557865000048 49.010983650000071)",Unfall 154413 (2018) Kat:3, Licht: 0,154413,3,7,1,06,08,2,0,0,1,0,0,0,0,0
"POINT (8.334820012000023 49.007568868000078)",Unfall 154414 (2018) Kat:3, Licht: 0,154414,3,6,2,06,12,2,0,0,0,0,0,0,1,0
"POINT (8.407094153000060 48.998300647000065)",Unfall 154443 (2018) Kat:2, Licht: 0,154443,2,7,0,06,12,5,0,0,1,0,0,0,0,0
"POINT (8.386764614000072 49.059904193000079)",Unfall 154449 (2018) Kat:3, Licht: 0,154449,3,3,5,06,18,2,0,0,0,1,0,1,0,0
"POINT (8.381962333000047 48.989591864000033)",Unfall 154451 (2018) Kat:2, Licht: 0,154451,2,3,5,06,05,2,0,0,0,1,0,1,0,0
"POINT (8.326160022000067 49.007618845000081)",Unfall 154509 (2018) Kat:3, Licht: 0,154509,3,2,2,06,12,5,0,0,0,1,0,0,0,0
"POINT (8.418512380000038 48.999646678000033)",Unfall 154513 (2018) Kat:2, Licht: 0,154513,2,3,1,06,17,1,0,0,1,0,0,0,0,0
"POINT (8.350059556000076 48.998310543000059)",Unfall 154520 (2018) Kat:3, Licht: 1,154520,3,3,5,06,18,5,0,1,1,1,0,0,0,0
"POINT (8.381675385000051 48.995845790000033)",Unfall 154600 (2018) Kat:3, Licht: 0,154600,3,6,3,06,17,5,0,0,0,1,0,1,0,0
"POINT (8.360089439000035 49.014417291000029)",Unfall 154601 (2018) Kat:3, Licht: 0,154601,3,2,3,06,07,5,0,0,0,1,0,1,0,0
"POINT (8.419699683000033 49.008614004000037)",Unfall 154634 (2018) Kat:3, Licht: 0,154634,3,7,0,06,20,1,0,0,1,0,0,0,0,1
"POINT (8.368148966000035 49.015927102000035)",Unfall 154671 (2018) Kat:3, Licht: 0,154671,3,6,4,06,07,6,0,0,1,1,0,0,0,0
"POINT (8.381065478000039 49.001343872000064)",Unfall 154675 (2018) Kat:3, Licht: 0,154675,3,3,5,06,14,6,0,0,0,1,0,1,0,0
"POINT (8.397147325000049 49.011494128000038)",Unfall 154680 (2018) Kat:3, Licht: 0,154680,3,5,1,06,12,6,0,0,1,1,0,0,0,0
"POINT (8.386889784000061 49.029195664000042)",Unfall 154740 (2018) Kat:3, Licht: 0,154740,3,4,0,06,13,4,0,0,0,1,1,0,0,0
"POINT (8.369147562000023 49.013701360000027)",Unfall 154741 (2018) Kat:2, Licht: 0,154741,2,3,6,06,13,4,0,0,0,1,1,0,0,0
"POINT (8.380825768000022 48.999084344000039)",Unfall 154743 (2018) Kat:3, Licht: 0,154743,3,7,5,06,08,4,0,0,1,1,0,0,0,0
"POINT (8.401457094000023 49.007575675000055)",Unfall 154756 (2018) Kat:3, Licht: 1,154756,3,1,7,06,05,7,0,1,1,0,0,0,0,0
"POINT (8.396212544000036 48.998182424000049)",Unfall 154766 (2018) Kat:3, Licht: 0,154766,3,3,5,06,13,4,0,0,1,1,0,0,0,0
"POINT (8.362425879000057 48.986419298000044)",Unfall 154768 (2018) Kat:3, Licht: 0,154768,3,3,5,06,11,4,0,0,1,1,0,0,0,0
"POINT (8.412442308000038 48.978208573000074)",Unfall 154769 (2018) Kat:3, Licht: 0,154769,3,6,0,06,08,4,0,0,1,1,0,0,0,0
"POINT (8.446783666000044 49.036360275000050)",Unfall 154795 (2018) Kat:3, Licht: 0,154795,3,2,5,06,07,5,0,0,1,1,0,0,0,0
"POINT (8.413514702000043 49.007091254000045)",Unfall 154816 (2018) Kat:3, Licht: 0,154816,3,3,5,06,11,5,0,0,0,1,0,0,0,0
"POINT (8.359992343000045 49.011153212000067)",Unfall 154878 (2018) Kat:3, Licht: 0,154878,3,7,0,06,07,3,0,0,1,0,0,0,0,0
"POINT (8.386321756000029 49.004303556000082)",Unfall 154895 (2018) Kat:3, Licht: 0,154895,3,6,2,06,16,3,0,0,0,1,0,0,0,0
"POINT (8.362413156000059 49.020850384000028)",Unfall 154896 (2018) Kat:3, Licht: 0,154896,3,3,5,06,07,3,0,0,1,1,0,0,0,0
"POINT (8.420115304000035 49.008305856000050)",Unfall 154898 (2018) Kat:3, Licht: 0,154898,3,2,5,06,15,3,0,0,1,1,0,0,0,0
"POINT (8.455179671000053 49.042579264000040)",Unfall 154920 (2018) Kat:2, Licht: 0,154920,2,6,3,06,14,5,0,0,1,1,0,0,0,0
"POINT (8.368631297000036 49.047668194000039)",Unfall 154962 (2018) Kat:3, Licht: 0,154962,3,3,5,06,16,2,0,0,1,1,0,0,0,0
"POINT (8.428708277000055 49.013432117000036)",Unfall 154963 (2018) Kat:3, Licht: 0,154963,3,6,2,06,16,4,0,0,0,1,0,0,0,0
"POINT (8.377489021000031 48.989278459000047)",Unfall 154964 (2018) Kat:2, Licht: 0,154964,2,6,3,06,11,2,0,0,1,0,0,0,0,1
"POINT (8.427695761000052 49.009133270000063)",Unfall 154965 (2018) Kat:3, Licht: 0,154965,3,5,1,06,19,2,0,0,1,1,0,0,0,0
"POINT (8.472353635000047 49.026964171000031)",Unfall 154966 (2018) Kat:2, Licht: 2,154966,2,5,1,06,23,4,0,2,0,1,0,0,0,1
"POINT (8.384790415000055 49.017449603000045)",Unfall 154969 (2018) Kat:3, Licht: 0,154969,3,3,5,06,09,5,0,0,1,1,0,0,0,0
"POINT (8.368445151000060 49.011187583000037)",Unfall 154974 (2018) Kat:2, Licht: 0,154974,2,6,2,06,16,4,0,0,1,1,0,0,0,0
"POINT (8.441569581000067 49.020933989000071)",Unfall 154988 (2018) Kat:3, Licht: 0,154988,3,7,0,06,20,2,0,0,1,0,0,0,0,0
"POINT (8.419599928000025 49.009957449000069)",Unfall 154989 (2018) Kat:3, Licht: 0,154989,3,1,4,06,10,2,0,0,1,0,0,0,0,0
"POINT (8.393721701000061 48.997255217000031)",Unfall 155029 (2018) Kat:3, Licht: 0,155029,3,2,5,06,07,4,0,0,1,1,0,0,0,0
"POINT (8.356217018000052 49.024428870000065)",Unfall 155081 (2018) Kat:2, Licht: 0,155081,2,2,5,07,14,3,0,0,0,1,0,1,0,0
"POINT (8.460478436000074 49.019794671000056)",Unfall 155123 (2018) Kat:3, Licht: 0,155123,3,3,5,07,07,3,0,0,1,1,0,0,0,0
"POINT (8.402390238000066 48.984785850000037)",Unfall 155142 (2018) Kat:3, Licht: 0,155142,3,3,5,06,12,7,0,0,1,1,0,0,0,0
"POINT (8.351071615000024 48.998051195000073)",Unfall 155156 (2018) Kat:3, Licht: 0,155156,3,7,6,06,18,7,0,0,1,0,1,0,0,0
"POINT (8.417986358000064 49.009660870000062)",Unfall 155158 (2018) Kat:3, Licht: 2,155158,3,1,0,06,23,7,0,2,1,0,0,0,0,0
"POINT (8.471402714000021 49.001198368000075)",Unfall 155159 (2018) Kat:3, Licht: 0,155159,3,3,5,06,17,7,0,0,1,0,0,0,0,0
"POINT (8.386593969000046 49.030959123000059)",Unfall 155216 (2018) Kat:3, Licht: 0,155216,3,7,6,06,12,6,0,0,0,0,1,1,0,0
"POINT (8.385908637000057 49.014784260000056)",Unfall 155221 (2018) Kat:2, Licht: 0,155221,2,2,5,07,09,2,0,0,1,0,0,0,0,0
"POINT (8.384441581000033 49.012719730000072)",Unfall 155222 (2018) Kat:3, Licht: 0,155222,3,2,5,07,14,2,0,0,1,1,0,0,0,0
"POINT (8.357964544000026 49.012107251000032)",Unfall 155224 (2018) Kat:3, Licht: 0,155224,3,6,2,07,13,2,0,0,1,1,0,0,0,0
"POINT (8.386364209000021 49.045788535000042)",Unfall 155227 (2018) Kat:3, Licht: 0,155227,3,3,5,07,10,2,0,0,0,1,0,1,0,0
"POINT (8.435194845000069 49.005703467000046)",Unfall 155229 (2018) Kat:3, Licht: 0,155229,3,3,5,07,06,2,0,0,1,1,0,0,0,0
"POINT (8.387308484000073 49.007632574000070)",Unfall 155244 (2018) Kat:3, Licht: 0,155244,3,7,0,06,13,6,0,0,1,0,0,0,0,0
"POINT (8.435096202000068 49.005543695000028)",Unfall 155263 (2018) Kat:3, Licht: 0,155263,3,3,5,07,15,2,0,0,1,1,0,0,0,0
"POINT (8.349796472000037 49.036351592000074)",Unfall 155319 (2018) Kat:3, Licht: 0,155319,3,4,6,07,16,5,0,0,0,0,1,0,0,1
"POINT (8.402476267000054 49.017776539000067)",Unfall 155330 (2018) Kat:3, Licht: 0,155330,3,7,0,07,08,1,0,0,0,0,0,1,0,0
"POINT (8.460162195000066 48.996222332000059)",Unfall 155332 (2018) Kat:3, Licht: 0,155332,3,7,0,07,11,1,0,0,0,0,0,1,0,0
"POINT (8.346174665000035 49.016225660000032)",Unfall 155343 (2018) Kat:3, Licht: 0,155343,3,3,5,07,12,5,1,0,0,1,0,0,1,0
"POINT (8.423759688000075 49.008768851000070)",Unfall 155346 (2018) Kat:3, Licht: 0,155346,3,5,1,07,13,5,0,0,1,0,0,0,0,1
"POINT (8.479787157000033 48.945357685000033)",Unfall 155350 (2018) Kat:3, Licht: 0,155350,3,3,5,07,07,5,0,0,1,1,0,0,0,0
"POINT (8.459067952000055 48.998938311000074)",Unfall 155351 (2018) Kat:3, Licht: 0,155351,3,2,2,07,16,5,0,0,1,1,0,0,0,0
"POINT (8.383780685000033 49.010644040000045)",Unfall 155417 (2018) Kat:3, Licht: 0,155417,3,6,2,07,10,7,0,0,0,1,0,1,0,0
"POINT (8.398301950000075 49.009856285000069)",Unfall 155419 (2018) Kat:3, Licht: 0,155419,3,1,0,07,12,7,0,0,1,0,0,0,0,0
"POINT (8.342745834000027 49.002235065000036)",Unfall 155449 (2018) Kat:3, Licht: 0,155449,3,2,5,07,08,4,0,0,1,1,0,0,0,0
"POINT (8.373663049000072 49.063694520000070)",Unfall 155478 (2018) Kat:3, Licht: 0,155478,3,6,4,07,10,4,0,0,0,1,0,0,1,0
"POINT (8.337358285000050 48.998152412000081)",Unfall 155482 (2018) Kat:3, Licht: 0,155482,3,3,5,07,07,4,0,0,0,1,0,0,0,0
"POINT (8.390638980000063 48.999733650000053)",Unfall 155483 (2018) Kat:3, Licht: 0,155483,3,3,5,07,18,4,0,0,1,1,0,0,0,0
"POINT (8.370283187000041 49.030542484000080)",Unfall 155506 (2018) Kat:3, Licht: 0,155506,3,2,4,07,16,6,0,0,0,1,0,1,0,0
"POINT (8.370198124000069 49.030546207000043)",Unfall 155507 (2018) Kat:3, Licht: 0,155507,3,7,0,07,18,6,0,0,1,0,0,0,0,0
"POINT (8.387671534000049 49.007618868000066)",Unfall 155509 (2018) Kat:3, Licht: 0,155509,3,6,2,07,12,6,1,0,1,1,0,0,0,0
"POINT (8.400737837000065 49.010902933000068)",Unfall 155534 (2018) Kat:3, Licht: 0,155534,3,3,0,07,16,6,0,0,1,0,0,0,0,0
"POINT (8.431422679000036 48.993287976000033)",Unfall 155551 (2018) Kat:3, Licht: 0,155551,3,7,5,07,18,4,0,0,1,1,0,0,0,0
"POINT (8.442460181000058 49.032203191000065)",Unfall 155575 (2018) Kat:3, Licht: 0,155575,3,7,6,07,18,6,0,0,1,0,1,0,0,0
"POINT (8.428445532000069 49.013376738000034)",Unfall 155598 (2018) Kat:2, Licht: 0,155598,2,3,5,07,11,3,0,0,1,1,0,0,0,0
"POINT (8.387566142000026 49.010541277000073)",Unfall 155601 (2018) Kat:3, Licht: 0,155601,3,2,2,07,09,3,0,0,1,0,0,1,0,0
"POINT (8.373271333000048 48.982467074000056)",Unfall 155624 (2018) Kat:3, Licht: 0,155624,3,2,5,07,18,3,0,0,1,1,0,0,0,0
"POINT (8.347523778000038 49.029109482000081)",Unfall 155708 (2018) Kat:3, Licht: 0,155708,3,3,5,07,11,5,0,0,1,1,0,0,0,0
"POINT (8.354584802000034 49.009872003000055)",Unfall 155732 (2018) Kat:3, Licht: 0,155732,3,2,5,07,12,5,0,0,1,1,0,0,0,0
"POINT (8.380524838000042 48.996312884000076)",Unfall 155734 (2018) Kat:3, Licht: 0,155734,3,3,5,07,07,5,0,0,0,1,0,0,0,0
"POINT (8.424766566000074 49.011918588000071)",Unfall 155735 (2018) Kat:3, Licht: 0,155735,3,1,0,07,17,5,0,0,1,0,0,0,0,0
"POINT (8.365272122000022 49.014385874000027)",Unfall 155738 (2018) Kat:3, Licht: 0,155738,3,4,6,07,18,2,0,0,0,1,1,0,0,0
"POINT (8.365843645000041 49.004023248000067)",Unfall 155739 (2018) Kat:3, Licht: 0,155739,3,2,0,07,06,2,0,0,1,0,0,0,1,0
"POINT (8.416103529000054 49.008389034000061)",Unfall 155844 (2018) Kat:3, Licht: 0,155844,3,1,0,07,09,1,0,0,1,0,0,0,0,0
"POINT (8.392707582000071 49.014502963000041)",Unfall 155853 (2018) Kat:3, Licht: 0,155853,3,2,5,07,17,4,0,0,1,1,0,0,0,0
"POINT (8.370177953000052 49.064085951000038)",Unfall 155859 (2018) Kat:3, Licht: 0,155859,3,7,8,07,15,1,0,0,1,0,0,0,0,0
"POINT (8.391645242000038 49.011231523000049)",Unfall 155862 (2018) Kat:3, Licht: 0,155862,3,7,1,07,15,1,0,0,0,1,0,1,0,0
"POINT (8.330429976000062 49.005587057000071)",Unfall 155925 (2018) Kat:2, Licht: 0,155925,2,3,5,07,20,3,0,0,0,1,0,1,0,0
"POINT (8.323776088000045 49.008669744000031)",Unfall 155927 (2018) Kat:3, Licht: 0,155927,3,3,5,07,07,3,0,0,1,1,0,0,0,0
"POINT (8.421726139000043 49.017797023000071)",Unfall 155929 (2018) Kat:2, Licht: 0,155929,2,3,5,07,06,3,0,0,1,0,0,0,0,0
"POINT (8.450598547000027 49.009891784000047)",Unfall 155932 (2018) Kat:3, Licht: 0,155932,3,3,5,07,09,3,0,0,0,1,0,1,0,0
"POINT (8.381303603000049 49.003490251000073)",Unfall 155943 (2018) Kat:2, Licht: 0,155943,2,3,5,07,15,7,0,0,1,0,0,0,0,0
"POINT (8.457681751000052 48.977516842000057)",Unfall 155950 (2018) Kat:3, Licht: 0,155950,3,6,2,07,18,3,0,0,0,1,0,0,0,0
"POINT (8.397851346000039 48.984320550000064)",Unfall 155969 (2018) Kat:3, Licht: 0,155969,3,7,1,07,17,7,0,0,1,1,0,0,0,0
"POINT (8.390846850000060 49.029837796000038)",Unfall 155970 (2018) Kat:3, Licht: 0,155970,3,7,0,07,17,7,0,0,1,0,0,0,0,0
"POINT (8.424818087000062 49.011938183000041)",Unfall 156024 (2018) Kat:3, Licht: 0,156024,3,3,5,07,17,2,0,0,1,1,0,0,0,0
"POINT (8.435578497000051 49.015484145000073)",Unfall 156027 (2018) Kat:3, Licht: 0,156027,3,3,5,07,16,2,0,0,1,0,0,0,0,1
"POINT (8.385954175000052 49.013745485000072)",Unfall 156053 (2018) Kat:3, Licht: 0,156053,3,3,5,07,19,2,0,0,1,0,0,0,0,0
"POINT (8.349103624000065 49.034617943000057)",Unfall 156054 (2018) Kat:2, Licht: 0,156054,2,7,5,07,16,6,0,0,1,1,0,0,0,0
"POINT (8.409975365000037 49.009186057000079)",Unfall 156056 (2018) Kat:2, Licht: 0,156056,2,3,0,07,09,6,0,0,1,0,0,1,0,0
"POINT (8.379728817000057 49.010289292000039)",Unfall 156061 (2018) Kat:2, Licht: 0,156061,2,1,0,07,08,6,0,0,1,0,0,0,0,0
"POINT (8.377441497000064 49.005783175000033)",Unfall 156154 (2018) Kat:3, Licht: 0,156154,3,6,2,07,16,2,0,0,0,1,0,0,0,0
"POINT (8.384437693000052 49.047513423000055)",Unfall 156157 (2018) Kat:2, Licht: 0,156157,2,3,5,07,20,2,0,0,1,1,0,0,0,0
"POINT (8.374571703000072 49.010837071000026)",Unfall 156206 (2018) Kat:3, Licht: 0,156206,3,6,2,07,17,5,0,0,1,1,0,0,0,0
"POINT (8.381800543000054 48.998887508000053)",Unfall 156218 (2018) Kat:3, Licht: 0,156218,3,3,5,07,11,5,0,0,1,1,0,0,0,0
"POINT (8.401515208000035 49.007555798000055)",Unfall 156219 (2018) Kat:3, Licht: 0,156219,3,2,5,07,19,5,0,0,1,1,0,0,0,0
"POINT (8.402204814000072 48.985793704000059)",Unfall 156254 (2018) Kat:2, Licht: 0,156254,2,5,1,07,18,1,1,0,1,1,0,0,0,0
"POINT (8.394607114000053 48.987893274000044)",Unfall 156281 (2018) Kat:2, Licht: 0,156281,2,1,0,07,12,7,0,0,1,0,0,0,0,0
"POINT (8.413091602000065 49.001830576000032)",Unfall 156283 (2018) Kat:3, Licht: 0,156283,3,4,6,07,17,7,1,0,0,1,1,0,0,0
"POINT (8.443961789000070 49.008673368000075)",Unfall 156302 (2018) Kat:3, Licht: 0,156302,3,7,1,07,15,7,0,0,0,1,0,1,0,0
"POINT (8.432758351000075 49.014499842000077)",Unfall 156340 (2018) Kat:3, Licht: 0,156340,3,7,2,07,08,5,0,0,0,0,0,1,1,0
"POINT (8.406369634000043 48.972373900000036)",Unfall 156342 (2018) Kat:3, Licht: 0,156342,3,7,2,07,17,5,0,0,0,1,0,1,0,0
"POINT (8.384932049000042 49.029800850000072)",Unfall 156364 (2018) Kat:3, Licht: 0,156364,3,3,5,07,20,5,0,0,0,1,0,1,0,0
"POINT (8.493718252000065 49.007512474000066)",Unfall 156367 (2018) Kat:3, Licht: 0,156367,3,4,6,07,16,5,0,0,1,0,1,0,0,0
"POINT (8.450614656000028 49.009881853000081)",Unfall 156368 (2018) Kat:3, Licht: 0,156368,3,2,5,07,08,5,0,0,1,1,0,0,0,0
"POINT (8.427081456000053 49.011143975000039)",Unfall 156482 (2018) Kat:3, Licht: 0,156482,3,2,5,07,07,6,0,0,1,1,0,0,0,0
"POINT (8.356559768000068 49.027869129000067)",Unfall 156508 (2018) Kat:3, Licht: 0,156508,3,5,1,07,10,6,0,0,0,1,0,0,0,0
"POINT (8.391900806000024 49.006776241000068)",Unfall 156510 (2018) Kat:3, Licht: 0,156510,3,2,0,07,19,6,0,0,1,0,0,1,0,0
"POINT (8.423753240000053 49.002111634000073)",Unfall 156580 (2018) Kat:3, Licht: 0,156580,3,3,5,07,18,3,0,0,1,1,0,0,0,0
"POINT (8.414502840000068 49.003159418000052)",Unfall 156582 (2018) Kat:3, Licht: 0,156582,3,7,1,07,08,3,0,0,0,1,0,0,0,0
"POINT (8.385906082000076 49.014795198000058)",Unfall 156585 (2018) Kat:3, Licht: 0,156585,3,2,5,07,16,3,0,0,1,1,0,0,0,0
"POINT (8.448481578000042 49.019654472000070)",Unfall 156587 (2018) Kat:2, Licht: 0,156587,2,7,0,07,07,3,0,0,1,0,0,0,0,0
"POINT (8.420462191000070 49.023056972000063)",Unfall 156630 (2018) Kat:3, Licht: 0,156630,3,6,6,08,12,7,0,0,1,0,1,0,0,0
"POINT (8.395134111000061 49.009999476000075)",Unfall 156712 (2018) Kat:2, Licht: 2,156712,2,7,0,07,23,3,0,2,1,0,0,0,0,0
"POINT (8.335554675000026 48.992982274000042)",Unfall 156714 (2018) Kat:3, Licht: 0,156714,3,7,0,07,18,3,0,0,0,0,0,0,0,1
"POINT (8.423539927000036 49.011385104000055)",Unfall 156728 (2018) Kat:3, Licht: 0,156728,3,2,5,08,16,6,0,0,1,0,0,0,0,1
"POINT (8.452028911000070 48.995825933000049)",Unfall 156731 (2018) Kat:3, Licht: 0,156731,3,6,2,08,12,6,0,0,0,1,0,0,0,0
"POINT (8.394906848000062 49.008533072000034)",Unfall 156733 (2018) Kat:2, Licht: 2,156733,2,1,0,07,23,3,0,2,1,0,0,0,0,0
"POINT (8.389166683000042 49.010696501000041)",Unfall 156736 (2018) Kat:3, Licht: 0,156736,3,4,6,07,13,3,0,0,0,0,1,0,0,1
"POINT (8.383767219000049 49.010456420000025)",Unfall 156810 (2018) Kat:2, Licht: 0,156810,2,4,6,08,18,5,0,0,1,0,1,0,0,0
"POINT (8.410515098000076 49.005433324000080)",Unfall 156813 (2018) Kat:3, Licht: 0,156813,3,7,0,08,09,5,0,0,0,0,0,0,0,1
"POINT (8.393024774000025 48.985972113000059)",Unfall 156815 (2018) Kat:2, Licht: 0,156815,2,5,1,08,09,5,0,0,0,1,0,1,0,0
"POINT (8.435586939000075 49.015487640000060)",Unfall 156823 (2018) Kat:3, Licht: 2,156823,3,3,5,07,21,2,0,2,1,1,0,0,0,0
"POINT (8.461367241000062 48.992992424000079)",Unfall 156827 (2018) Kat:3, Licht: 0,156827,3,3,0,07,13,2,0,0,1,1,0,0,0,0
"POINT (8.420288704000029 49.010217611000030)",Unfall 156838 (2018) Kat:3, Licht: 0,156838,3,7,0,08,19,5,0,0,1,0,0,0,0,0
"POINT (8.407061998000074 48.974048833000040)",Unfall 156849 (2018) Kat:2, Licht: 0,156849,2,3,5,07,16,2,0,0,1,0,0,0,0,0
"POINT (8.390067475000024 49.002002043000061)",Unfall 156911 (2018) Kat:3, Licht: 0,156911,3,6,2,08,07,4,0,0,1,1,0,0,0,0
"POINT (8.458229999000025 49.029084437000051)",Unfall 156921 (2018) Kat:3, Licht: 0,156921,3,3,5,08,16,4,0,0,0,1,0,0,0,0
"POINT (8.375555763000023 49.019077101000050)",Unfall 156943 (2018) Kat:3, Licht: 0,156943,3,3,0,08,14,6,0,0,1,1,0,0,0,0
"POINT (8.403278058000069 48.996291633000055)",Unfall 156996 (2018) Kat:3, Licht: 0,156996,3,5,1,08,15,3,0,0,1,1,0,0,0,0
"POINT (8.362295107000023 48.998782708000078)",Unfall 156998 (2018) Kat:2, Licht: 0,156998,2,5,1,08,16,3,0,0,0,0,0,1,1,0
"POINT (8.384850282000059 49.020382065000035)",Unfall 157047 (2018) Kat:2, Licht: 0,157047,2,3,5,08,19,2,0,0,0,1,0,0,0,1
"POINT (8.349235414000077 48.999382632000049)",Unfall 157054 (2018) Kat:3, Licht: 0,157054,3,3,5,08,15,5,0,0,1,0,0,0,0,0
"POINT (8.348047426000051 49.015086430000053)",Unfall 157060 (2018) Kat:3, Licht: 0,157060,3,6,2,08,10,2,0,0,0,1,0,0,0,0
"POINT (8.364803127000073 49.019846155000039)",Unfall 157061 (2018) Kat:3, Licht: 0,157061,3,1,0,08,13,5,0,0,1,0,0,0,0,0
"POINT (8.447135550000041 49.026186565000046)",Unfall 157093 (2018) Kat:3, Licht: 0,157093,3,7,0,08,10,7,0,0,1,0,0,0,0,0
"POINT (8.395899726000039 49.012176511000064)",Unfall 157122 (2018) Kat:3, Licht: 0,157122,3,3,5,08,16,2,0,0,1,1,0,0,0,0
"POINT (8.385967436000044 49.026630836000038)",Unfall 157150 (2018) Kat:3, Licht: 1,157150,3,3,5,08,05,3,0,1,0,1,0,1,0,0
"POINT (8.353383918000077 49.001700458000073)",Unfall 157152 (2018) Kat:3, Licht: 1,157152,3,3,5,08,05,4,0,1,1,0,0,1,0,0
"POINT (8.431523906000052 48.996910108000066)",Unfall 157191 (2018) Kat:3, Licht: 1,157191,3,3,5,08,21,3,0,1,1,1,0,0,0,0
"POINT (8.346143186000063 49.016094025000029)",Unfall 157236 (2018) Kat:3, Licht: 2,157236,3,1,8,08,21,1,0,2,0,0,0,1,0,0
"POINT (8.389783784000031 49.044798888000059)",Unfall 157238 (2018) Kat:3, Licht: 0,157238,3,3,5,08,09,6,0,0,0,1,0,1,0,0
"POINT (8.356391737000024 49.027541952000036)",Unfall 157240 (2018) Kat:3, Licht: 0,157240,3,5,1,08,18,1,0,0,0,1,0,0,0,0
"POINT (8.500166996000075 49.003387935000035)",Unfall 157241 (2018) Kat:3, Licht: 0,157241,3,5,1,08,07,6,0,0,0,1,0,0,0,0
"POINT (8.389062177000028 49.032659420000073)",Unfall 157244 (2018) Kat:2, Licht: 0,157244,2,2,5,08,15,1,0,0,0,1,0,1,0,0
"POINT (8.390395948000048 48.982129704000045)",Unfall 157287 (2018) Kat:3, Licht: 0,157287,3,3,5,08,08,3,0,0,1,1,0,0,0,0
"POINT (8.389812047000021 49.037490809000076)",Unfall 157289 (2018) Kat:3, Licht: 2,157289,3,7,8,08,21,2,0,2,0,1,0,0,0,0
"POINT (8.374754622000069 48.978892018000067)",Unfall 157297 (2018) Kat:3, Licht: 2,157297,3,6,4,08,22,4,0,2,1,0,0,0,0,0
"POINT (8.386975982000024 49.004354587000080)",Unfall 157314 (2018) Kat:3, Licht: 0,157314,3,7,0,08,18,3,0,0,1,0,0,0,0,0
"POINT (8.382408358000021 49.010705832000042)",Unfall 157317 (2018) Kat:2, Licht: 0,157317,2,3,5,08,17,5,0,0,1,1,0,0,0,0
"POINT (8.394481967000047 49.005898181000077)",Unfall 157320 (2018) Kat:3, Licht: 1,157320,3,3,5,08,06,5,0,1,1,0,0,0,0,0
"POINT (8.400949684000068 49.010876397000061)",Unfall 157322 (2018) Kat:3, Licht: 0,157322,3,5,1,08,16,5,0,0,1,1,0,0,0,0
"POINT (8.463796925000054 49.018761665000056)",Unfall 157337 (2018) Kat:3, Licht: 0,157337,3,6,2,08,09,5,0,0,0,1,0,0,0,0
"POINT (8.381528875000072 49.008284966000076)",Unfall 157339 (2018) Kat:3, Licht: 1,157339,3,4,6,08,21,5,0,1,1,0,1,0,0,0
"POINT (8.383594217000052 49.010651662000043)",Unfall 157340 (2018) Kat:3, Licht: 0,157340,3,3,5,08,15,5,0,0,1,1,0,0,0,0
"POINT (8.457527589000051 49.019457490000036)",Unfall 157391 (2018) Kat:3, Licht: 0,157391,3,6,2,08,14,4,0,0,0,1,0,0,0,0
"POINT (8.403988426000069 49.010149233000050)",Unfall 157392 (2018) Kat:3, Licht: 1,157392,3,7,0,08,20,4,0,1,1,0,0,0,0,0
"POINT (8.379301041000076 49.010621565000065)",Unfall 157393 (2018) Kat:3, Licht: 0,157393,3,3,5,08,15,4,0,0,1,0,0,0,0,0
"POINT (8.387543025000070 49.016969834000065)",Unfall 157394 (2018) Kat:3, Licht: 0,157394,3,3,5,08,12,4,0,0,1,0,0,0,0,0
"POINT (8.418265492000046 49.013359710000032)",Unfall 157447 (2018) Kat:3, Licht: 0,157447,3,6,2,08,14,3,0,0,0,1,0,0,0,1
"POINT (8.397937682000077 49.002538291000064)",Unfall 157448 (2018) Kat:3, Licht: 0,157448,3,5,1,08,07,3,0,0,1,1,0,0,0,0