WKT,Name,OBJECTID,UKATEGORIE,UTYP1,UART,UMONAT,USTUNDE,UWOCHENTAG,STRZUSTAND,ULICHTVERH,ISTRAD,ISTPKW,ISTFUSS,ISTKRAD,ISTGKFZ,ISTSONSTIG
"POINT (8.376321079000036 49.009308479000026)",Unfall 160827 (2018) Kat:3, Licht: 0,160827,3,4,6,11,09,7,0,0,0,1,1,0,0,0
"POINT (8.396599630000026 49.002246989000071)",Unfall 160828 (2018) Kat:3, Licht: 2,160828,3,5,1,11,18,7,0,2,1,1,0,0,0,0
"POINT (8.416223194000054 49.008904185000063)",Unfall 160865 (2018) Kat:3, Licht: 1,160865,3,6,4,11,16,3,0,1,1,0,0,0,0,0
"POINT (8.376931325000044 49.048342418000061)",Unfall 160868 (2018) Kat:3, Licht: 0,160868,3,3,5,11,12,3,0,0,1,1,0,0,0,0
"POINT (8.379305805000058 49.014975430000050)",Unfall 160889 (2018) Kat:3, Licht: 0,160889,3,2,5,11,09,6,0,0,0,1,0,1,0,0
"POINT (8.401838877000046 48.994663627000079)",Unfall 160891 (2018) Kat:3, Licht: 0,160891,3,3,5,11,15,6,0,0,1,1,0,0,0,0
"POINT (8.392941096000072 49.007328419000032)",Unfall 160892 (2018) Kat:3, Licht: 1,160892,3,5,1,11,17,6,0,1,1,1,0,0,0,0
"POINT (8.382151303000057 49.010528084000043)",Unfall 160893 (2018) Kat:3, Licht: 0,160893,3,6,2,11,12,6,0,0,0,1,0,0,0,0
"POINT (8.395137329000022 49.009999334000042)",Unfall 160894 (2018) Kat:3, Licht: 2,160894,3,7,6,11,22,6,0,2,1,0,1,0,0,0
"POINT (8.341297041000075 49.030975241000078)",Unfall 160895 (2018) Kat:3, Licht: 1,160895,3,2,5,11,07,3,1,1,1,1,0,0,0,0
"POINT (8.468549433000021 49.008446129000049)",Unfall 160898 (2018) Kat:3, Licht: 2,160898,3,6,2,11,20,3,0,2,1,1,0,0,0,0
"POINT (8.409859391000055 48.972423738000032)",Unfall 160973 (2018) Kat:2, Licht: 0,160973,2,5,0,11,13,2,0,0,0,1,0,0,0,0
"POINT (8.380797974000075 48.998914015000025)",Unfall 160986 (2018) Kat:2, Licht: 0,160986,2,2,0,11,07,2,0,0,1,0,0,0,0,0
"POINT (8.370337804000030 49.009994303000042)",Unfall 161031 (2018) Kat:3, Licht: 0,161031,3,3,5,11,19,5,0,0,1,1,0,0,0,0
"POINT (8.374999105000029 49.014990033000061)",Unfall 161032 (2018) Kat:3, Licht: 0,161032,3,5,1,11,09,5,0,0,1,1,0,0,0,0
"POINT (8.444293163000054 49.005598410000061)",Unfall 161048 (2018) Kat:3, Licht: 2,161048,3,2,5,11,06,2,0,2,1,1,0,0,0,0
"POINT (8.407594932000052 49.004165518000036)",Unfall 161079 (2018) Kat:3, Licht: 0,161079,3,7,0,11,14,2,1,0,1,0,0,0,0,0
"POINT (8.397939887000064 49.002351314000066)",Unfall 161081 (2018) Kat:3, Licht: 1,161081,3,3,5,11,16,2,1,1,1,1,0,0,0,0
"POINT (8.405979028000047 49.003993982000054)",Unfall 161082 (2018) Kat:3, Licht: 0,161082,3,5,1,11,11,2,0,0,1,1,0,0,0,0
"POINT (8.368364746000054 49.005865365000034)",Unfall 161109 (2018) Kat:3, Licht: 2,161109,3,3,5,11,22,4,0,2,0,1,0,0,0,0
"POINT (8.405848805000062 48.992761198000039)",Unfall 161110 (2018) Kat:3, Licht: 0,161110,3,2,5,11,08,4,0,0,1,0,0,0,0,1
"POINT (8.425246288000039 49.007515242000068)",Unfall 161126 (2018) Kat:2, Licht: 2,161126,2,4,6,11,20,1,0,2,0,0,1,0,0,1
"POINT (8.377021562000039 49.010733721000065)",Unfall 161155 (2018) Kat:3, Licht: 0,161155,3,3,5,11,12,7,1,0,1,1,0,0,0,0
"POINT (8.462719971000070 49.000348456000040)",Unfall 161157 (2018) Kat:3, Licht: 0,161157,3,5,6,11,12,3,0,0,0,0,1,0,0,1
"POINT (8.394531995000023 49.005767779000053)",Unfall 161207 (2018) Kat:3, Licht: 0,161207,3,7,0,11,16,6,0,0,1,0,0,0,0,0
"POINT (8.375228505000052 49.049532898000052)",Unfall 161224 (2018) Kat:3, Licht: 0,161224,3,3,5,11,14,6,0,0,0,1,0,0,0,0
"POINT (8.374636498000029 49.027765270000032)",Unfall 161225 (2018) Kat:3, Licht: 0,161225,3,3,5,11,13,6,0,0,1,1,0,0,0,0
"POINT (8.377149656000029 49.008584214000052)",Unfall 161238 (2018) Kat:3, Licht: 0,161238,3,3,5,11,08,2,0,0,1,0,0,0,0,0
"POINT (8.395072452000022 49.010101360000078)",Unfall 161240 (2018) Kat:2, Licht: 0,161240,2,6,3,11,08,2,0,0,1,1,0,0,0,0
"POINT (8.384629181000037 49.018553228000030)",Unfall 161242 (2018) Kat:3, Licht: 0,161242,3,6,3,11,16,2,0,0,1,0,0,0,0,0
"POINT (8.403594634000058 49.006750944000032)",Unfall 161245 (2018) Kat:3, Licht: 0,161245,3,6,2,11,12,2,0,0,1,1,0,0,0,0
"POINT (8.447410490000038 48.986753121000049)",Unfall 161247 (2018) Kat:2, Licht: 2,161247,2,6,2,11,06,2,0,2,0,1,0,0,0,0
"POINT (8.399006112000052 48.998330842000030)",Unfall 161310 (2018) Kat:3, Licht: 2,161310,3,4,6,12,17,2,1,2,1,0,1,0,0,0
"POINT (8.386079688000052 49.008003003000056)",Unfall 161312 (2018) Kat:3, Licht: 2,161312,3,7,8,12,19,2,1,2,1,0,0,0,0,0
"POINT (8.364219681000066 49.018981126000028)",Unfall 161336 (2018) Kat:3, Licht: 1,161336,3,3,5,11,16,5,0,1,0,1,0,0,0,0
"POINT (8.397269980000033 49.008894844000054)",Unfall 161339 (2018) Kat:3, Licht: 0,161339,3,6,6,11,12,5,0,0,0,1,1,0,0,0
"POINT (8.364944562000062 49.030740800000046)",Unfall 161341 (2018) Kat:3, Licht: 1,161341,3,2,5,11,16,5,0,1,1,1,0,0,0,0
"POINT (8.374908860000062 49.011046109000063)",Unfall 161421 (2018) Kat:3, Licht: 2,161421,3,2,2,11,18,4,0,2,0,1,0,0,0,0
"POINT (8.426122596000027 49.007352356000069)",Unfall 161493 (2018) Kat:3, Licht: 0,161493,3,5,1,11,09,3,0,0,1,1,0,0,0,0
"POINT (8.400153753000041 49.057073154000079)",Unfall 161513 (2018) Kat:2, Licht: 2,161513,2,5,1,11,17,6,1,2,0,1,0,0,0,0
"POINT (8.389748032000057 49.009600080000041)",Unfall 161516 (2018) Kat:3, Licht: 0,161516,3,3,5,12,11,2,1,0,0,1,0,0,0,0
"POINT (8.459535989000074 48.996257482000033)",Unfall 161580 (2018) Kat:3, Licht: 0,161580,3,3,5,12,14,7,1,0,0,1,0,0,0,0
"POINT (8.430855751000024 49.006468378000079)",Unfall 161590 (2018) Kat:3, Licht: 2,161590,3,2,6,12,17,6,1,2,0,1,1,0,0,0
"POINT (8.374675304000050 49.011631843000032)",Unfall 161592 (2018) Kat:3, Licht: 0,161592,3,6,2,12,07,2,1,0,0,1,0,1,0,0
"POINT (8.398069451000026 49.023678965000045)",Unfall 161641 (2018) Kat:3, Licht: 2,161641,3,6,2,12,17,2,0,2,0,1,0,0,0,0
"POINT (8.385910632000048 49.014775728000075)",Unfall 161642 (2018) Kat:3, Licht: 2,161642,3,2,5,12,21,5,1,2,1,1,0,0,0,0
"POINT (8.425240449000057 49.007516326000029)",Unfall 161643 (2018) Kat:3, Licht: 0,161643,3,6,2,12,13,5,1,0,0,1,0,0,0,0
"POINT (8.414920928000072 49.020585141000026)",Unfall 161652 (2018) Kat:3, Licht: 2,161652,3,3,0,12,19,5,1,2,1,1,0,0,0,0
"POINT (8.418279598000027 49.013497705000077)",Unfall 161653 (2018) Kat:3, Licht: 2,161653,3,2,5,12,17,5,1,2,1,0,0,0,0,0
"POINT (8.425812715000063 49.003779318000056)",Unfall 161654 (2018) Kat:3, Licht: 2,161654,3,6,6,12,23,5,0,2,0,1,1,0,0,0
"POINT (8.458907361000058 48.997157468000069)",Unfall 161703 (2018) Kat:2, Licht: 2,161703,2,3,5,12,19,4,0,2,1,1,0,0,0,0
"POINT (8.342073016000029 49.033120755000027)",Unfall 161725 (2018) Kat:3, Licht: 1,161725,3,3,5,12,16,4,0,1,0,1,0,0,0,1
"POINT (8.408362186000034 48.997274365000067)",Unfall 161751 (2018) Kat:3, Licht: 0,161751,3,2,5,12,12,2,0,0,1,0,0,0,0,1
"POINT (8.403706097000054 49.006795891000081)",Unfall 161765 (2018) Kat:3, Licht: 2,161765,3,3,0,12,06,3,0,2,1,0,0,0,0,1
"POINT (8.364898170000060 49.032786879000071)",Unfall 161767 (2018) Kat:3, Licht: 0,161767,3,3,5,12,15,3,0,0,1,1,0,0,0,0
"POINT (8.390266648000022 48.994971179000061)",Unfall 161784 (2018) Kat:2, Licht: 2,161784,2,3,5,12,20,3,0,2,1,1,0,0,0,0
"POINT (8.390797048000025 49.009237036000059)",Unfall 161818 (2018) Kat:2, Licht: 2,161818,2,5,0,12,00,1,1,2,1,1,0,0,0,0
"POINT (8.410237032000055 49.005732056000056)",Unfall 161824 (2018) Kat:3, Licht: 2,161824,3,7,0,12,02,7,0,2,1,0,0,0,0,0
"POINT (8.351680573000067 49.004482938000081)",Unfall 161866 (2018) Kat:3, Licht: 0,161866,3,5,1,12,13,6,0,0,0,1,0,0,0,0
"POINT (8.394660463000037 49.006813300000033)",Unfall 161868 (2018) Kat:3, Licht: 0,161868,3,5,1,12,09,6,0,0,1,1,0,0,0,0
"POINT (8.371038657000042 49.017825772000037)",Unfall 161871 (2018) Kat:3, Licht: 0,161871,3,7,6,12,09,2,0,0,0,0,1,0,1,0
"POINT (8.410494372000073 49.000961822000079)",Unfall 161876 (2018) Kat:3, Licht: 1,161876,3,4,6,12,16,2,1,1,0,1,1,0,0,0
"POINT (8.467645105000031 48.999644225000054)",Unfall 161879 (2018) Kat:3, Licht: 0,161879,3,7,6,12,12,2,1,0,0,1,1,0,0,0
"POINT (8.424299864000034 49.005533883000055)",Unfall 161881 (2018) Kat:3, Licht: 2,161881,3,5,1,12,17,2,1,2,0,1,0,0,0,0
"POINT (8.393380583000067 49.034443232000058)",Unfall 161882 (2018) Kat:2, Licht: 2,161882,2,3,5,12,19,6,0,2,1,1,0,0,0,0
"POINT (8.400075726000068 49.008002036000050)",Unfall 161915 (2018) Kat:3, Licht: 0,161915,3,1,0,12,08,3,2,0,1,0,0,0,0,0
"POINT (8.417707106000023 49.008771986000056)",Unfall 161918 (2018) Kat:3, Licht: 0,161918,3,2,6,12,12,5,0,0,0,1,1,0,0,0
"POINT (8.506596607000063 49.005020562000027)",Unfall 161920 (2018) Kat:3, Licht: 0,161920,3,7,0,12,16,5,0,0,0,1,0,0,0,0
"POINT (8.462642736000021 49.001641323000058)",Unfall 161941 (2018) Kat:3, Licht: 1,161941,3,7,5,12,07,5,0,1,1,1,0,0,0,0
"POINT (8.408268828000075 49.011057378000032)",Unfall 161981 (2018) Kat:3, Licht: 2,161981,3,1,0,12,19,4,0,2,1,0,0,0,0,0
"POINT (8.413298551000025 49.021679840000047)",Unfall 161983 (2018) Kat:3, Licht: 2,161983,3,2,5,12,18,4,0,2,1,1,0,0,0,0
"POINT (8.418967873000042 49.008757249000041)",Unfall 162048 (2018) Kat:3, Licht: 0,162048,3,3,3,12,12,7,0,0,1,0,0,0,0,1
"POINT (8.383401972000058 49.004402140000082)",Unfall 162049 (2018) Kat:3, Licht: 2,162049,3,3,5,12,22,3,1,2,1,1,0,0,0,0
"POINT (8.359059703000071 49.010407310000062)",Unfall 162050 (2018) Kat:3, Licht: 2,162050,3,6,2,12,17,3,0,2,0,1,0,0,0,0
"POINT (8.470203510000033 48.996760426000037)",Unfall 162052 (2018) Kat:3, Licht: 0,162052,3,7,0,12,12,3,0,0,1,0,0,0,0,0
"POINT (8.444193694000035 49.007614492000073)",Unfall 162053 (2018) Kat:3, Licht: 0,162053,3,1,0,12,14,7,0,0,0,0,0,1,0,0
"POINT (8.439271774000076 49.007833886000071)",Unfall 162120 (2018) Kat:3, Licht: 0,162120,3,3,5,12,12,5,1,0,0,1,0,0,0,0
"POINT (8.375590231000047 49.019070856000042)",Unfall 162124 (2018) Kat:3, Licht: 1,162124,3,2,5,12,08,4,1,1,1,1,0,0,0,0
"POINT (8.375836414000048 49.010786967000058)",Unfall 162152 (2018) Kat:3, Licht: 0,162152,3,7,6,12,10,4,1,0,1,0,1,0,0,0
"POINT (8.443198901000073 49.017191583000056)",Unfall 162156 (2018) Kat:3, Licht: 2,162156,3,3,5,12,07,4,1,2,1,1,0,0,0,0
"POINT (8.356343406000065 48.985238705000029)",Unfall 162169 (2018) Kat:3, Licht: 0,162169,3,1,9,12,14,5,0,0,0,0,0,1,0,0
"POINT (8.395258042000023 49.010854124000048)",Unfall 162171 (2018) Kat:2, Licht: 0,162171,2,2,6,12,16,5,0,0,0,0,1,0,1,0
"POINT (8.409808399000042 49.009349035000071)",Unfall 162244 (2018) Kat:3, Licht: 0,162244,3,7,6,12,15,5,1,0,0,0,1,0,0,1
"POINT (8.411638615000072 49.008576793000032)",Unfall 162262 (2018) Kat:2, Licht: 2,162262,2,1,7,12,03,7,1,2,1,0,0,0,0,0
"POINT (8.397529358000043 49.002299240000070)",Unfall 162274 (2018) Kat:3, Licht: 0,162274,3,1,0,12,12,7,1,0,1,0,0,0,0,0
"POINT (8.409822787000053 49.009348603000035)",Unfall 162314 (2018) Kat:3, Licht: 2,162314,3,3,0,12,17,6,1,2,1,0,0,0,0,1
"POINT (8.332869274000075 48.995584052000027)",Unfall 162315 (2018) Kat:2, Licht: 0,162315,2,2,5,12,08,3,1,0,1,1,0,0,0,0
"POINT (8.360135586000070 49.011132402000044)",Unfall 162572 (2018) Kat:2, Licht: 0,162572,2,4,6,12,13,7,0,0,0,1,1,0,0,0
"POINT (8.363843333000034 48.987260186000071)",Unfall 162581 (2018) Kat:3, Licht: 2,162581,3,1,7,12,07,7,0,2,0,0,0,1,0,0
"POINT (8.495810300000073 49.016382434000036)",Unfall 21857 (2019) Kat:2, Licht: 0,21857,2,6,4,01,13,5,1,0,0,1,0,0,0,0
"POINT (8.412041014000067 49.005821120000064)",Unfall 21871 (2019) Kat:3, Licht: 2,21871,3,3,5,01,18,5,1,2,1,1,0,0,0,0
"POINT (8.395612986000060 49.029400227000053)",Unfall 22023 (2019) Kat:3, Licht: 1,22023,3,6,2,01,16,3,1,1,0,1,0,0,0,0
"POINT (8.387641246000044 49.012030699000036)",Unfall 22073 (2019) Kat:3, Licht: 1,22073,3,6,2,01,16,2,0,1,0,1,0,0,0,0
"POINT (8.373703293000062 49.044369944000039)",Unfall 22074 (2019) Kat:3, Licht: 0,22074,3,4,6,01,07,2,1,0,0,1,1,0,0,0
"POINT (8.395865029000049 49.005408113000044)",Unfall 22085 (2019) Kat:3, Licht: 0,22085,3,5,1,01,14,2,0,0,1,1,0,0,0,0
"POINT (8.395313617000056 49.063511676000076)",Unfall 22119 (2019) Kat:3, Licht: 2,22119,3,1,9,01,02,1,1,2,0,1,0,0,0,0
"POINT (8.386313112000039 49.001055258000065)",Unfall 22128 (2019) Kat:3, Licht: 0,22128,3,3,5,01,09,7,1,0,1,1,0,0,0,0
"POINT (8.451063124000029 49.042406107000033)",Unfall 22136 (2019) Kat:3, Licht: 0,22136,3,2,5,01,15,4,0,0,0,1,0,0,0,0
"POINT (8.394992119000051 49.033192163000081)",Unfall 22146 (2019) Kat:3, Licht: 0,22146,3,6,4,01,07,4,0,0,1,0,0,0,0,0
"POINT (8.370763296000064 48.998835209000049)",Unfall 22147 (2019) Kat:3, Licht: 0,22147,3,6,2,01,12,4,0,0,0,1,0,0,1,0
"POINT (8.440081821000035 48.996369895000043)",Unfall 22196 (2019) Kat:3, Licht: 0,22196,3,6,2,01,08,3,1,0,0,1,0,0,1,0
"POINT (8.345013156000050 49.001654369000050)",Unfall 22208 (2019) Kat:3, Licht: 2,22208,3,6,2,01,17,3,0,2,0,1,0,0,0,0
"POINT (8.449974007000037 49.029822007000064)",Unfall 22295 (2019) Kat:3, Licht: 1,22295,3,5,2,01,17,5,0,1,0,1,0,0,0,0
"POINT (8.445048583000073 48.999512035000066)",Unfall 22482 (2019) Kat:3, Licht: 0,22482,3,6,2,01,12,4,0,0,0,1,0,0,0,0
"POINT (8.437357110000050 48.976428886000065)",Unfall 22548 (2019) Kat:3, Licht: 2,22548,3,6,2,01,18,3,0,2,0,1,0,0,0,0
"POINT (8.356838145000040 49.011577930000044)",Unfall 22610 (2019) Kat:3, Licht: 0,22610,3,6,2,01,15,2,0,0,0,1,0,0,0,0
"POINT (8.464803167000071 49.014646245000051)",Unfall 22615 (2019) Kat:3, Licht: 1,22615,3,6,2,01,07,5,1,1,0,1,0,0,0,0
"POINT (8.424038722000034 49.003469310000071)",Unfall 22663 (2019) Kat:3, Licht: 2,22663,3,7,6,01,01,1,0,2,1,0,1,0,0,0
"POINT (8.460094148000053 48.983003708000069)",Unfall 22695 (2019) Kat:3, Licht: 2,22695,3,4,6,01,03,7,0,2,0,1,1,0,0,0
"POINT (8.402076163000061 48.991727592000075)",Unfall 22730 (2019) Kat:3, Licht: 2,22730,3,3,0,01,20,5,0,2,0,1,0,1,0,0
"POINT (8.402019814000028 49.005555968000067)",Unfall 22831 (2019) Kat:3, Licht: 0,22831,3,3,0,02,14,6,1,0,1,1,0,0,0,0
"POINT (8.481819919000031 48.956074234000027)",Unfall 22857 (2019) Kat:3, Licht: 2,22857,3,6,2,01,06,4,0,2,0,1,0,0,0,0
"POINT (8.429618798000035 48.999345632000029)",Unfall 22859 (2019) Kat:3, Licht: 2,22859,3,6,2,01,17,4,1,2,0,1,0,0,0,0
"POINT (8.362279189000049 49.039133269000047)",Unfall 22875 (2019) Kat:3, Licht: 1,22875,3,6,2,01,07,4,0,1,0,1,0,0,0,0
"POINT (8.464460331000055 49.014313111000035)",Unfall 22943 (2019) Kat:3, Licht: 0,22943,3,6,2,02,15,6,1,0,0,0,0,0,1,1
"POINT (8.342779474000054 48.994584810000049)",Unfall 22984 (2019) Kat:3, Licht: 1,22984,3,1,3,01,07,5,2,1,0,1,0,0,0,0
"POINT (8.397984505000068 49.016070824000053)",Unfall 22990 (2019) Kat:3, Licht: 0,22990,3,3,5,01,16,2,1,0,0,1,0,0,0,1
"POINT (8.356127829000059 48.997428503000037)",Unfall 22996 (2019) Kat:3, Licht: 0,22996,3,2,5,01,12,5,1,0,0,1,0,0,0,0
"POINT (8.436379896000062 48.989778103000049)",Unfall 23081 (2019) Kat:2, Licht: 2,23081,2,1,5,01,17,1,1,2,0,1,0,0,0,0
"POINT (8.463936511000043 48.967360100000064)",Unfall 23132 (2019) Kat:3, Licht: 0,23132,3,6,3,01,13,7,1,0,0,1,0,0,0,0
"POINT (8.384720394000055 49.005468753000059)",Unfall 23134 (2019) Kat:3, Licht: 0,23134,3,3,5,01,14,6,0,0,1,1,0,0,0,0
"POINT (8.410205420000068 49.005904615000077)",Unfall 23177 (2019) Kat:3, Licht: 2,23177,3,2,6,02,22,6,1,2,0,1,1,0,0,0
"POINT (8.345764279000036 49.026029142000027)",Unfall 23197 (2019) Kat:3, Licht: 1,23197,3,3,5,02,08,5,0,1,0,1,0,0,0,0
"POINT (8.453228051000053 49.003020994000053)",Unfall 23199 (2019) Kat:3, Licht: 2,23199,3,6,2,02,06,5,0,2,0,1,0,0,0,1
"POINT (8.440419282000050 49.043439286000080)",Unfall 23315 (2019) Kat:3, Licht: 0,23315,3,6,2,02,14,1,1,0,0,1,0,0,0,0
"POINT (8.412906947000067 49.005926920000036)",Unfall 23365 (2019) Kat:3, Licht: 2,23365,3,6,2,02,18,3,0,2,0,1,0,0,0,0
"POINT (8.393844052000077 48.998693188000061)",Unfall 23366 (2019) Kat:2, Licht: 0,23366,2,7,0,02,11,3,0,0,0,0,0,0,0,1
"POINT (8.427249067000048 49.000137198000061)",Unfall 23449 (2019) Kat:3, Licht: 0,23449,3,6,4,02,16,2,0,0,1,0,0,0,0,0
"POINT (8.362398555000027 49.038994759000047)",Unfall 23456 (2019) Kat:3, Licht: 0,23456,3,6,2,02,14,2,0,0,0,1,0,0,0,1
"POINT (8.349769587000026 48.999547692000078)",Unfall 23465 (2019) Kat:3, Licht: 2,23465,3,3,5,02,06,2,0,2,1,1,0,0,0,0
"POINT (8.387899616000027 49.014670764000073)",Unfall 23534 (2019) Kat:3, Licht: 0,23534,3,2,5,02,13,1,0,0,0,1,0,0,0,0
"POINT (8.444146890000070 48.998715898000057)",Unfall 23648 (2019) Kat:3, Licht: 0,23648,3,6,2,02,14,5,0,0,0,1,0,0,0,0
"POINT (8.484775022000065 49.003602844000056)",Unfall 23675 (2019) Kat:3, Licht: 0,23675,3,3,5,02,17,4,0,0,0,1,0,1,0,0
"POINT (8.493907492000062 49.049498383000071)",Unfall 23689 (2019) Kat:3, Licht: 0,23689,3,6,2,02,15,6,0,0,0,1,0,0,0,0
"POINT (8.466974732000040 48.985383417000037)",Unfall 23691 (2019) Kat:2, Licht: 0,23691,2,6,4,02,15,6,0,0,0,1,0,0,0,0
"POINT (8.448557836000020 49.025709956000071)",Unfall 23693 (2019) Kat:3, Licht: 0,23693,3,3,5,02,07,5,0,0,0,1,0,0,0,0
"POINT (8.362277414000062 49.039129183000057)",Unfall 23708 (2019) Kat:3, Licht: 0,23708,3,6,2,02,11,6,0,0,0,1,0,0,0,0
"POINT (8.370006937000028 48.991600817000062)",Unfall 23710 (2019) Kat:3, Licht: 0,23710,3,1,3,02,10,6,0,0,0,1,0,0,1,0
"POINT (8.447833420000052 48.986053335000065)",Unfall 23740 (2019) Kat:2, Licht: 2,23740,2,4,6,02,21,7,0,2,0,1,1,0,0,0
"POINT (8.443838545000062 48.998742207000078)",Unfall 23769 (2019) Kat:3, Licht: 0,23769,3,6,2,02,15,4,0,0,0,1,0,0,0,0
"POINT (8.426666828000066 49.000862534000078)",Unfall 23817 (2019) Kat:3, Licht: 2,23817,3,3,5,02,05,5,0,2,1,1,0,0,0,0
"POINT (8.352738068000065 49.013870485000041)",Unfall 23895 (2019) Kat:3, Licht: 0,23895,3,6,2,02,11,3,0,0,0,1,0,0,0,0
"POINT (8.346312369000032 49.025476686000047)",Unfall 23932 (2019) Kat:3, Licht: 0,23932,3,6,2,02,07,4,0,0,0,1,0,0,0,0
"POINT (8.465209784000024 48.980180463000067)",Unfall 23962 (2019) Kat:3, Licht: 2,23962,3,6,4,02,18,4,0,2,0,1,0,0,0,0
"POINT (8.395003992000056 49.033117846000039)",Unfall 24019 (2019) Kat:2, Licht: 0,24019,2,2,5,02,14,3,0,0,1,1,0,0,0,0
"POINT (8.350156419000030 49.005618587000072)",Unfall 24052 (2019) Kat:3, Licht: 0,24052,3,2,3,02,14,3,0,0,1,0,0,0,0,1
"POINT (8.374989140000025 48.989551733000042)",Unfall 24154 (2019) Kat:3, Licht: 0,24154,3,6,3,02,12,3,0,0,0,1,0,0,1,0
"POINT (8.358029484000042 49.009947430000068)",Unfall 24161 (2019) Kat:3, Licht: 0,24161,3,2,5,02,17,3,0,0,1,1,0,0,0,0
"POINT (8.452812343000062 49.043085554000072)",Unfall 24183 (2019) Kat:3, Licht: 2,24183,3,2,2,02,05,3,0,2,0,1,0,0,0,0
"POINT (8.453168642000037 49.002310911000052)",Unfall 24187 (2019) Kat:3, Licht: 0,24187,3,6,2,02,16,3,0,0,0,1,0,0,0,0
"POINT (8.436556654000071 48.983286089000046)",Unfall 24259 (2019) Kat:3, Licht: 0,24259,3,6,3,02,17,2,0,0,0,1,0,0,1,0
"POINT (8.448233687000027 49.001683326000034)",Unfall 24261 (2019) Kat:3, Licht: 0,24261,3,6,2,02,16,2,0,0,0,1,0,0,0,0
"POINT (8.428538378000042 48.994450393000079)",Unfall 24272 (2019) Kat:2, Licht: 2,24272,2,6,3,03,05,6,1,2,0,1,0,0,1,0
"POINT (8.368468990000054 48.992370052000069)",Unfall 24274 (2019) Kat:2, Licht: 0,24274,2,3,5,03,08,6,1,0,0,0,0,0,1,1
"POINT (8.387383273000069 49.009730577000028)",Unfall 24427 (2019) Kat:3, Licht: 0,24427,3,7,6,02,10,7,0,0,1,0,1,0,0,0
"POINT (8.451339392000023 48.971675962000063)",Unfall 24507 (2019) Kat:3, Licht: 0,24507,3,6,2,02,10,4,0,0,0,1,0,0,0,0
"POINT (8.398404027000026 49.013419357000032)",Unfall 24513 (2019) Kat:3, Licht: 0,24513,3,6,2,02,08,4,0,0,1,1,0,0,0,0
"POINT (8.404888036000045 48.966161950000071)",Unfall 24519 (2019) Kat:3, Licht: 0,24519,3,2,5,02,15,4,0,0,1,1,0,0,0,0
"POINT (8.361742528000036 49.007484107000039)",Unfall 24543 (2019) Kat:3, Licht: 0,24543,3,6,2,02,13,4,0,0,0,1,0,0,0,0
"POINT (8.389780538000025 49.018985739000072)",Unfall 24609 (2019) Kat:3, Licht: 0,24609,3,6,2,03,10,1,1,0,0,1,0,0,0,0
"POINT (8.387398122000036 49.009928001000048)",Unfall 24632 (2019) Kat:3, Licht: 2,24632,3,6,3,03,18,5,1,2,1,1,0,0,0,0
"POINT (8.356903156000044 49.023819349000064)",Unfall 24642 (2019) Kat:3, Licht: 2,24642,3,3,5,03,02,7,1,2,0,1,0,0,0,0
"POINT (8.411935777000053 49.006138961000033)",Unfall 24725 (2019) Kat:3, Licht: 2,24725,3,3,5,03,23,6,1,2,0,1,0,0,0,0
"POINT (8.441946487000053 49.004406484000071)",Unfall 24730 (2019) Kat:3, Licht: 0,24730,3,4,6,03,12,2,0,0,0,1,1,0,0,0
"POINT (8.452095744000076 49.004274010000074)",Unfall 24735 (2019) Kat:3, Licht: 0,24735,3,1,0,03,11,6,0,0,0,1,0,0,0,0
"POINT (8.353189677000046 49.016185030000031)",Unfall 24803 (2019) Kat:2, Licht: 2,24803,2,4,6,03,04,7,1,2,0,1,1,0,0,0
"POINT (8.436262504000069 48.990331277000053)",Unfall 24819 (2019) Kat:3, Licht: 0,24819,3,6,2,03,16,5,0,0,0,1,0,0,0,0
"POINT (8.346246468000061 49.025551192000080)",Unfall 24826 (2019) Kat:3, Licht: 0,24826,3,3,5,03,18,5,0,0,0,1,0,0,0,0
"POINT (8.475266158000068 48.995446428000037)",Unfall 24827 (2019) Kat:2, Licht: 0,24827,2,4,6,03,14,5,1,0,0,1,1,0,0,0
"POINT (8.417480949000037 48.994106061000082)",Unfall 24851 (2019) Kat:3, Licht: 0,24851,3,6,3,03,08,4,0,0,0,1,0,0,0,0
"POINT (8.368321056000070 48.992467469000076)",Unfall 24875 (2019) Kat:3, Licht: 0,24875,3,3,5,03,12,6,1,0,1,1,0,0,0,0
"POINT (8.457676814000024 48.971052579000059)",Unfall 24938 (2019) Kat:2, Licht: 0,24938,2,7,9,03,11,4,0,0,0,1,0,0,0,0
"POINT (8.391266406000057 49.005512883000051)",Unfall 24940 (2019) Kat:3, Licht: 0,24940,3,4,6,03,08,4,0,0,0,1,1,0,0,0
"POINT (8.466783043000021 48.957708876000027)",Unfall 24956 (2019) Kat:3, Licht: 0,24956,3,3,5,03,11,7,0,0,0,1,0,0,0,0
"POINT (8.440303473000029 49.017879402000062)",Unfall 25015 (2019) Kat:3, Licht: 0,25015,3,3,0,03,11,3,1,0,0,0,0,0,0,1
"POINT (8.377802260000067 49.005686420000075)",Unfall 25050 (2019) Kat:3, Licht: 2,25050,3,2,5,03,20,3,1,2,1,1,0,0,0,0
"POINT (8.388457343000027 48.990216735000047)",Unfall 25070 (2019) Kat:3, Licht: 0,25070,3,6,2,03,16,5,1,0,0,1,0,1,0,0
"POINT (8.452049718000069 49.039268636000031)",Unfall 25075 (2019) Kat:3, Licht: 0,25075,3,1,4,03,16,4,0,0,0,1,0,0,0,0