WKT,Name,OBJECTID,UKATEGORIE,UTYP1,UART,UMONAT,USTUNDE,UWOCHENTAG,STRZUSTAND,ULICHTVERH,ISTRAD,ISTPKW,ISTFUSS,ISTKRAD,ISTGKFZ,ISTSONSTIG
"POINT (8.358871232000070 49.010295799000062)",Unfall 25100 (2019) Kat:3, Licht: 2,25100,3,6,2,03,20,6,1,2,0,1,0,0,0,0
"POINT (8.354747837000048 49.014566666000064)",Unfall 25123 (2019) Kat:3, Licht: 1,25123,3,3,1,03,07,5,0,1,0,1,0,0,0,0
"POINT (8.313225221000039 49.037326092000058)",Unfall 25173 (2019) Kat:3, Licht: 2,25173,3,6,4,03,05,4,0,2,1,0,0,0,0,0
"POINT (8.365889384000070 49.004955177000056)",Unfall 25187 (2019) Kat:3, Licht: 0,25187,3,6,2,03,17,4,0,0,0,1,0,0,0,0
"POINT (8.404888996000068 48.966154565000068)",Unfall 25235 (2019) Kat:3, Licht: 0,25235,3,3,5,03,11,3,0,0,0,1,0,0,0,0
"POINT (8.490001538000058 49.043837380000070)",Unfall 25292 (2019) Kat:3, Licht: 0,25292,3,6,2,03,15,2,1,0,0,1,0,0,0,0
"POINT (8.365352891000043 49.004856426000060)",Unfall 25294 (2019) Kat:3, Licht: 0,25294,3,3,5,03,12,2,0,0,0,1,0,0,0,1
"POINT (8.396474192000028 48.993077039000070)",Unfall 25376 (2019) Kat:3, Licht: 0,25376,3,6,2,03,11,3,0,0,0,1,0,0,0,0
"POINT (8.412132616000065 49.006220445000054)",Unfall 25420 (2019) Kat:3, Licht: 0,25420,3,6,2,03,17,2,0,0,0,1,0,0,0,0
"POINT (8.447308002000057 49.000653777000082)",Unfall 25604 (2019) Kat:3, Licht: 0,25604,3,6,2,03,07,6,0,0,0,1,0,0,0,0
"POINT (8.345196556000076 49.026617374000068)",Unfall 25670 (2019) Kat:3, Licht: 0,25670,3,5,1,03,15,5,0,0,0,1,0,1,0,0
"POINT (8.459077722000075 48.970494755000061)",Unfall 25733 (2019) Kat:3, Licht: 0,25733,3,6,2,03,13,7,0,0,0,1,0,0,0,0
"POINT (8.436279793000040 48.989410521000082)",Unfall 25734 (2019) Kat:3, Licht: 0,25734,3,6,2,03,12,7,0,0,0,1,0,0,0,0
"POINT (8.462721108000039 49.012139654000066)",Unfall 25831 (2019) Kat:2, Licht: 0,25831,2,6,2,03,15,6,0,0,0,1,0,0,0,0
"POINT (8.478715753000074 49.027641543000072)",Unfall 25871 (2019) Kat:3, Licht: 0,25871,3,6,2,03,15,1,0,0,0,1,0,0,0,0
"POINT (8.462374812000064 48.968382349000080)",Unfall 25927 (2019) Kat:3, Licht: 0,25927,3,6,2,03,06,5,0,0,0,1,0,0,0,0
"POINT (8.493955720000031 48.946100366000053)",Unfall 25929 (2019) Kat:3, Licht: 0,25929,3,6,2,03,08,5,0,0,0,1,0,0,1,1
"POINT (8.454820505000043 49.005886703000044)",Unfall 26104 (2019) Kat:3, Licht: 0,26104,3,6,2,04,07,5,0,0,0,1,0,0,0,1
"POINT (8.405582371000037 48.962164458000075)",Unfall 26106 (2019) Kat:3, Licht: 1,26106,3,6,2,04,07,5,1,1,0,1,0,0,0,0
"POINT (8.407450216000029 48.961943899000062)",Unfall 26107 (2019) Kat:2, Licht: 0,26107,2,6,4,04,18,5,1,0,0,1,0,0,0,0
"POINT (8.395588092000025 48.989137269000025)",Unfall 26173 (2019) Kat:3, Licht: 0,26173,3,6,2,04,14,4,0,0,0,1,0,0,0,0
"POINT (8.398246121000057 49.014227954000035)",Unfall 26175 (2019) Kat:3, Licht: 0,26175,3,7,3,04,13,4,1,0,1,0,0,0,1,0
"POINT (8.397981679000054 49.016086112000039)",Unfall 26222 (2019) Kat:3, Licht: 0,26222,3,3,5,04,09,7,0,0,1,1,0,0,0,0
"POINT (8.410039818000030 49.005887002000065)",Unfall 26234 (2019) Kat:2, Licht: 0,26234,2,7,7,04,18,7,0,0,1,0,0,0,0,0
"POINT (8.475027962000070 48.948831103000032)",Unfall 26266 (2019) Kat:3, Licht: 0,26266,3,1,4,04,16,3,0,0,0,1,0,0,0,1
"POINT (8.395003992000056 49.033117846000039)",Unfall 26326 (2019) Kat:3, Licht: 0,26326,3,2,5,04,17,2,0,0,1,0,0,0,0,1
"POINT (8.479747913000040 49.019572266000068)",Unfall 26327 (2019) Kat:3, Licht: 0,26327,3,3,5,04,17,2,0,0,0,1,0,0,0,0
"POINT (8.393986305000055 48.999821795000059)",Unfall 26392 (2019) Kat:3, Licht: 2,26392,3,1,0,04,20,3,1,2,1,0,0,0,0,0
"POINT (8.515831842000068 48.958483183000055)",Unfall 26398 (2019) Kat:3, Licht: 0,26398,3,2,5,04,17,6,0,0,0,1,0,1,0,0
"POINT (8.442993400000034 48.998211690000062)",Unfall 26400 (2019) Kat:3, Licht: 0,26400,3,6,2,04,08,6,0,0,0,1,0,0,0,1
"POINT (8.466783043000021 48.957708876000027)",Unfall 26452 (2019) Kat:3, Licht: 0,26452,3,3,5,04,12,2,0,0,0,1,0,0,0,0
"POINT (8.448484114000053 49.003221672000052)",Unfall 26457 (2019) Kat:3, Licht: 0,26457,3,6,2,04,16,3,0,0,0,1,0,0,0,0
"POINT (8.404058353000039 48.991167545000053)",Unfall 26495 (2019) Kat:3, Licht: 0,26495,3,3,5,04,11,5,0,0,1,1,0,0,0,0
"POINT (8.376319292000062 49.042264040000077)",Unfall 26497 (2019) Kat:2, Licht: 0,26497,2,3,5,04,17,5,0,0,1,0,0,0,0,0
"POINT (8.394862922000073 49.033978401000070)",Unfall 26585 (2019) Kat:2, Licht: 2,26585,2,3,5,04,21,4,0,2,0,1,0,1,0,0
"POINT (8.398233889000039 49.014310987000044)",Unfall 26587 (2019) Kat:3, Licht: 0,26587,3,6,2,04,07,4,1,0,0,1,0,0,0,0
"POINT (8.463440008000021 48.981834757000058)",Unfall 26591 (2019) Kat:3, Licht: 0,26591,3,3,5,04,09,4,1,0,1,0,0,0,0,1
"POINT (8.448660745000041 49.025607096000044)",Unfall 26613 (2019) Kat:2, Licht: 0,26613,2,6,2,04,18,3,0,0,0,1,0,1,0,0
"POINT (8.461912128000051 48.967344809000053)",Unfall 26691 (2019) Kat:2, Licht: 0,26691,2,1,8,04,17,3,0,0,0,0,0,1,0,0
"POINT (8.396604561000061 48.994492038000033)",Unfall 26746 (2019) Kat:3, Licht: 0,26746,3,2,5,04,15,2,0,0,1,1,0,0,0,0
"POINT (8.403892916000075 48.985008919000052)",Unfall 26878 (2019) Kat:3, Licht: 2,26878,3,6,2,04,22,6,0,2,0,1,0,0,0,0
"POINT (8.480651769000076 49.030302473000063)",Unfall 26992 (2019) Kat:2, Licht: 0,26992,2,6,2,04,19,5,0,0,0,1,0,0,1,0
"POINT (8.424730401000034 49.003121155000031)",Unfall 27016 (2019) Kat:3, Licht: 0,27016,3,7,2,04,12,5,0,0,0,1,0,0,0,0
"POINT (8.475554203000058 49.024673900000039)",Unfall 27127 (2019) Kat:3, Licht: 0,27127,3,1,9,04,16,7,0,0,0,1,0,0,0,0
"POINT (8.387707073000058 49.012607714000069)",Unfall 27132 (2019) Kat:3, Licht: 0,27132,3,6,2,04,09,4,0,0,0,1,0,0,0,0
"POINT (8.450724945000047 49.003289944000073)",Unfall 27133 (2019) Kat:3, Licht: 0,27133,3,6,9,04,15,7,0,0,0,1,0,0,0,1
"POINT (8.394276737000041 49.001425545000075)",Unfall 27177 (2019) Kat:3, Licht: 0,27177,3,2,0,04,13,7,0,0,1,1,0,0,0,0
"POINT (8.425245059000076 49.002300620000028)",Unfall 27205 (2019) Kat:3, Licht: 0,27205,3,6,2,04,13,7,1,0,0,1,0,0,0,0
"POINT (8.389635191000025 49.018815903000075)",Unfall 27259 (2019) Kat:3, Licht: 0,27259,3,2,5,04,12,2,0,0,1,1,0,0,0,0
"POINT (8.466798141000027 49.016296941000064)",Unfall 27366 (2019) Kat:3, Licht: 0,27366,3,6,2,04,11,5,0,0,0,1,0,0,0,1
"POINT (8.321043626000062 49.037092656000027)",Unfall 27393 (2019) Kat:2, Licht: 0,27393,2,6,3,04,13,2,0,0,0,1,0,1,0,0
"POINT (8.424351527000056 49.002956111000060)",Unfall 27478 (2019) Kat:3, Licht: 0,27478,3,7,0,04,13,4,0,0,1,0,0,0,0,0
"POINT (8.419086520000064 49.056307172000061)",Unfall 27531 (2019) Kat:2, Licht: 2,27531,2,6,3,05,02,4,0,2,1,1,0,0,0,0
"POINT (8.395476775000077 49.030159140000080)",Unfall 27581 (2019) Kat:3, Licht: 0,27581,3,2,5,04,18,3,0,0,1,1,0,0,0,0
"POINT (8.383374350000054 48.995676439000079)",Unfall 27602 (2019) Kat:3, Licht: 0,27602,3,6,2,04,17,3,0,0,0,1,0,0,0,0
"POINT (8.354752676000032 49.014556929000037)",Unfall 27716 (2019) Kat:3, Licht: 0,27716,3,3,5,05,06,4,1,0,1,1,0,0,0,0
"POINT (8.478585029000044 48.995959636000066)",Unfall 27724 (2019) Kat:3, Licht: 0,27724,3,5,1,05,15,5,1,0,0,1,0,0,0,0
"POINT (8.474131375000070 49.010540636000030)",Unfall 27756 (2019) Kat:3, Licht: 0,27756,3,7,2,05,09,4,0,0,0,1,0,0,0,0
"POINT (8.373847653000041 48.979873925000049)",Unfall 27798 (2019) Kat:3, Licht: 0,27798,3,1,3,05,14,7,1,0,0,1,0,0,0,0
"POINT (8.389572046000069 49.018731635000051)",Unfall 27802 (2019) Kat:3, Licht: 0,27802,3,7,0,05,10,2,0,0,1,0,0,0,0,0
"POINT (8.482673534000071 49.002111486000047)",Unfall 27807 (2019) Kat:3, Licht: 0,27807,3,6,2,05,15,5,1,0,0,1,0,0,0,0
"POINT (8.430860086000052 48.969334844000059)",Unfall 27910 (2019) Kat:3, Licht: 0,27910,3,1,8,05,08,7,1,0,0,1,0,0,0,0
"POINT (8.440666425000075 49.017981958000064)",Unfall 28000 (2019) Kat:3, Licht: 0,28000,3,4,6,05,13,6,0,0,1,0,1,0,0,0
"POINT (8.397993407000058 49.016011796000043)",Unfall 28001 (2019) Kat:3, Licht: 0,28001,3,6,2,05,15,7,0,0,0,1,0,0,0,0
"POINT (8.455076475000055 49.002128355000082)",Unfall 28017 (2019) Kat:3, Licht: 0,28017,3,6,2,05,17,4,1,0,0,1,0,0,0,0
"POINT (8.432373072000075 48.969993138000063)",Unfall 28106 (2019) Kat:3, Licht: 0,28106,3,6,2,05,14,5,0,0,0,1,0,0,1,0
"POINT (8.439487489000044 49.006343161000075)",Unfall 28112 (2019) Kat:3, Licht: 0,28112,3,3,5,05,10,5,0,0,1,1,0,0,0,0
"POINT (8.392071921000024 49.058126775000062)",Unfall 28127 (2019) Kat:3, Licht: 0,28127,3,2,2,05,19,5,0,0,0,1,0,0,0,0
"POINT (8.394741718000034 49.005448550000040)",Unfall 28179 (2019) Kat:3, Licht: 0,28179,3,6,2,05,16,5,0,0,1,1,0,0,0,0
"POINT (8.412962024000024 49.005622708000033)",Unfall 28212 (2019) Kat:3, Licht: 0,28212,3,3,5,05,15,2,1,0,1,1,0,0,0,0
"POINT (8.356879454000023 49.024215937000065)",Unfall 28296 (2019) Kat:2, Licht: 0,28296,2,3,5,05,13,4,0,0,0,0,0,0,1,1
"POINT (8.367201549000072 49.003148252000074)",Unfall 28314 (2019) Kat:3, Licht: 0,28314,3,6,2,05,09,4,0,0,0,1,0,0,0,0
"POINT (8.395804000000055 48.989133592000030)",Unfall 28316 (2019) Kat:3, Licht: 0,28316,3,6,2,05,07,4,0,0,0,1,0,0,0,0
"POINT (8.446246236000036 49.043699466000078)",Unfall 28416 (2019) Kat:3, Licht: 0,28416,3,1,0,05,10,4,0,0,0,0,0,0,0,1
"POINT (8.494083209000053 49.049743581000030)",Unfall 28438 (2019) Kat:3, Licht: 1,28438,3,6,8,05,20,3,0,1,0,1,0,0,1,0
"POINT (8.415527992000023 49.005348031000040)",Unfall 28440 (2019) Kat:3, Licht: 0,28440,3,2,5,05,14,3,0,0,1,1,0,0,0,0
"POINT (8.404884061000075 48.966192555000077)",Unfall 28444 (2019) Kat:3, Licht: 0,28444,3,1,0,05,19,7,1,0,0,0,0,1,0,0
"POINT (8.474973491000071 48.995084585000029)",Unfall 28461 (2019) Kat:3, Licht: 0,28461,3,3,5,05,08,3,0,0,0,1,0,0,0,0
"POINT (8.398410081000066 49.005359589000079)",Unfall 28505 (2019) Kat:3, Licht: 0,28505,3,6,3,05,08,3,1,0,0,1,0,0,0,0
"POINT (8.487177243000076 49.006262632000073)",Unfall 28576 (2019) Kat:2, Licht: 0,28576,2,6,2,05,09,2,0,0,0,1,0,1,0,0
"POINT (8.395606121000071 49.029438477000042)",Unfall 28586 (2019) Kat:3, Licht: 0,28586,3,6,2,05,16,6,0,0,0,1,0,0,0,0
"POINT (8.365617875000055 49.045585346000053)",Unfall 28594 (2019) Kat:3, Licht: 0,28594,3,6,2,05,12,6,0,0,0,1,0,0,0,0
"POINT (8.394741718000034 49.005448550000040)",Unfall 28808 (2019) Kat:3, Licht: 1,28808,3,3,5,05,20,7,0,1,0,1,0,1,0,0
"POINT (8.453008506000060 49.042942607000043)",Unfall 28880 (2019) Kat:3, Licht: 0,28880,3,6,2,05,11,6,0,0,0,1,0,0,0,0
"POINT (8.410716591000039 48.992592147000039)",Unfall 28882 (2019) Kat:3, Licht: 0,28882,3,6,3,05,11,6,0,0,0,1,0,0,1,0
"POINT (8.391059549000033 48.989507285000059)",Unfall 28883 (2019) Kat:3, Licht: 0,28883,3,6,2,05,13,6,0,0,0,1,0,0,0,0
"POINT (8.440744339000048 48.996806606000064)",Unfall 28947 (2019) Kat:2, Licht: 0,28947,2,6,2,05,15,5,0,0,0,0,0,1,0,0
"POINT (8.368156187000068 49.005266509000080)",Unfall 28948 (2019) Kat:3, Licht: 0,28948,3,3,5,05,07,5,0,0,1,1,0,0,0,0
"POINT (8.394037513000058 49.000393211000073)",Unfall 28958 (2019) Kat:3, Licht: 2,28958,3,7,0,05,21,5,0,2,1,0,0,0,0,0
"POINT (8.430393358000060 48.997492068000042)",Unfall 29020 (2019) Kat:3, Licht: 2,29020,3,1,2,05,23,6,0,2,0,1,0,0,0,0
"POINT (8.387282908000032 49.008551637000039)",Unfall 29023 (2019) Kat:3, Licht: 0,29023,3,1,0,05,14,6,0,0,1,1,0,0,0,0
"POINT (8.394037120000064 49.000388827000052)",Unfall 29133 (2019) Kat:2, Licht: 0,29133,2,1,0,05,10,4,0,0,1,0,0,0,0,0
"POINT (8.485459465000076 48.952501005000045)",Unfall 29192 (2019) Kat:2, Licht: 2,29192,2,1,2,05,01,3,1,2,0,1,0,0,0,0
"POINT (8.387170738000066 49.007606251000027)",Unfall 29193 (2019) Kat:3, Licht: 0,29193,3,6,3,05,10,3,0,0,1,1,0,0,0,0
"POINT (8.444648340000072 48.972180270000081)",Unfall 29270 (2019) Kat:3, Licht: 0,29270,3,6,3,05,07,2,0,0,0,1,0,0,1,0
"POINT (8.404301662000023 48.992303713000069)",Unfall 29288 (2019) Kat:3, Licht: 0,29288,3,3,0,05,16,2,0,0,1,1,0,0,0,0
"POINT (8.335543299000051 49.035798036000074)",Unfall 29487 (2019) Kat:3, Licht: 0,29487,3,6,2,06,14,1,0,0,0,1,0,0,0,0
"POINT (8.482962726000039 48.954918962000079)",Unfall 29557 (2019) Kat:3, Licht: 0,29557,3,6,2,06,11,7,0,0,0,1,0,0,0,0
"POINT (8.409395116000042 48.961422040000059)",Unfall 29669 (2019) Kat:3, Licht: 0,29669,3,1,9,06,16,2,1,0,0,0,0,1,0,0
"POINT (8.386681291000059 49.004351540000073)",Unfall 29671 (2019) Kat:2, Licht: 2,29671,2,2,5,06,00,1,0,2,1,1,0,0,0,0
"POINT (8.384225689000061 49.063769957000034)",Unfall 29688 (2019) Kat:2, Licht: 0,29688,2,1,9,06,19,1,0,0,0,1,0,0,0,0
"POINT (8.434839371000066 48.991268654000066)",Unfall 29704 (2019) Kat:3, Licht: 2,29704,3,6,2,06,23,7,0,2,0,1,0,0,0,0
"POINT (8.440573366000024 49.010321409000028)",Unfall 29705 (2019) Kat:3, Licht: 0,29705,3,7,0,06,15,1,0,0,1,0,0,0,0,0
"POINT (8.442208498000070 49.008039701000030)",Unfall 29821 (2019) Kat:3, Licht: 2,29821,3,3,5,06,23,6,1,2,0,1,0,1,0,0
"POINT (8.348428539000054 49.018318460000046)",Unfall 29907 (2019) Kat:3, Licht: 0,29907,3,6,1,06,16,5,1,0,0,1,0,0,0,0
"POINT (8.404244124000059 48.980626947000076)",Unfall 29930 (2019) Kat:3, Licht: 0,29930,3,6,2,06,07,4,1,0,0,1,0,1,0,0
"POINT (8.429573838000067 49.090156282000066)",Unfall 29967 (2019) Kat:2, Licht: 0,29967,2,7,0,06,05,4,0,0,1,0,0,0,0,0
"POINT (8.451117235000027 49.034853589000079)",Unfall 29975 (2019) Kat:3, Licht: 0,29975,3,6,2,06,16,4,0,0,0,1,0,0,0,0
"POINT (8.473543350000057 49.024214479000079)",Unfall 29980 (2019) Kat:3, Licht: 0,29980,3,6,2,06,07,4,0,0,0,1,0,0,0,1
"POINT (8.387804028000062 49.013529154000025)",Unfall 30006 (2019) Kat:3, Licht: 0,30006,3,6,2,06,08,4,0,0,0,1,0,0,0,0
"POINT (8.390923734000069 48.989637811000080)",Unfall 30104 (2019) Kat:3, Licht: 0,30104,3,6,2,06,17,7,0,0,0,1,0,0,0,0
"POINT (8.403900125000064 48.984909023000057)",Unfall 30138 (2019) Kat:2, Licht: 0,30138,2,2,5,06,07,2,0,0,1,1,0,0,0,0
"POINT (8.440735842000038 49.043257718000064)",Unfall 30191 (2019) Kat:3, Licht: 0,30191,3,6,1,06,13,6,0,0,0,1,0,0,0,0
"POINT (8.370509592000076 49.005571686000053)",Unfall 30192 (2019) Kat:3, Licht: 0,30192,3,6,2,06,17,6,0,0,0,1,0,0,0,0
"POINT (8.438849349000066 48.974712838000073)",Unfall 30194 (2019) Kat:3, Licht: 0,30194,3,1,8,06,07,6,0,0,0,1,0,0,0,0
"POINT (8.350223222000068 49.005514415000050)",Unfall 30276 (2019) Kat:3, Licht: 0,30276,3,3,5,06,17,2,0,0,0,1,0,0,0,0
"POINT (8.404348022000022 48.971466013000054)",Unfall 30283 (2019) Kat:3, Licht: 0,30283,3,2,5,06,17,5,0,0,0,1,0,1,0,0
"POINT (8.487606743000072 48.950431067000068)",Unfall 30290 (2019) Kat:3, Licht: 0,30290,3,6,2,06,11,3,0,0,0,1,0,0,0,0
"POINT (8.403658095000026 48.990444068000045)",Unfall 30370 (2019) Kat:2, Licht: 0,30370,2,6,3,06,18,2,0,0,1,0,0,0,0,0
"POINT (8.376984847000074 48.990490177000027)",Unfall 30373 (2019) Kat:3, Licht: 0,30373,3,6,2,06,14,4,0,0,0,1,0,0,0,0
"POINT (8.387743150000063 49.012950585000056)",Unfall 30415 (2019) Kat:3, Licht: 0,30415,3,6,4,06,13,2,0,0,1,1,0,0,0,0
"POINT (8.314682504000075 49.037502819000053)",Unfall 30447 (2019) Kat:2, Licht: 0,30447,2,3,0,06,06,2,0,0,1,0,0,1,0,0
"POINT (8.403368834000048 49.005427849000057)",Unfall 30481 (2019) Kat:3, Licht: 0,30481,3,3,5,06,14,7,0,0,0,1,0,1,0,0
"POINT (8.468425100000047 48.964035724000041)",Unfall 30482 (2019) Kat:3, Licht: 2,30482,3,6,3,06,02,7,0,2,0,1,0,0,0,0
"POINT (8.373163286000022 49.005627458000049)",Unfall 30485 (2019) Kat:3, Licht: 1,30485,3,5,1,06,21,3,0,1,1,1,0,0,0,0
"POINT (8.397290257000066 49.019894415000067)",Unfall 30572 (2019) Kat:3, Licht: 0,30572,3,5,1,06,16,6,0,0,0,1,0,0,0,0
"POINT (8.405598260000033 48.962031796000076)",Unfall 30574 (2019) Kat:3, Licht: 0,30574,3,3,2,06,05,6,0,0,0,1,0,0,0,0
"POINT (8.410806751000052 49.005940113000065)",Unfall 30580 (2019) Kat:3, Licht: 0,30580,3,3,5,06,20,2,0,0,1,1,0,0,0,0
"POINT (8.426553671000022 49.000829690000046)",Unfall 30583 (2019) Kat:3, Licht: 0,30583,3,3,5,06,17,6,0,0,0,1,0,0,0,0
"POINT (8.386546483000075 49.004266489000031)",Unfall 30610 (2019) Kat:3, Licht: 0,30610,3,2,2,06,10,2,0,0,0,0,0,0,0,1
"POINT (8.426729453000064 49.000736518000053)",Unfall 30710 (2019) Kat:3, Licht: 0,30710,3,3,5,06,18,2,0,0,1,1,0,0,0,0
"POINT (8.448556647000032 49.003070516000037)",Unfall 30732 (2019) Kat:3, Licht: 0,30732,3,3,5,06,18,4,0,0,1,1,0,0,0,0
"POINT (8.379461293000077 48.992208722000044)",Unfall 30752 (2019) Kat:3, Licht: 0,30752,3,6,2,06,06,4,0,0,0,1,0,0,0,0
"POINT (8.389697869000031 49.018889142000035)",Unfall 30785 (2019) Kat:3, Licht: 0,30785,3,6,2,06,10,2,0,0,0,1,0,0,0,0
"POINT (8.394412592000037 49.004486265000025)",Unfall 30830 (2019) Kat:3, Licht: 2,30830,3,7,8,06,22,7,0,2,1,0,0,0,0,0
"POINT (8.350797468000053 49.035382835000064)",Unfall 30836 (2019) Kat:3, Licht: 0,30836,3,2,5,06,18,1,0,0,0,1,0,1,0,0
"POINT (8.387698268000065 49.012524037000048)",Unfall 30838 (2019) Kat:3, Licht: 0,30838,3,7,0,06,09,1,0,0,1,0,0,0,0,0
"POINT (8.426510861000054 48.994934574000069)",Unfall 30868 (2019) Kat:2, Licht: 0,30868,2,1,8,06,18,6,0,0,0,0,0,1,0,0
"POINT (8.444141669000032 48.998712559000069)",Unfall 30874 (2019) Kat:3, Licht: 2,30874,3,6,3,06,22,6,0,2,0,1,0,0,0,0
"POINT (8.438114308000024 48.994507069000065)",Unfall 30875 (2019) Kat:3, Licht: 2,30875,3,6,2,06,22,6,0,2,0,1,0,0,0,0
"POINT (8.492273859000022 48.943572471000039)",Unfall 30999 (2019) Kat:3, Licht: 0,30999,3,2,5,06,09,5,0,0,0,1,0,0,0,0
"POINT (8.386518377000073 49.003225881000049)",Unfall 31002 (2019) Kat:3, Licht: 0,31002,3,4,6,06,12,5,0,0,0,1,1,0,0,0
"POINT (8.340930390000040 49.030929181000033)",Unfall 31023 (2019) Kat:3, Licht: 0,31023,3,6,2,06,16,5,0,0,0,1,0,0,0,1
"POINT (8.403552159000071 48.988217856000063)",Unfall 31141 (2019) Kat:3, Licht: 0,31141,3,3,5,06,08,4,0,0,1,1,0,0,0,0
"POINT (8.354476668000075 49.010711518000051)",Unfall 31142 (2019) Kat:2, Licht: 0,31142,2,6,2,06,06,4,0,0,0,1,0,0,1,0
"POINT (8.497456360000058 48.944867084000066)",Unfall 31173 (2019) Kat:3, Licht: 0,31173,3,1,2,06,17,4,0,0,0,1,0,0,0,0
"POINT (8.445067291000044 48.987664829000039)",Unfall 31175 (2019) Kat:3, Licht: 0,31175,3,6,2,06,11,4,0,0,0,1,0,0,0,0
"POINT (8.394909057000064 49.005522882000037)",Unfall 31345 (2019) Kat:3, Licht: 0,31345,3,1,0,07,19,7,1,0,0,0,0,1,0,0
"POINT (8.394420920000073 49.004574583000078)",Unfall 31383 (2019) Kat:3, Licht: 0,31383,3,7,6,07,10,1,0,0,1,0,1,0,0,0
"POINT (8.437514319000059 48.980751903000055)",Unfall 31429 (2019) Kat:3, Licht: 0,31429,3,1,4,07,17,2,0,0,0,1,0,0,0,0
"POINT (8.479819330000055 48.957929948000071)",Unfall 31431 (2019) Kat:3, Licht: 0,31431,3,6,2,07,17,7,0,0,0,1,0,0,0,0
"POINT (8.405648089000067 48.961639249000029)",Unfall 31495 (2019) Kat:3, Licht: 0,31495,3,6,2,07,15,4,0,0,0,1,0,0,0,1
"POINT (8.406738490000066 48.976613003000068)",Unfall 31572 (2019) Kat:2, Licht: 0,31572,2,7,0,07,21,6,0,0,0,0,0,1,0,0
"POINT (8.383763264000038 49.063846847000036)",Unfall 31595 (2019) Kat:2, Licht: 0,31595,2,1,8,07,06,1,1,0,0,1,0,0,0,0
"POINT (8.374581334000027 49.005553215000077)",Unfall 31631 (2019) Kat:3, Licht: 0,31631,3,2,5,07,08,3,0,0,1,1,0,0,0,0
"POINT (8.344955605000052 49.001386455000045)",Unfall 31692 (2019) Kat:3, Licht: 0,31692,3,3,5,07,08,2,0,0,1,1,0,0,0,0
"POINT (8.393757414000049 49.040415740000071)",Unfall 31754 (2019) Kat:3, Licht: 2,31754,3,6,3,07,22,2,0,2,0,1,0,1,0,0
"POINT (8.496348378000050 48.945326005000027)",Unfall 31925 (2019) Kat:2, Licht: 0,31925,2,3,5,07,09,5,1,0,0,1,0,0,1,0
"POINT (8.362356274000035 49.039310725000064)",Unfall 32099 (2019) Kat:3, Licht: 0,32099,3,6,2,07,09,4,0,0,0,1,0,0,0,0
"POINT (8.392897465000033 49.045461272000068)",Unfall 32135 (2019) Kat:3, Licht: 0,32135,3,6,0,07,08,4,0,0,1,0,0,0,0,0
"POINT (8.403846299000065 48.989838935000080)",Unfall 32145 (2019) Kat:3, Licht: 0,32145,3,6,4,07,18,4,0,0,1,0,0,0,0,0
"POINT (8.394757071000072 49.005520893000039)",Unfall 32167 (2019) Kat:3, Licht: 0,32167,3,3,5,07,11,1,1,0,0,1,0,0,0,0
"POINT (8.410354479000034 49.005919419000065)",Unfall 32296 (2019) Kat:3, Licht: 0,32296,3,3,5,07,10,3,0,0,1,1,0,0,0,0
"POINT (8.350820878000036 49.035398164000071)",Unfall 32318 (2019) Kat:2, Licht: 0,32318,2,2,5,07,05,6,0,0,1,1,0,0,0,0
"POINT (8.482627921000074 49.033132888000068)",Unfall 32324 (2019) Kat:3, Licht: 0,32324,3,6,2,07,16,6,0,0,0,1,0,0,0,0
"POINT (8.410123873000032 49.005895942000052)",Unfall 32330 (2019) Kat:3, Licht: 0,32330,3,6,2,07,18,3,0,0,0,1,0,0,0,0
"POINT (8.496782213000074 48.982072771000048)",Unfall 32472 (2019) Kat:3, Licht: 0,32472,3,6,2,07,11,7,0,0,0,1,0,0,0,0
"POINT (8.474002866000035 48.961160525000025)",Unfall 32473 (2019) Kat:3, Licht: 0,32473,3,6,2,07,11,7,0,0,0,1,0,0,0,0
"POINT (8.408659172000057 48.961437743000033)",Unfall 32474 (2019) Kat:3, Licht: 2,32474,3,1,9,07,00,7,0,2,0,0,0,1,0,0
"POINT (8.394818115000021 49.005521692000059)",Unfall 32540 (2019) Kat:3, Licht: 0,32540,3,4,6,07,15,6,0,0,0,1,1,0,0,0
"POINT (8.387713511000072 49.012668898000072)",Unfall 32541 (2019) Kat:3, Licht: 0,32541,3,6,2,07,07,6,0,0,0,1,0,0,0,0
"POINT (8.387640795000039 49.012026831000071)",Unfall 32624 (2019) Kat:3, Licht: 0,32624,3,3,5,07,19,5,0,0,1,1,0,0,0,0
"POINT (8.324485123000045 49.036852659000033)",Unfall 32725 (2019) Kat:2, Licht: 2,32725,2,1,9,07,23,4,0,2,0,1,0,0,1,0
"POINT (8.467999728000052 48.964103329000068)",Unfall 32726 (2019) Kat:3, Licht: 0,32726,3,6,2,07,19,4,0,0,0,1,0,0,0,0
"POINT (8.445209544000022 48.987581747000036)",Unfall 32736 (2019) Kat:3, Licht: 0,32736,3,6,2,07,17,4,0,0,0,1,0,0,0,0
"POINT (8.442927017000045 48.997951987000079)",Unfall 32823 (2019) Kat:2, Licht: 0,32823,2,6,2,07,15,3,0,0,0,0,0,0,1,0
"POINT (8.404066732000047 48.990007897000055)",Unfall 32843 (2019) Kat:3, Licht: 0,32843,3,7,0,07,17,3,0,0,0,0,0,1,0,0
"POINT (8.429824026000063 48.993877074000068)",Unfall 32900 (2019) Kat:3, Licht: 0,32900,3,3,3,07,18,5,0,0,0,1,0,0,1,0
"POINT (8.404534952000063 48.980084455000053)",Unfall 32949 (2019) Kat:3, Licht: 0,32949,3,6,2,07,18,2,0,0,0,1,0,1,0,0