WKT,Name,OBJECTID,UKATEGORIE,UTYP1,UART,UMONAT,USTUNDE,UWOCHENTAG,STRZUSTAND,ULICHTVERH,ISTRAD,ISTPKW,ISTFUSS,ISTKRAD,ISTGKFZ,ISTSONSTIG
"POINT (8.454491588000053 49.002228858000080)",Unfall 32957 (2019) Kat:3, Licht: 0,32957,3,3,5,07,16,3,0,0,1,1,0,0,0,0
"POINT (8.355996826000023 49.021342641000047)",Unfall 33065 (2019) Kat:3, Licht: 0,33065,3,3,5,07,09,4,0,0,1,1,0,0,0,0
"POINT (8.441961736000053 48.997587409000062)",Unfall 33113 (2019) Kat:3, Licht: 1,33113,3,6,2,07,20,1,1,1,0,1,0,0,0,0
"POINT (8.359879170000056 49.031491408000079)",Unfall 33130 (2019) Kat:3, Licht: 0,33130,3,6,2,07,11,4,0,0,0,0,0,1,0,1
"POINT (8.430283533000022 48.993472824000037)",Unfall 33265 (2019) Kat:3, Licht: 0,33265,3,6,2,07,17,6,0,0,0,1,0,0,0,0
"POINT (8.436274912000044 48.989484109000045)",Unfall 33267 (2019) Kat:3, Licht: 0,33267,3,6,3,07,16,6,0,0,0,1,0,1,0,0
"POINT (8.454479167000045 49.002230999000062)",Unfall 33269 (2019) Kat:3, Licht: 0,33269,3,3,5,07,14,6,0,0,1,1,0,0,0,0
"POINT (8.412977328000068 49.005619301000081)",Unfall 33281 (2019) Kat:3, Licht: 0,33281,3,7,7,07,12,6,0,0,1,0,0,0,0,0
"POINT (8.348427937000054 49.018319613000074)",Unfall 33408 (2019) Kat:3, Licht: 0,33408,3,6,2,08,17,3,0,0,0,1,0,0,0,1
"POINT (8.477617071000054 48.998366887000032)",Unfall 33418 (2019) Kat:3, Licht: 0,33418,3,1,0,08,18,1,0,0,1,0,0,0,0,0
"POINT (8.453011247000063 49.042951261000042)",Unfall 33485 (2019) Kat:2, Licht: 0,33485,2,6,4,08,14,7,0,0,0,1,0,0,0,0
"POINT (8.463293845000067 48.966230435000057)",Unfall 33572 (2019) Kat:3, Licht: 0,33572,3,6,4,08,13,6,0,0,0,0,0,0,1,0
"POINT (8.512805900000046 48.939831556000058)",Unfall 33620 (2019) Kat:2, Licht: 0,33620,2,6,1,08,15,5,0,0,0,0,0,0,1,1
"POINT (8.469439867000062 48.963250332000030)",Unfall 33663 (2019) Kat:3, Licht: 2,33663,3,6,2,08,01,5,0,2,0,1,0,0,0,0
"POINT (8.457708295000032 48.970443429000056)",Unfall 33728 (2019) Kat:2, Licht: 0,33728,2,2,3,08,08,2,0,0,1,1,0,0,0,0
"POINT (8.410078040000030 49.005891067000050)",Unfall 33729 (2019) Kat:3, Licht: 0,33729,3,4,6,08,18,2,0,0,0,1,1,0,0,0
"POINT (8.486920234000024 48.951100684000039)",Unfall 33731 (2019) Kat:3, Licht: 0,33731,3,6,2,08,16,2,0,0,0,1,0,0,1,0
"POINT (8.431533522000052 48.969627758000058)",Unfall 33736 (2019) Kat:3, Licht: 0,33736,3,6,2,08,14,5,0,0,0,1,0,0,0,0
"POINT (8.460073029000057 48.983011503000057)",Unfall 33737 (2019) Kat:2, Licht: 0,33737,2,3,5,08,19,2,0,0,1,1,0,0,0,0
"POINT (8.411997924000048 49.006128670000066)",Unfall 33747 (2019) Kat:3, Licht: 0,33747,3,3,5,08,06,2,0,0,0,0,0,0,0,1
"POINT (8.469777129000022 49.019142935000048)",Unfall 33819 (2019) Kat:2, Licht: 0,33819,2,6,3,08,20,1,1,0,0,1,0,0,0,0
"POINT (8.436878220000040 48.979352377000055)",Unfall 33833 (2019) Kat:3, Licht: 0,33833,3,6,2,08,11,4,0,0,0,1,0,0,1,0
"POINT (8.355067930000075 49.013020165000057)",Unfall 33913 (2019) Kat:3, Licht: 0,33913,3,6,2,08,14,7,0,0,0,0,0,1,0,0
"POINT (8.352722685000060 49.014744363000034)",Unfall 33969 (2019) Kat:3, Licht: 0,33969,3,6,2,08,08,5,1,0,0,1,0,0,0,0
"POINT (8.366396200000054 49.004499156000065)",Unfall 34124 (2019) Kat:2, Licht: 0,34124,2,7,5,08,06,4,0,0,0,1,0,0,1,0
"POINT (8.437692834000075 49.005200675000026)",Unfall 34126 (2019) Kat:3, Licht: 2,34126,3,3,5,08,22,7,0,2,0,1,0,0,0,0
"POINT (8.387415766000061 49.010162585000046)",Unfall 34159 (2019) Kat:3, Licht: 0,34159,3,6,2,08,15,7,0,0,0,1,0,0,0,0
"POINT (8.445110091000061 49.020941310000069)",Unfall 34210 (2019) Kat:3, Licht: 0,34210,3,6,2,08,13,7,0,0,0,1,0,0,0,1
"POINT (8.387538090000021 49.011251764000065)",Unfall 34212 (2019) Kat:3, Licht: 0,34212,3,3,3,08,17,5,0,0,0,1,0,1,0,0
"POINT (8.367056716000036 49.050615106000066)",Unfall 34384 (2019) Kat:2, Licht: 0,34384,2,6,3,08,19,7,0,0,0,1,0,1,0,1
"POINT (8.480015180000066 48.995288690000052)",Unfall 34432 (2019) Kat:3, Licht: 2,34432,3,7,0,08,20,7,0,2,0,0,0,0,0,1
"POINT (8.477157823000027 48.997720189000063)",Unfall 34628 (2019) Kat:3, Licht: 0,34628,3,2,5,08,20,5,0,0,0,1,0,0,0,0
"POINT (8.336519397000075 48.989075044000060)",Unfall 34635 (2019) Kat:3, Licht: 0,34635,3,6,3,09,18,2,0,0,0,1,0,0,0,0
"POINT (8.403902720000076 48.984873053000058)",Unfall 34741 (2019) Kat:3, Licht: 2,34741,3,3,5,08,21,4,0,2,1,1,0,0,0,0
"POINT (8.429821694000054 48.993658105000065)",Unfall 34756 (2019) Kat:3, Licht: 0,34756,3,3,5,09,18,2,0,0,0,1,0,0,1,0
"POINT (8.386670502000072 49.004206425000064)",Unfall 34822 (2019) Kat:3, Licht: 1,34822,3,4,6,08,20,3,0,1,0,0,1,0,0,1
"POINT (8.451173722000021 49.035103099000025)",Unfall 34832 (2019) Kat:3, Licht: 0,34832,3,7,2,08,16,3,0,0,0,1,0,0,0,0
"POINT (8.493605979000051 48.944955588000028)",Unfall 34866 (2019) Kat:3, Licht: 0,34866,3,3,5,08,11,7,0,0,0,1,0,0,0,0
"POINT (8.479259261000038 48.947072563000063)",Unfall 34928 (2019) Kat:3, Licht: 0,34928,3,6,2,08,11,2,0,0,0,1,0,0,0,1
"POINT (8.396050780000053 49.026960861000077)",Unfall 34941 (2019) Kat:3, Licht: 0,34941,3,6,2,08,16,2,0,0,0,1,0,0,0,0
"POINT (8.488074219000055 48.949989443000050)",Unfall 34969 (2019) Kat:3, Licht: 0,34969,3,6,2,08,18,1,0,0,0,1,0,0,0,0
"POINT (8.368128785000067 49.053919589000031)",Unfall 35013 (2019) Kat:3, Licht: 0,35013,3,6,0,08,11,1,0,0,0,1,0,0,0,1
"POINT (8.494035640000050 48.946238778000065)",Unfall 35228 (2019) Kat:3, Licht: 0,35228,3,6,2,09,10,5,0,0,0,1,0,0,0,0
"POINT (8.446943944000054 49.000512930000070)",Unfall 35254 (2019) Kat:3, Licht: 2,35254,3,6,3,09,05,3,0,2,0,1,0,0,1,0
"POINT (8.445380122000074 48.987613277000037)",Unfall 35260 (2019) Kat:3, Licht: 0,35260,3,6,2,09,09,3,0,0,0,1,0,0,0,0
"POINT (8.404120780000028 48.980801057000065)",Unfall 35342 (2019) Kat:3, Licht: 0,35342,3,4,6,09,08,4,0,0,0,1,1,0,0,0
"POINT (8.358397388000071 49.010116309000068)",Unfall 35372 (2019) Kat:3, Licht: 1,35372,3,6,2,09,06,4,0,1,0,1,0,0,0,0
"POINT (8.383100291000062 48.995435927000074)",Unfall 35402 (2019) Kat:3, Licht: 0,35402,3,6,2,09,11,2,0,0,0,1,0,0,1,0
"POINT (8.389479852000022 49.018608599000061)",Unfall 35425 (2019) Kat:3, Licht: 0,35425,3,6,2,09,10,2,0,0,0,1,0,0,0,0
"POINT (8.367857624000067 49.002295133000075)",Unfall 35599 (2019) Kat:3, Licht: 0,35599,3,6,2,09,11,5,0,0,0,1,0,0,0,0
"POINT (8.404120780000028 48.980801057000065)",Unfall 35603 (2019) Kat:3, Licht: 0,35603,3,2,5,09,10,5,0,0,1,1,0,0,0,0
"POINT (8.439706037000065 48.995895612000027)",Unfall 35643 (2019) Kat:3, Licht: 0,35643,3,7,0,09,14,1,0,0,0,1,0,0,0,1
"POINT (8.415524521000066 49.005086160000076)",Unfall 35739 (2019) Kat:3, Licht: 0,35739,3,3,5,09,15,4,0,0,1,1,0,0,0,0
"POINT (8.405622585000060 48.961808752000081)",Unfall 35789 (2019) Kat:3, Licht: 0,35789,3,3,5,09,13,7,0,0,0,1,0,0,1,0
"POINT (8.437662794000062 49.005368553000039)",Unfall 35792 (2019) Kat:3, Licht: 0,35792,3,6,2,09,15,7,0,0,0,1,0,0,0,0
"POINT (8.403897374000053 48.984947144000046)",Unfall 35793 (2019) Kat:3, Licht: 0,35793,3,7,5,09,16,7,0,0,0,1,0,1,0,0
"POINT (8.395521212000062 49.029911552000044)",Unfall 35825 (2019) Kat:3, Licht: 0,35825,3,6,2,09,14,7,0,0,0,1,0,1,0,0
"POINT (8.367970019000040 49.005426461000070)",Unfall 35840 (2019) Kat:3, Licht: 2,35840,3,3,5,09,06,6,0,2,0,1,0,1,0,0
"POINT (8.355314994000025 49.013026493000041)",Unfall 35903 (2019) Kat:3, Licht: 0,35903,3,2,5,09,14,3,0,0,1,1,0,0,0,0
"POINT (8.359748452000076 49.031179732000055)",Unfall 35916 (2019) Kat:3, Licht: 0,35916,3,3,5,09,17,6,0,0,0,1,0,1,0,0
"POINT (8.453239452000048 49.002299505000053)",Unfall 35921 (2019) Kat:2, Licht: 0,35921,2,3,5,09,15,6,0,0,1,1,0,0,0,0
"POINT (8.354981501000054 49.013170387000059)",Unfall 35931 (2019) Kat:2, Licht: 0,35931,2,3,5,09,17,3,0,0,1,0,0,1,0,0
"POINT (8.433446658000037 48.970329744000026)",Unfall 36180 (2019) Kat:3, Licht: 2,36180,3,6,3,09,06,2,1,2,0,1,0,0,0,0
"POINT (8.445182087000035 48.987598241000057)",Unfall 36290 (2019) Kat:3, Licht: 0,36290,3,3,5,09,13,7,0,0,0,1,0,0,0,0
"POINT (8.423176421000051 49.051954810000041)",Unfall 36301 (2019) Kat:3, Licht: 0,36301,3,7,9,09,12,7,0,0,0,1,0,0,0,0
"POINT (8.386760311000046 49.005679098000030)",Unfall 36460 (2019) Kat:3, Licht: 0,36460,3,6,2,09,07,6,1,0,0,1,0,0,0,0
"POINT (8.499232268000071 48.944384632000038)",Unfall 36461 (2019) Kat:3, Licht: 0,36461,3,1,3,09,11,6,1,0,0,1,0,0,1,0
"POINT (8.491635889000065 48.947163918000058)",Unfall 36462 (2019) Kat:2, Licht: 0,36462,2,1,8,09,11,6,1,0,0,0,0,0,0,1
"POINT (8.358151407000037 49.009998421000034)",Unfall 36601 (2019) Kat:3, Licht: 0,36601,3,6,2,09,12,4,1,0,0,1,0,0,0,0
"POINT (8.488893257000029 48.949334752000027)",Unfall 36653 (2019) Kat:3, Licht: 0,36653,3,6,2,10,10,6,1,0,0,1,0,0,0,0
"POINT (8.488358424000069 48.949536012000067)",Unfall 36689 (2019) Kat:3, Licht: 2,36689,3,1,9,10,20,1,1,2,0,1,0,0,0,0
"POINT (8.358468243000061 49.010174919000065)",Unfall 36716 (2019) Kat:3, Licht: 0,36716,3,3,5,10,16,5,0,0,1,1,0,0,0,0
"POINT (8.490869581000027 48.947940503000041)",Unfall 36717 (2019) Kat:3, Licht: 0,36717,3,6,2,10,14,5,0,0,0,1,0,0,0,0
"POINT (8.394389546000070 49.002607271000045)",Unfall 36779 (2019) Kat:3, Licht: 0,36779,3,6,3,10,07,4,1,0,0,1,0,1,0,0
"POINT (8.404344396000056 48.971397366000076)",Unfall 36781 (2019) Kat:3, Licht: 2,36781,3,4,6,10,20,4,1,2,0,1,1,0,0,0
"POINT (8.442066796000063 48.997650984000074)",Unfall 36845 (2019) Kat:3, Licht: 0,36845,3,6,3,10,08,3,0,0,0,1,0,0,1,0
"POINT (8.358109093000053 49.009980724000059)",Unfall 36959 (2019) Kat:3, Licht: 0,36959,3,2,0,09,11,2,0,0,1,1,0,0,0,0
"POINT (8.397359644000062 48.991726021000034)",Unfall 36960 (2019) Kat:3, Licht: 0,36960,3,6,2,09,15,2,0,0,0,1,0,0,0,0
"POINT (8.352946375000045 49.013454557000045)",Unfall 36966 (2019) Kat:3, Licht: 0,36966,3,6,2,10,14,7,0,0,0,1,0,0,0,1
"POINT (8.491371427000047 48.947621635000075)",Unfall 36994 (2019) Kat:3, Licht: 0,36994,3,6,2,10,07,5,1,0,0,1,0,0,0,0
"POINT (8.489111924000042 48.948950032000027)",Unfall 37105 (2019) Kat:3, Licht: 0,37105,3,6,2,10,15,4,1,0,0,1,0,0,0,0
"POINT (8.367438978000052 48.992914348000056)",Unfall 37167 (2019) Kat:3, Licht: 1,37167,3,6,2,10,07,6,0,1,0,1,0,0,0,1
"POINT (8.447625361000064 49.023427016000028)",Unfall 37186 (2019) Kat:3, Licht: 0,37186,3,6,2,10,17,3,0,0,0,1,0,0,0,0
"POINT (8.435907387000043 49.004304385000069)",Unfall 37287 (2019) Kat:3, Licht: 0,37287,3,6,2,10,11,7,0,0,0,1,0,0,0,0
"POINT (8.386579918000052 49.005514852000033)",Unfall 37312 (2019) Kat:3, Licht: 0,37312,3,3,5,10,07,2,0,0,0,1,0,1,0,0
"POINT (8.436502370000028 48.989284202000078)",Unfall 37333 (2019) Kat:3, Licht: 2,37333,3,1,9,10,05,4,1,2,0,0,0,1,1,0
"POINT (8.504545707000034 48.967127880000078)",Unfall 37337 (2019) Kat:3, Licht: 0,37337,3,2,5,10,11,4,0,0,0,1,0,1,0,0
"POINT (8.490958302000024 48.947881969000036)",Unfall 37390 (2019) Kat:3, Licht: 2,37390,3,6,2,10,19,4,0,2,0,1,0,0,0,0
"POINT (8.353806419000023 49.016679374000034)",Unfall 37436 (2019) Kat:3, Licht: 0,37436,3,3,5,10,13,3,0,0,1,1,0,0,0,0
"POINT (8.387376525000036 49.009640855000043)",Unfall 37522 (2019) Kat:3, Licht: 0,37522,3,2,5,10,07,2,0,0,1,1,0,0,0,0
"POINT (8.526704770000038 48.961411578000082)",Unfall 37549 (2019) Kat:3, Licht: 0,37549,3,3,4,10,17,2,0,0,0,1,0,0,0,0
"POINT (8.436759965000022 48.978450753000061)",Unfall 37607 (2019) Kat:3, Licht: 2,37607,3,6,2,10,18,5,1,2,0,1,0,0,0,0
"POINT (8.487890899000036 49.041047336000076)",Unfall 37614 (2019) Kat:3, Licht: 0,37614,3,6,3,10,14,4,0,0,0,1,0,0,0,0
"POINT (8.420447687000035 49.004012307000039)",Unfall 37667 (2019) Kat:3, Licht: 0,37667,3,7,4,10,10,1,0,0,1,1,0,0,0,0
"POINT (8.440036042000031 49.006508556000028)",Unfall 37728 (2019) Kat:3, Licht: 0,37728,3,3,5,10,09,4,0,0,0,1,0,0,0,0
"POINT (8.344536078000033 49.001084238000033)",Unfall 37737 (2019) Kat:2, Licht: 0,37737,2,6,2,10,10,3,0,0,0,1,0,0,0,1
"POINT (8.391249725000023 49.054630016000033)",Unfall 37858 (2019) Kat:3, Licht: 1,37858,3,6,2,10,07,2,0,1,0,1,0,0,0,0
"POINT (8.463672766000059 48.983831892000069)",Unfall 37899 (2019) Kat:2, Licht: 0,37899,2,6,2,10,12,6,0,0,0,1,0,0,0,0
"POINT (8.429393447000052 48.996742078000068)",Unfall 37992 (2019) Kat:3, Licht: 2,37992,3,6,2,10,06,4,0,2,0,1,0,0,0,0
"POINT (8.366581044000043 49.049447989000043)",Unfall 38063 (2019) Kat:3, Licht: 0,38063,3,3,5,10,07,4,0,0,0,1,0,0,1,0
"POINT (8.404571143000055 48.972176248000039)",Unfall 38092 (2019) Kat:3, Licht: 0,38092,3,3,5,10,13,6,1,0,1,1,0,0,0,0
"POINT (8.436797323000064 48.992567476000033)",Unfall 38157 (2019) Kat:3, Licht: 2,38157,3,1,9,10,07,6,1,2,0,1,0,0,0,0
"POINT (8.436684933000038 48.990754069000047)",Unfall 38209 (2019) Kat:3, Licht: 0,38209,3,6,0,10,07,4,0,0,0,0,0,0,0,1
"POINT (8.375065321000022 49.060567849000051)",Unfall 38221 (2019) Kat:3, Licht: 2,38221,3,1,9,11,20,7,1,2,0,1,0,0,0,0
"POINT (8.451398682000047 49.034968658000025)",Unfall 38227 (2019) Kat:3, Licht: 2,38227,3,6,2,10,17,4,0,2,0,1,0,0,0,0
"POINT (8.353120758000046 49.013556472000062)",Unfall 38493 (2019) Kat:3, Licht: 0,38493,3,6,2,10,13,1,0,0,0,1,0,0,0,0
"POINT (8.356163043000038 48.997326377000036)",Unfall 38579 (2019) Kat:2, Licht: 0,38579,2,2,5,10,10,7,0,0,1,1,0,0,0,0
"POINT (8.338199540000062 49.033587963000059)",Unfall 38581 (2019) Kat:3, Licht: 0,38581,3,2,0,10,16,7,0,0,0,1,0,1,0,0
"POINT (8.342792449000058 49.029067553000061)",Unfall 38592 (2019) Kat:3, Licht: 0,38592,3,3,5,10,10,7,0,0,0,1,0,0,0,1
"POINT (8.358257395000067 49.010042714000065)",Unfall 38695 (2019) Kat:3, Licht: 0,38695,3,6,2,11,12,6,1,0,0,1,0,0,0,0
"POINT (8.335479609000061 49.035830221000026)",Unfall 38710 (2019) Kat:2, Licht: 1,38710,2,2,6,11,07,4,0,1,0,1,1,0,0,0
"POINT (8.483614222000028 49.008269071000029)",Unfall 38755 (2019) Kat:3, Licht: 1,38755,3,6,2,11,17,3,0,1,0,1,0,0,0,0
"POINT (8.335433510000030 49.035853498000051)",Unfall 38829 (2019) Kat:3, Licht: 2,38829,3,2,5,11,21,5,0,2,1,1,0,0,0,0
"POINT (8.383378150000056 48.995679707000079)",Unfall 38850 (2019) Kat:3, Licht: 0,38850,3,6,2,11,10,5,0,0,0,1,0,1,0,0
"POINT (8.473734686000057 48.961098977000063)",Unfall 38879 (2019) Kat:3, Licht: 0,38879,3,6,2,11,09,4,0,0,0,0,0,0,1,1
"POINT (8.381312196000067 49.005560790000061)",Unfall 38880 (2019) Kat:3, Licht: 0,38880,3,1,0,11,15,7,1,0,0,0,0,1,0,0
"POINT (8.335146095000027 48.987970419000078)",Unfall 38922 (2019) Kat:2, Licht: 0,38922,2,6,2,11,11,4,0,0,0,0,0,1,1,0
"POINT (8.438245950000066 48.974792712000067)",Unfall 38950 (2019) Kat:3, Licht: 0,38950,3,6,8,11,15,1,0,0,0,1,0,0,0,0
"POINT (8.350625742000034 49.020578527000055)",Unfall 39032 (2019) Kat:2, Licht: 2,39032,2,3,4,11,20,3,1,2,1,1,0,0,0,0
"POINT (8.484798377000061 48.953130151000039)",Unfall 39034 (2019) Kat:3, Licht: 2,39034,3,6,2,11,19,3,1,2,0,1,0,0,0,0
"POINT (8.383648906000076 48.995594388000029)",Unfall 39051 (2019) Kat:3, Licht: 2,39051,3,6,3,11,22,3,0,2,0,1,0,0,0,0
"POINT (8.360561398000073 48.995980289000045)",Unfall 39055 (2019) Kat:3, Licht: 2,39055,3,6,2,11,18,5,0,2,0,1,0,0,0,0
"POINT (8.436416060000056 48.987649215000033)",Unfall 39061 (2019) Kat:3, Licht: 2,39061,3,6,2,11,05,2,1,2,0,1,0,0,1,0
"POINT (8.323620599000037 49.036952903000042)",Unfall 39068 (2019) Kat:1, Licht: 0,39068,1,6,2,11,12,2,1,0,0,0,0,0,1,1
"POINT (8.490931006000039 48.947899978000066)",Unfall 39218 (2019) Kat:3, Licht: 0,39218,3,6,2,11,13,6,0,0,0,1,0,0,0,0
"POINT (8.452201286000047 49.039963130000046)",Unfall 39262 (2019) Kat:3, Licht: 0,39262,3,6,2,11,07,3,1,0,0,1,0,0,0,0
"POINT (8.352493446000040 49.012680306000050)",Unfall 39278 (2019) Kat:2, Licht: 1,39278,2,7,8,11,06,7,0,1,0,0,0,1,0,0
"POINT (8.481543693000049 48.956341831000032)",Unfall 39317 (2019) Kat:3, Licht: 2,39317,3,6,2,11,19,1,0,2,0,1,0,0,0,0
"POINT (8.355132203000039 49.013307429000065)",Unfall 39337 (2019) Kat:2, Licht: 1,39337,2,4,6,11,07,2,0,1,1,0,1,0,0,0
"POINT (8.398804609000024 49.005515767000077)",Unfall 39361 (2019) Kat:3, Licht: 0,39361,3,6,2,11,10,6,0,0,1,1,0,0,0,0
"POINT (8.479093051000064 48.999731207000082)",Unfall 39372 (2019) Kat:3, Licht: 0,39372,3,4,6,11,15,3,1,0,0,1,1,0,0,0
"POINT (8.329217656000026 49.034916753000061)",Unfall 39406 (2019) Kat:3, Licht: 0,39406,3,6,2,11,08,4,1,0,0,1,0,0,0,0
"POINT (8.436931138000034 48.981718421000039)",Unfall 39488 (2019) Kat:2, Licht: 1,39488,2,6,2,11,16,1,1,1,0,1,0,0,0,0
"POINT (8.449692991000063 48.971745994000059)",Unfall 39522 (2019) Kat:2, Licht: 0,39522,2,6,3,11,13,5,0,0,0,1,0,0,1,0
"POINT (8.501483136000047 48.943525263000026)",Unfall 39541 (2019) Kat:2, Licht: 0,39541,2,6,1,11,15,4,0,0,0,1,0,0,0,0
"POINT (8.468149533000030 48.964208044000031)",Unfall 39559 (2019) Kat:3, Licht: 0,39559,3,6,2,11,10,7,1,0,0,1,0,0,0,0
"POINT (8.503965240000071 48.970270585000037)",Unfall 39568 (2019) Kat:3, Licht: 0,39568,3,6,4,11,15,4,0,0,0,1,0,0,0,0
"POINT (8.357596949000026 49.009723108000060)",Unfall 39604 (2019) Kat:3, Licht: 0,39604,3,6,3,11,07,3,1,0,0,1,0,1,0,0
"POINT (8.442483862000074 48.997643706000076)",Unfall 39669 (2019) Kat:3, Licht: 2,39669,3,6,3,11,18,6,0,2,0,1,0,0,0,1
"POINT (8.357268350000027 49.011290582000072)",Unfall 39747 (2019) Kat:3, Licht: 2,39747,3,2,2,12,17,1,0,2,0,1,0,1,0,0
"POINT (8.479821408000021 48.957928281000079)",Unfall 39748 (2019) Kat:3, Licht: 2,39748,3,6,1,12,17,1,0,2,0,1,0,0,0,0
"POINT (8.386270571000068 49.003352507000045)",Unfall 39848 (2019) Kat:3, Licht: 2,39848,3,3,5,11,18,6,0,2,1,0,0,0,0,0
"POINT (8.350790807000067 49.035378473000037)",Unfall 39893 (2019) Kat:3, Licht: 2,39893,3,3,6,11,20,5,1,2,0,1,1,0,0,0
"POINT (8.469489198000076 48.963419609000027)",Unfall 39965 (2019) Kat:2, Licht: 2,39965,2,6,2,11,05,4,1,2,0,0,0,0,1,0
"POINT (8.424390577000054 49.002958492000062)",Unfall 40111 (2019) Kat:3, Licht: 2,40111,3,3,5,12,19,5,0,2,0,1,0,0,0,0
"POINT (8.437879919000068 48.990416675000063)",Unfall 40332 (2019) Kat:3, Licht: 0,40332,3,6,3,12,09,5,1,0,0,1,0,0,0,0
"POINT (8.408242118000032 48.960945938000066)",Unfall 40333 (2019) Kat:3, Licht: 0,40333,3,6,1,12,07,5,1,0,0,1,0,0,0,0
"POINT (8.377852483000027 49.005685000000028)",Unfall 40344 (2019) Kat:2, Licht: 2,40344,2,1,0,12,05,6,1,2,1,0,0,0,0,0
"POINT (8.503958748000059 48.942726922000077)",Unfall 40475 (2019) Kat:2, Licht: 0,40475,2,6,2,12,09,3,1,0,0,1,0,0,1,1
"POINT (8.403553919000046 48.988178084000026)",Unfall 40484 (2019) Kat:3, Licht: 0,40484,3,3,5,12,11,3,0,0,1,1,0,0,0,0
"POINT (8.474978956000030 48.995094322000057)",Unfall 40532 (2019) Kat:3, Licht: 2,40532,3,3,5,12,07,6,1,2,0,1,0,0,0,0
"POINT (8.394080628000040 49.000791605000074)",Unfall 40567 (2019) Kat:3, Licht: 1,40567,3,2,5,12,16,2,1,1,1,1,0,0,0,0
"POINT (8.387240482000038 49.005301542000041)",Unfall 40568 (2019) Kat:3, Licht: 0,40568,3,3,5,12,08,2,1,0,1,1,0,0,0,0
"POINT (8.373289773000067 49.005528640000080)",Unfall 40651 (2019) Kat:3, Licht: 0,40651,3,5,1,12,12,5,0,0,1,1,0,0,0,0
"POINT (8.488073666000048 49.009428973000070)",Unfall 40654 (2019) Kat:3, Licht: 2,40654,3,6,2,12,17,4,0,2,0,1,0,0,0,1
"POINT (8.392675799000074 49.045731768000053)",Unfall 40656 (2019) Kat:3, Licht: 2,40656,3,6,1,12,07,4,1,2,0,1,0,0,0,0
"POINT (8.340119081000069 48.992164501000047)",Unfall 40735 (2019) Kat:2, Licht: 2,40735,2,1,8,12,23,3,0,2,0,1,0,0,0,0
"POINT (8.372993732000055 49.059641088000035)",Unfall 40818 (2019) Kat:3, Licht: 0,40818,3,6,3,12,13,2,0,0,0,1,0,0,0,0
"POINT (8.455748294000046 49.006314308000071)",Unfall 40820 (2019) Kat:3, Licht: 2,40820,3,6,2,12,07,2,1,2,0,1,0,0,0,0
"POINT (8.355468935000033 49.019900441000061)",Unfall 40865 (2019) Kat:3, Licht: 2,40865,3,3,5,12,16,5,0,2,1,1,0,0,0,0
"POINT (8.453324719000023 48.971737962000077)",Unfall 40885 (2019) Kat:3, Licht: 0,40885,3,6,2,12,14,1,1,0,0,1,0,0,0,0
"POINT (8.396625589000053 49.023858504000032)",Unfall 40944 (2019) Kat:3, Licht: 0,40944,3,4,6,12,11,7,1,0,0,0,1,0,0,1
"POINT (8.424261921000039 49.002959208000050)",Unfall 40969 (2019) Kat:3, Licht: 0,40969,3,3,5,12,09,6,0,0,0,1,0,1,0,0
"POINT (8.477209440000024 48.997598263000043)",Unfall 41008 (2019) Kat:3, Licht: 1,41008,3,6,2,12,16,2,0,1,0,1,0,0,0,1
"POINT (8.375319628000057 48.994225935000031)",Unfall 41058 (2019) Kat:3, Licht: 0,41058,3,6,2,12,12,7,0,0,0,1,0,0,0,0
"POINT (8.373658636000073 48.990104091000035)",Unfall 41176 (2019) Kat:3, Licht: 0,41176,3,6,3,12,15,3,0,0,0,1,0,1,0,0
"POINT (8.352154136000024 49.018800710000050)",Unfall 41219 (2019) Kat:3, Licht: 0,41219,3,6,2,12,11,2,1,0,0,1,0,0,0,0
"POINT (8.394569074000060 49.005446784000071)",Unfall 41260 (2019) Kat:3, Licht: 0,41260,3,2,5,12,13,1,1,0,0,1,0,0,0,0
"POINT (8.391535205000025 49.053056420000075)",Unfall 41311 (2019) Kat:3, Licht: 2,41311,3,3,5,12,06,7,1,2,0,1,0,0,0,0
"POINT (8.388019263000047 49.036006324000027)",Unfall 172356 (2019) Kat:2, Licht: 1,172356,2,1,0,01,07,6,1,1,1,0,0,0,0,0
"POINT (8.395163959000058 49.011144886000068)",Unfall 172373 (2019) Kat:3, Licht: 0,172373,3,7,6,01,14,5,1,0,0,1,1,0,0,0
"POINT (8.385060083000042 49.020294374000059)",Unfall 172374 (2019) Kat:3, Licht: 2,172374,3,3,5,01,07,5,0,2,1,1,0,0,0,0
"POINT (8.400764980000076 49.010981675000039)",Unfall 172403 (2019) Kat:3, Licht: 0,172403,3,7,2,01,15,4,0,0,0,1,0,0,0,0
"POINT (8.363257303000069 49.020595782000044)",Unfall 172412 (2019) Kat:3, Licht: 2,172412,3,7,8,01,05,3,1,2,0,1,0,0,0,0
"POINT (8.473545667000053 48.997651499000028)",Unfall 172628 (2019) Kat:3, Licht: 0,172628,3,5,1,01,11,3,0,0,1,1,0,0,0,0
"POINT (8.394897765000053 49.007692150000025)",Unfall 172685 (2019) Kat:3, Licht: 2,172685,3,7,0,01,17,7,1,2,1,1,0,0,0,0
"POINT (8.410165523000046 49.007764608000059)",Unfall 172686 (2019) Kat:3, Licht: 2,172686,3,3,5,01,06,7,1,2,0,1,0,0,0,0
"POINT (8.365658992000022 49.003848680000033)",Unfall 172711 (2019) Kat:3, Licht: 0,172711,3,6,4,01,15,6,1,0,0,1,0,0,0,0
"POINT (8.447354891000032 49.026929060000043)",Unfall 172721 (2019) Kat:3, Licht: 0,172721,3,7,0,01,10,6,1,0,1,0,0,0,0,0
"POINT (8.412043885000060 49.009194482000055)",Unfall 172733 (2019) Kat:3, Licht: 2,172733,3,5,1,01,22,5,1,2,1,1,0,0,0,0