WKT,Name,OBJECTID,UKATEGORIE,UTYP1,UART,UMONAT,USTUNDE,UWOCHENTAG,STRZUSTAND,ULICHTVERH,ISTRAD,ISTPKW,ISTFUSS,ISTKRAD,ISTGKFZ,ISTSONSTIG
"POINT (8.396590497000034 49.008290385000066)",Unfall 172831 (2019) Kat:3, Licht: 2,172831,3,7,0,01,20,7,1,2,1,1,0,0,0,0
"POINT (8.359763739000073 48.995364057000074)",Unfall 172856 (2019) Kat:3, Licht: 1,172856,3,6,2,01,07,6,2,1,0,1,0,0,0,0
"POINT (8.362590235000027 49.011395426000036)",Unfall 172871 (2019) Kat:3, Licht: 2,172871,3,7,5,01,18,5,0,2,0,1,0,0,0,1
"POINT (8.378140357000063 49.048533459000055)",Unfall 172884 (2019) Kat:3, Licht: 2,172884,3,7,6,01,19,5,1,2,0,0,1,0,0,1
"POINT (8.385368609000068 49.014761817000078)",Unfall 172940 (2019) Kat:3, Licht: 0,172940,3,2,6,01,14,3,0,0,0,1,1,0,0,0
"POINT (8.410162005000075 49.007802906000052)",Unfall 172956 (2019) Kat:3, Licht: 2,172956,3,2,0,01,21,2,0,2,1,1,0,0,0,0
"POINT (8.423308325000050 49.010828632000027)",Unfall 172957 (2019) Kat:3, Licht: 2,172957,3,2,5,01,18,2,0,2,1,1,0,0,0,0
"POINT (8.380538226000056 49.054036972000063)",Unfall 172966 (2019) Kat:3, Licht: 2,172966,3,7,0,01,18,2,0,2,0,1,0,0,0,0
"POINT (8.423257894000074 49.010843780000073)",Unfall 173014 (2019) Kat:3, Licht: 2,173014,3,2,0,01,01,7,0,2,0,1,0,1,0,0
"POINT (8.403513166000039 48.999264127000060)",Unfall 173036 (2019) Kat:2, Licht: 2,173036,2,3,5,01,22,6,0,2,1,1,0,0,0,0
"POINT (8.427773736000063 49.011196403000042)",Unfall 173070 (2019) Kat:3, Licht: 2,173070,3,5,0,01,17,5,0,2,1,0,0,0,0,1
"POINT (8.390519589000064 49.014543261000028)",Unfall 173071 (2019) Kat:3, Licht: 1,173071,3,3,5,01,07,5,1,1,0,1,0,1,0,0
"POINT (8.407379817000049 49.010658074000048)",Unfall 173088 (2019) Kat:2, Licht: 0,173088,2,2,6,02,10,2,0,0,0,1,1,0,0,0
"POINT (8.354736375000073 49.009752662000039)",Unfall 173089 (2019) Kat:3, Licht: 0,173089,3,6,2,02,13,2,0,0,0,1,0,0,0,1
"POINT (8.390523636000069 48.998491325000032)",Unfall 173094 (2019) Kat:3, Licht: 0,173094,3,7,5,02,13,2,0,0,1,1,0,0,0,0
"POINT (8.370334296000067 49.030632755000056)",Unfall 173120 (2019) Kat:3, Licht: 0,173120,3,6,2,02,14,7,0,0,0,1,0,0,0,0
"POINT (8.406439287000069 49.007317768000064)",Unfall 173123 (2019) Kat:3, Licht: 2,173123,3,7,4,02,18,7,0,2,1,0,0,0,0,0
"POINT (8.394519362000040 49.005595723000056)",Unfall 173152 (2019) Kat:3, Licht: 0,173152,3,2,0,02,13,6,1,0,0,1,0,0,0,1
"POINT (8.372343736000062 48.982422427000074)",Unfall 173163 (2019) Kat:3, Licht: 0,173163,3,3,5,02,12,6,1,0,1,1,0,0,0,0
"POINT (8.474579660000075 48.971777282000062)",Unfall 173164 (2019) Kat:3, Licht: 2,173164,3,3,5,02,06,6,1,2,0,1,0,0,0,0
"POINT (8.458698123000033 49.001511153000081)",Unfall 173165 (2019) Kat:3, Licht: 1,173165,3,1,0,02,07,6,1,1,1,0,0,0,0,0
"POINT (8.398010068000076 49.002403158000050)",Unfall 173198 (2019) Kat:2, Licht: 0,173198,2,3,5,01,11,5,1,0,1,1,0,0,0,1
"POINT (8.356969902000060 49.005111864000071)",Unfall 173208 (2019) Kat:3, Licht: 0,173208,3,3,5,01,16,5,0,0,1,1,0,0,0,0
"POINT (8.461598920000029 49.017511580000075)",Unfall 173210 (2019) Kat:3, Licht: 1,173210,3,6,3,01,17,5,1,1,0,1,0,0,0,0
"POINT (8.450331471000027 48.995622100000048)",Unfall 173211 (2019) Kat:3, Licht: 0,173211,3,1,4,01,11,5,1,0,0,1,0,0,0,0
"POINT (8.359463179000045 48.997008715000050)",Unfall 173212 (2019) Kat:3, Licht: 0,173212,3,4,6,01,08,5,1,0,0,1,1,0,0,0
"POINT (8.401091827000073 49.009722686000032)",Unfall 173244 (2019) Kat:3, Licht: 1,173244,3,4,0,01,16,4,1,1,0,0,1,0,0,1
"POINT (8.374383048000027 49.008341753000082)",Unfall 173250 (2019) Kat:3, Licht: 0,173250,3,3,5,01,13,4,0,0,1,1,0,0,0,0
"POINT (8.410245452000027 49.004434840000044)",Unfall 173251 (2019) Kat:3, Licht: 0,173251,3,1,0,01,13,4,1,0,1,0,0,0,0,0
"POINT (8.386250972000028 49.012581362000049)",Unfall 173274 (2019) Kat:3, Licht: 2,173274,3,3,5,01,18,3,0,2,1,0,0,0,0,1
"POINT (8.442410108000047 49.019226502000038)",Unfall 173283 (2019) Kat:3, Licht: 2,173283,3,6,4,01,18,3,0,2,1,0,0,0,0,0
"POINT (8.398378149000052 48.998170234000042)",Unfall 173329 (2019) Kat:3, Licht: 0,173329,3,7,1,01,07,2,1,0,1,1,0,0,0,0
"POINT (8.424096977000033 49.002913204000038)",Unfall 173330 (2019) Kat:3, Licht: 2,173330,3,3,5,01,18,2,1,2,1,1,0,0,0,0
"POINT (8.370499895000023 49.046658918000048)",Unfall 173378 (2019) Kat:3, Licht: 2,173378,3,2,5,02,06,4,0,2,0,1,0,0,0,0
"POINT (8.406686185000069 48.998318694000034)",Unfall 173387 (2019) Kat:3, Licht: 2,173387,3,6,4,02,18,5,0,2,1,0,0,0,0,1
"POINT (8.390670952000050 48.999744052000040)",Unfall 173404 (2019) Kat:3, Licht: 2,173404,3,7,0,02,18,3,0,2,1,1,0,0,0,0
"POINT (8.397806440000068 48.998154680000027)",Unfall 173414 (2019) Kat:3, Licht: 0,173414,3,7,6,02,15,5,0,0,1,0,1,0,0,0
"POINT (8.423620323000023 49.024931969000079)",Unfall 173429 (2019) Kat:3, Licht: 0,173429,3,6,2,02,12,2,0,0,0,1,0,0,0,0
"POINT (8.496540689000028 49.021448235000037)",Unfall 173467 (2019) Kat:3, Licht: 0,173467,3,3,5,02,12,7,0,0,0,1,0,0,0,0
"POINT (8.407070271000066 49.008798044000059)",Unfall 173502 (2019) Kat:2, Licht: 0,173502,2,3,0,02,07,6,0,0,1,1,0,0,0,0
"POINT (8.453036922000024 49.026418626000066)",Unfall 173533 (2019) Kat:3, Licht: 0,173533,3,6,2,02,08,5,0,0,0,1,0,0,0,0
"POINT (8.363935722000065 48.989325326000028)",Unfall 173534 (2019) Kat:3, Licht: 0,173534,3,4,6,02,13,5,1,0,0,0,1,0,0,1
"POINT (8.429613031000031 49.004221823000080)",Unfall 173537 (2019) Kat:3, Licht: 0,173537,3,3,5,02,15,5,1,0,1,1,0,0,0,0
"POINT (8.417846568000073 49.016909905000034)",Unfall 173562 (2019) Kat:3, Licht: 0,173562,3,6,2,02,08,3,0,0,0,1,0,0,0,1
"POINT (8.387281473000030 49.007633594000026)",Unfall 173574 (2019) Kat:3, Licht: 2,173574,3,2,3,02,18,3,0,2,1,1,0,0,0,0
"POINT (8.394230855000046 49.011793199000067)",Unfall 173601 (2019) Kat:3, Licht: 0,173601,3,6,0,02,11,3,0,0,1,1,0,0,0,0
"POINT (8.394786249000049 49.002431722000040)",Unfall 173650 (2019) Kat:3, Licht: 0,173650,3,7,0,02,07,4,0,0,1,1,0,0,0,0
"POINT (8.384628343000031 49.014745230000074)",Unfall 173656 (2019) Kat:3, Licht: 0,173656,3,3,5,02,16,6,0,0,1,1,0,0,0,0
"POINT (8.358046638000076 49.047932661000061)",Unfall 173670 (2019) Kat:3, Licht: 0,173670,3,7,6,02,10,2,0,0,0,1,1,0,0,0
"POINT (8.386375914000041 49.026552969000079)",Unfall 173701 (2019) Kat:3, Licht: 0,173701,3,2,5,02,12,5,0,0,1,1,0,0,0,0
"POINT (8.318117672000028 49.006547297000054)",Unfall 173702 (2019) Kat:3, Licht: 0,173702,3,5,1,02,12,1,0,0,1,1,0,0,0,0
"POINT (8.444247852000046 49.005734182000026)",Unfall 173746 (2019) Kat:3, Licht: 0,173746,3,2,5,02,10,6,0,0,0,1,0,0,0,1
"POINT (8.418191822000040 49.009266459000060)",Unfall 173751 (2019) Kat:2, Licht: 0,173751,2,7,6,02,15,2,0,0,1,0,1,0,0,0
"POINT (8.423671366000065 49.025001994000036)",Unfall 173763 (2019) Kat:3, Licht: 2,173763,3,3,5,02,18,5,0,2,1,1,0,0,0,0
"POINT (8.478304825000066 49.000829685000042)",Unfall 173805 (2019) Kat:3, Licht: 0,173805,3,7,0,02,11,4,0,0,1,1,0,0,0,0
"POINT (8.411173654000038 48.997121288000073)",Unfall 173806 (2019) Kat:3, Licht: 0,173806,3,6,3,02,15,7,0,0,0,1,0,1,0,0
"POINT (8.364055742000062 48.989158833000033)",Unfall 173875 (2019) Kat:3, Licht: 2,173875,3,7,0,03,04,2,0,2,0,1,0,0,0,0
"POINT (8.371675350000032 48.991046973000039)",Unfall 173883 (2019) Kat:3, Licht: 0,173883,3,2,2,03,12,2,0,0,0,0,0,1,0,1
"POINT (8.431505430000073 48.996915322000063)",Unfall 173948 (2019) Kat:3, Licht: 0,173948,3,3,5,03,12,6,1,0,0,1,0,0,0,0
"POINT (8.423241952000069 49.010920410000040)",Unfall 173978 (2019) Kat:3, Licht: 0,173978,3,6,2,02,12,5,0,0,0,1,0,0,0,0
"POINT (8.409168158000057 49.004328745000066)",Unfall 174004 (2019) Kat:3, Licht: 0,174004,3,6,2,02,12,4,0,0,0,1,0,0,0,0
"POINT (8.434545479000065 49.011482044000047)",Unfall 174017 (2019) Kat:3, Licht: 0,174017,3,3,5,02,08,4,0,0,1,1,0,0,0,0
"POINT (8.382038675000047 49.010533078000037)",Unfall 174047 (2019) Kat:3, Licht: 0,174047,3,3,0,02,12,3,0,0,1,0,0,0,0,1
"POINT (8.473871964000068 48.997694934000037)",Unfall 174094 (2019) Kat:3, Licht: 0,174094,3,6,2,02,16,2,0,0,1,0,0,0,0,1
"POINT (8.408130697000047 49.001492008000071)",Unfall 174095 (2019) Kat:3, Licht: 0,174095,3,2,5,02,13,2,0,0,1,1,0,0,0,0
"POINT (8.496479352000051 49.006977606000078)",Unfall 174138 (2019) Kat:3, Licht: 0,174138,3,4,6,02,12,7,0,0,0,1,1,0,0,0
"POINT (8.374520950000033 48.994148120000034)",Unfall 174174 (2019) Kat:3, Licht: 0,174174,3,6,4,03,15,4,0,0,0,1,0,0,0,0
"POINT (8.360011390000068 49.024983401000043)",Unfall 174182 (2019) Kat:3, Licht: 2,174182,3,7,0,03,18,4,1,2,1,0,0,0,0,1
"POINT (8.407363840000073 49.004140988000074)",Unfall 174206 (2019) Kat:3, Licht: 0,174206,3,6,2,03,09,3,0,0,0,1,0,0,0,1
"POINT (8.429748232000065 49.014334973000075)",Unfall 174207 (2019) Kat:3, Licht: 0,174207,3,4,6,03,14,3,0,0,0,1,1,0,0,0
"POINT (8.389580918000036 49.004533533000028)",Unfall 174254 (2019) Kat:3, Licht: 0,174254,3,7,0,03,12,2,0,0,1,0,0,0,0,0
"POINT (8.392301980000070 49.028158069000028)",Unfall 174290 (2019) Kat:3, Licht: 0,174290,3,4,6,03,16,7,0,0,0,1,1,0,0,0
"POINT (8.401314527000068 48.974239996000051)",Unfall 174313 (2019) Kat:3, Licht: 0,174313,3,1,8,03,13,6,1,0,0,1,0,0,0,0
"POINT (8.403656944000034 49.007040572000051)",Unfall 174314 (2019) Kat:3, Licht: 2,174314,3,2,2,03,19,6,0,2,1,1,0,0,0,0
"POINT (8.393448840000076 48.994602103000034)",Unfall 174327 (2019) Kat:3, Licht: 0,174327,3,7,0,03,16,3,1,0,0,0,0,0,0,1
"POINT (8.405868651000048 48.998332063000078)",Unfall 174347 (2019) Kat:3, Licht: 0,174347,3,3,5,03,16,5,0,0,0,1,0,0,0,0
"POINT (8.352572022000061 49.011426363000055)",Unfall 174366 (2019) Kat:1, Licht: 0,174366,1,3,5,03,12,4,0,0,1,1,0,0,0,0
"POINT (8.365754965000065 48.990155428000037)",Unfall 174367 (2019) Kat:3, Licht: 0,174367,3,7,9,03,10,4,0,0,0,1,0,0,0,0
"POINT (8.459070482000072 48.998937712000043)",Unfall 174373 (2019) Kat:3, Licht: 0,174373,3,3,5,03,12,4,0,0,0,1,0,0,0,0
"POINT (8.417838157000062 49.016934336000077)",Unfall 174420 (2019) Kat:2, Licht: 0,174420,2,3,5,03,13,5,0,0,1,1,0,0,0,0
"POINT (8.380946576000042 49.000668990000065)",Unfall 174431 (2019) Kat:3, Licht: 0,174431,3,3,5,03,15,5,0,0,1,1,0,0,0,0
"POINT (8.364451524000060 49.011345240000026)",Unfall 174463 (2019) Kat:1, Licht: 0,174463,1,4,6,03,10,4,0,0,0,0,1,0,0,1
"POINT (8.329218372000071 49.003208488000041)",Unfall 174473 (2019) Kat:3, Licht: 2,174473,3,5,1,03,23,4,0,2,1,1,0,0,0,0
"POINT (8.402223709000054 49.008474808000074)",Unfall 174505 (2019) Kat:2, Licht: 0,174505,2,1,0,03,19,3,0,0,0,0,0,1,0,0
"POINT (8.379440882000040 49.018407017000072)",Unfall 174518 (2019) Kat:3, Licht: 0,174518,3,6,2,03,16,3,0,0,1,0,0,0,0,1
"POINT (8.391113753000070 49.004596864000064)",Unfall 174519 (2019) Kat:3, Licht: 0,174519,3,3,5,03,14,3,0,0,1,1,0,0,0,0
"POINT (8.413517165000030 49.007089446000066)",Unfall 174520 (2019) Kat:3, Licht: 0,174520,3,2,5,03,17,3,0,0,0,1,0,1,0,0
"POINT (8.391649953000069 49.014459965000071)",Unfall 174549 (2019) Kat:3, Licht: 0,174549,3,2,4,03,15,2,1,0,1,1,0,0,0,0
"POINT (8.446713730000056 49.039486956000076)",Unfall 174557 (2019) Kat:3, Licht: 0,174557,3,3,5,03,17,2,0,0,1,1,0,0,0,0
"POINT (8.346292031000075 49.015575521000073)",Unfall 174558 (2019) Kat:3, Licht: 2,174558,3,1,0,03,19,2,0,2,0,0,0,1,0,0
"POINT (8.462918099000035 48.990695125000059)",Unfall 174559 (2019) Kat:3, Licht: 2,174559,3,7,6,03,20,2,0,2,1,0,1,0,0,0
"POINT (8.329212264000034 49.006277311000076)",Unfall 174583 (2019) Kat:3, Licht: 0,174583,3,3,5,03,12,1,1,0,0,1,0,0,0,0
"POINT (8.394504396000059 49.005446603000053)",Unfall 174602 (2019) Kat:3, Licht: 0,174602,3,2,5,03,15,7,0,0,0,1,0,0,0,1
"POINT (8.362600170000064 49.010593352000058)",Unfall 174623 (2019) Kat:3, Licht: 0,174623,3,3,5,03,17,6,1,0,0,1,0,0,0,0
"POINT (8.391796972000066 49.010154763000060)",Unfall 174624 (2019) Kat:3, Licht: 0,174624,3,3,0,03,11,6,1,0,0,1,0,0,0,1
"POINT (8.385708255000054 48.995318715000053)",Unfall 174632 (2019) Kat:3, Licht: 0,174632,3,6,2,03,16,6,1,0,0,1,0,0,0,0
"POINT (8.400440956000068 49.040943506000076)",Unfall 174648 (2019) Kat:3, Licht: 0,174648,3,5,1,03,18,6,0,0,1,1,0,0,0,0
"POINT (8.391314626000053 49.005961644000081)",Unfall 174682 (2019) Kat:3, Licht: 0,174682,3,5,1,03,15,5,0,0,1,1,0,0,0,0
"POINT (8.381838658000049 49.005655706000027)",Unfall 174683 (2019) Kat:3, Licht: 0,174683,3,7,2,03,16,5,0,0,0,0,0,1,0,1
"POINT (8.382555595000042 49.010698897000054)",Unfall 174685 (2019) Kat:2, Licht: 2,174685,2,4,6,03,22,5,0,2,0,0,1,0,0,1
"POINT (8.469125361000067 48.968569443000035)",Unfall 174720 (2019) Kat:2, Licht: 0,174720,2,1,7,03,07,4,0,0,1,0,0,0,0,0
"POINT (8.407075366000072 49.008788227000082)",Unfall 174721 (2019) Kat:2, Licht: 0,174721,2,3,5,03,09,4,0,0,1,0,0,0,0,0
"POINT (8.388969476000057 49.009956489000047)",Unfall 174728 (2019) Kat:3, Licht: 0,174728,3,1,0,03,14,4,0,0,0,1,0,0,0,0
"POINT (8.471005722000029 48.996668216000046)",Unfall 174729 (2019) Kat:3, Licht: 0,174729,3,7,0,03,15,4,0,0,0,1,0,0,0,0
"POINT (8.367549713000074 49.030677116000049)",Unfall 174767 (2019) Kat:3, Licht: 2,174767,3,6,2,03,18,3,0,2,0,1,0,0,0,0
"POINT (8.410572376000062 48.999886026000070)",Unfall 174768 (2019) Kat:3, Licht: 0,174768,3,4,6,03,17,3,0,0,0,1,1,0,0,0
"POINT (8.338491202000057 49.000036425000076)",Unfall 174769 (2019) Kat:2, Licht: 0,174769,2,7,6,03,17,3,0,0,0,0,1,0,0,1
"POINT (8.370454899000038 49.030535799000063)",Unfall 174777 (2019) Kat:3, Licht: 0,174777,3,2,2,03,18,3,0,0,0,1,0,0,0,1
"POINT (8.391932855000050 49.006766154000047)",Unfall 174802 (2019) Kat:3, Licht: 2,174802,3,2,5,03,20,2,1,2,1,0,0,0,0,0
"POINT (8.451294927000049 48.977352900000028)",Unfall 174811 (2019) Kat:3, Licht: 0,174811,3,2,5,03,16,2,0,0,1,1,0,0,0,0
"POINT (8.439532166000049 49.008920408000051)",Unfall 174837 (2019) Kat:3, Licht: 0,174837,3,1,0,03,15,1,0,0,0,0,0,1,0,0
"POINT (8.448768136000069 48.992346254000040)",Unfall 174838 (2019) Kat:3, Licht: 0,174838,3,3,5,03,16,1,0,0,0,1,0,1,0,0
"POINT (8.381798095000022 49.010544942000081)",Unfall 174855 (2019) Kat:3, Licht: 0,174855,3,6,2,03,14,7,0,0,0,1,0,1,0,0
"POINT (8.421909327000037 49.000669054000070)",Unfall 174864 (2019) Kat:3, Licht: 0,174864,3,2,2,03,13,7,0,0,0,1,0,0,0,0
"POINT (8.363807739000038 49.012531660000036)",Unfall 174893 (2019) Kat:3, Licht: 0,174893,3,5,1,03,10,6,0,0,0,1,0,1,0,0
"POINT (8.383580251000069 49.034152569000071)",Unfall 174894 (2019) Kat:3, Licht: 0,174894,3,3,5,03,18,6,0,0,0,1,0,0,0,0
"POINT (8.389406080000072 48.992867360000048)",Unfall 174895 (2019) Kat:3, Licht: 0,174895,3,3,5,03,08,6,0,0,0,1,0,1,0,0
"POINT (8.384737886000039 49.020419512000046)",Unfall 174902 (2019) Kat:3, Licht: 2,174902,3,2,5,03,05,6,0,2,0,1,0,1,0,0
"POINT (8.384834978000072 49.057635375000075)",Unfall 174903 (2019) Kat:3, Licht: 0,174903,3,3,5,03,16,6,0,0,1,1,0,0,0,0
"POINT (8.365350875000047 49.027433097000028)",Unfall 174909 (2019) Kat:3, Licht: 0,174909,3,3,5,04,17,5,1,0,1,1,0,0,0,0
"POINT (8.385180991000027 49.020272610000063)",Unfall 174910 (2019) Kat:3, Licht: 0,174910,3,3,5,04,16,5,1,0,1,1,0,0,0,0
"POINT (8.409895564000067 48.972478815000045)",Unfall 174914 (2019) Kat:3, Licht: 0,174914,3,2,5,04,16,5,1,0,0,1,0,0,0,0
"POINT (8.443293400000073 49.005848258000071)",Unfall 174943 (2019) Kat:3, Licht: 0,174943,3,3,5,04,09,4,1,0,0,1,0,0,0,0
"POINT (8.413621699000032 49.007012774000032)",Unfall 174944 (2019) Kat:3, Licht: 0,174944,3,6,2,04,09,4,1,0,0,1,0,0,0,0
"POINT (8.375260122000043 49.049551173000054)",Unfall 174945 (2019) Kat:3, Licht: 0,174945,3,3,5,04,15,4,1,0,0,1,0,1,0,0
"POINT (8.374251754000056 49.022421233000046)",Unfall 174958 (2019) Kat:3, Licht: 0,174958,3,2,5,04,13,4,1,0,1,1,0,0,0,0
"POINT (8.478599571000075 49.002567557000077)",Unfall 174959 (2019) Kat:3, Licht: 0,174959,3,3,5,04,11,4,1,0,0,1,0,0,0,0
"POINT (8.451970376000077 49.005588783000064)",Unfall 174999 (2019) Kat:3, Licht: 0,174999,3,3,5,04,17,3,0,0,1,1,0,0,0,0
"POINT (8.344973096000047 49.007040790000076)",Unfall 175033 (2019) Kat:3, Licht: 0,175033,3,2,2,04,16,2,0,0,0,1,0,0,0,0
"POINT (8.414358750000076 49.001001025000051)",Unfall 175034 (2019) Kat:3, Licht: 0,175034,3,3,5,04,07,2,0,0,0,1,0,1,0,0
"POINT (8.381242841000073 49.007816236000053)",Unfall 175042 (2019) Kat:3, Licht: 0,175042,3,4,6,04,17,2,0,0,0,1,1,0,0,0
"POINT (8.456208015000073 49.028556573000060)",Unfall 175076 (2019) Kat:3, Licht: 0,175076,3,5,1,03,17,1,0,0,0,1,0,1,0,0
"POINT (8.453410891000033 48.996237150000070)",Unfall 175108 (2019) Kat:2, Licht: 0,175108,2,3,5,03,11,7,0,0,0,1,0,1,0,0
"POINT (8.448762034000026 48.992290724000043)",Unfall 175109 (2019) Kat:3, Licht: 0,175109,3,4,6,03,09,7,0,0,0,1,1,0,0,0
"POINT (8.395629287000077 48.984563105000063)",Unfall 175117 (2019) Kat:3, Licht: 0,175117,3,6,2,03,08,7,0,0,0,1,0,0,0,0
"POINT (8.436425776000021 49.005299453000077)",Unfall 175155 (2019) Kat:3, Licht: 0,175155,3,3,5,03,16,6,0,0,1,1,0,0,0,0
"POINT (8.371884685000055 49.007524746000058)",Unfall 175192 (2019) Kat:3, Licht: 0,175192,3,5,1,04,14,5,0,0,1,1,0,0,0,0
"POINT (8.373003946000040 49.015319917000056)",Unfall 175204 (2019) Kat:3, Licht: 0,175204,3,3,5,04,17,5,0,0,0,1,0,1,0,0
"POINT (8.407284767000022 49.011410456000078)",Unfall 175205 (2019) Kat:3, Licht: 0,175205,3,7,0,04,14,5,0,0,0,1,0,0,0,0
"POINT (8.446522452000068 49.011892853000063)",Unfall 175236 (2019) Kat:3, Licht: 0,175236,3,7,2,04,17,4,0,0,0,1,0,1,0,0
"POINT (8.382032464000076 49.013052790000074)",Unfall 175259 (2019) Kat:3, Licht: 0,175259,3,3,5,04,12,3,0,0,1,1,0,0,0,0
"POINT (8.421740236000062 49.006156615000066)",Unfall 175311 (2019) Kat:3, Licht: 0,175311,3,3,5,04,17,2,0,0,1,1,0,0,0,0
"POINT (8.431825360000062 49.008132951000050)",Unfall 175312 (2019) Kat:3, Licht: 0,175312,3,1,0,04,19,2,0,0,1,0,0,0,0,0
"POINT (8.381149149000066 49.010759387000064)",Unfall 175346 (2019) Kat:2, Licht: 2,175346,2,7,0,04,02,1,0,2,0,0,1,0,0,1
"POINT (8.462613771000065 48.994099700000049)",Unfall 175363 (2019) Kat:3, Licht: 0,175363,3,3,5,04,16,7,0,0,0,1,0,0,0,0
"POINT (8.385668252000073 49.010393682000029)",Unfall 175365 (2019) Kat:3, Licht: 0,175365,3,7,3,04,14,7,0,0,0,1,0,1,0,1
"POINT (8.460025350000024 49.001255463000064)",Unfall 175366 (2019) Kat:3, Licht: 2,175366,3,7,0,04,04,7,0,2,1,0,0,0,0,0
"POINT (8.398012050000034 49.002403609000055)",Unfall 175390 (2019) Kat:3, Licht: 0,175390,3,3,5,04,07,6,0,0,1,1,0,0,0,0
"POINT (8.447770233000028 49.036916885000039)",Unfall 175398 (2019) Kat:3, Licht: 0,175398,3,3,5,04,18,6,0,0,1,0,0,0,0,0
"POINT (8.383613580000031 49.020774530000040)",Unfall 175399 (2019) Kat:3, Licht: 0,175399,3,5,1,04,18,6,0,0,1,1,0,0,0,0
"POINT (8.472729454000046 49.001240239000026)",Unfall 175463 (2019) Kat:3, Licht: 0,175463,3,5,1,04,14,5,0,0,1,1,0,0,0,0
"POINT (8.367897204000030 49.008306360000063)",Unfall 175475 (2019) Kat:3, Licht: 0,175475,3,3,5,04,17,5,0,0,0,1,0,0,0,0
"POINT (8.393466922000073 49.010015343000077)",Unfall 175506 (2019) Kat:3, Licht: 0,175506,3,4,6,04,10,4,0,0,0,1,1,0,0,0
"POINT (8.405462218000025 49.024166559000037)",Unfall 175507 (2019) Kat:3, Licht: 0,175507,3,2,2,04,09,4,1,0,0,1,0,0,0,0
"POINT (8.371291571000029 49.007187500000043)",Unfall 175508 (2019) Kat:3, Licht: 0,175508,3,3,5,04,16,4,0,0,1,1,0,0,0,0
"POINT (8.438439402000029 49.041275066000026)",Unfall 175520 (2019) Kat:3, Licht: 2,175520,3,7,0,04,22,4,0,2,1,0,0,0,0,0
"POINT (8.431327646000057 49.006440526000063)",Unfall 175592 (2019) Kat:2, Licht: 0,175592,2,2,5,04,13,2,0,0,1,0,0,0,1,0
"POINT (8.403250411000045 49.003929741000036)",Unfall 175620 (2019) Kat:3, Licht: 0,175620,3,7,0,04,12,1,0,0,1,0,0,0,0,0
"POINT (8.352508251000074 49.019116491000034)",Unfall 175677 (2019) Kat:1, Licht: 0,175677,1,1,4,04,07,6,0,0,0,1,0,1,0,0
"POINT (8.387357267000027 49.014680242000054)",Unfall 175678 (2019) Kat:3, Licht: 0,175678,3,6,2,04,13,6,0,0,0,1,0,0,0,0
"POINT (8.467645895000032 49.001335670000060)",Unfall 175679 (2019) Kat:3, Licht: 0,175679,3,7,1,04,18,6,0,0,1,1,0,0,0,0
"POINT (8.362610295000025 49.010613066000076)",Unfall 175680 (2019) Kat:2, Licht: 2,175680,2,3,5,04,21,6,0,2,1,1,0,0,0,0
"POINT (8.462320356000021 48.996953041000040)",Unfall 175733 (2019) Kat:2, Licht: 0,175733,2,3,5,04,20,5,0,0,1,1,0,0,0,0
"POINT (8.425992498000028 49.018740724000054)",Unfall 175736 (2019) Kat:3, Licht: 1,175736,3,3,5,04,20,5,0,1,1,0,0,0,0,0
"POINT (8.393782748000035 49.014384956000072)",Unfall 175751 (2019) Kat:3, Licht: 0,175751,3,2,2,04,10,5,0,0,1,1,0,0,0,0
"POINT (8.418269908000070 49.013400590000060)",Unfall 175790 (2019) Kat:3, Licht: 0,175790,3,2,5,04,17,4,0,0,1,1,0,0,0,0
"POINT (8.362564848000034 49.011577284000055)",Unfall 175801 (2019) Kat:3, Licht: 0,175801,3,7,6,04,14,4,0,0,0,1,1,0,0,0
"POINT (8.390273653000065 48.993756500000075)",Unfall 175802 (2019) Kat:3, Licht: 0,175802,3,3,5,04,19,4,0,0,1,0,0,0,0,0
"POINT (8.444155395000053 49.005728381000040)",Unfall 175803 (2019) Kat:3, Licht: 0,175803,3,2,5,04,17,4,0,0,0,1,0,0,0,0
"POINT (8.355494682000028 49.003212677000079)",Unfall 175836 (2019) Kat:3, Licht: 0,175836,3,2,2,04,09,3,0,0,0,1,0,1,0,0
"POINT (8.343686768000055 49.001680068000042)",Unfall 175846 (2019) Kat:3, Licht: 0,175846,3,3,5,04,11,3,0,0,0,1,0,0,0,0
"POINT (8.362834782000050 48.984438675000035)",Unfall 175847 (2019) Kat:3, Licht: 0,175847,3,2,2,04,18,3,0,0,0,1,0,0,0,1
"POINT (8.502273867000042 49.005956953000066)",Unfall 175848 (2019) Kat:3, Licht: 0,175848,3,2,5,04,07,3,0,0,1,1,0,0,0,0
"POINT (8.404341060000036 48.997232695000037)",Unfall 175929 (2019) Kat:3, Licht: 2,175929,3,3,5,04,22,7,0,2,1,1,0,0,0,0
"POINT (8.394267935000073 49.031183777000081)",Unfall 175931 (2019) Kat:3, Licht: 0,175931,3,3,5,04,09,7,0,0,0,1,0,0,0,0
"POINT (8.447719251000024 49.005769335000082)",Unfall 175932 (2019) Kat:2, Licht: 0,175932,2,3,5,04,11,7,0,0,1,1,0,0,0,0