WKT,Name,OBJECTID,UKATEGORIE,UTYP1,UART,UMONAT,USTUNDE,UWOCHENTAG,STRZUSTAND,ULICHTVERH,ISTRAD,ISTPKW,ISTFUSS,ISTKRAD,ISTGKFZ,ISTSONSTIG
"POINT (8.394334792000052 48.987626355000032)",Unfall 175933 (2019) Kat:3, Licht: 0,175933,3,3,5,04,15,7,0,0,1,0,0,0,0,1
"POINT (8.310820837000051 49.000488333000078)",Unfall 175946 (2019) Kat:3, Licht: 0,175946,3,6,3,04,17,7,0,0,1,0,0,0,0,1
"POINT (8.375106616000039 49.014207806000059)",Unfall 175947 (2019) Kat:3, Licht: 0,175947,3,7,6,04,11,7,0,0,1,0,1,0,0,0
"POINT (8.395694426000034 48.994151993000060)",Unfall 175958 (2019) Kat:3, Licht: 0,175958,3,6,4,05,14,2,0,0,1,0,0,0,0,0
"POINT (8.366206975000068 49.018543053000030)",Unfall 175986 (2019) Kat:3, Licht: 0,175986,3,6,3,05,16,1,0,0,1,0,0,0,0,0
"POINT (8.417158655000037 49.001151765000031)",Unfall 175999 (2019) Kat:3, Licht: 0,175999,3,3,5,05,19,7,0,0,0,1,0,0,0,0
"POINT (8.461942372000067 49.017523068000060)",Unfall 176031 (2019) Kat:3, Licht: 0,176031,3,6,3,05,18,6,0,0,0,1,0,1,0,0
"POINT (8.389017408000029 49.002046943000039)",Unfall 176061 (2019) Kat:3, Licht: 0,176061,3,3,5,05,15,5,0,0,1,1,0,0,0,0
"POINT (8.448058316000072 48.988885175000064)",Unfall 176093 (2019) Kat:2, Licht: 0,176093,2,3,5,05,15,4,0,0,1,1,0,0,0,0
"POINT (8.483700227000043 49.002358833000073)",Unfall 176140 (2019) Kat:2, Licht: 0,176140,2,7,0,04,15,3,0,0,0,1,0,0,0,0
"POINT (8.416606269000056 49.015164354000035)",Unfall 176153 (2019) Kat:2, Licht: 0,176153,2,3,5,04,09,3,0,0,1,0,0,0,0,0
"POINT (8.463611437000054 48.999113364000038)",Unfall 176179 (2019) Kat:3, Licht: 1,176179,3,2,2,04,20,2,1,1,0,1,0,1,0,0
"POINT (8.498071690000074 49.002891198000043)",Unfall 176195 (2019) Kat:3, Licht: 0,176195,3,2,5,04,16,1,0,0,1,1,0,0,0,0
"POINT (8.380322062000062 49.050362102000065)",Unfall 176234 (2019) Kat:3, Licht: 0,176234,3,3,5,05,19,2,0,0,0,1,0,0,0,0
"POINT (8.450676382000040 48.995487499000035)",Unfall 176235 (2019) Kat:3, Licht: 0,176235,3,3,5,05,16,2,0,0,1,1,0,0,0,0
"POINT (8.360302272000070 49.011089489000028)",Unfall 176236 (2019) Kat:3, Licht: 0,176236,3,3,5,05,17,2,0,0,1,0,0,0,0,1
"POINT (8.490782425000020 49.006880343000034)",Unfall 176248 (2019) Kat:3, Licht: 2,176248,3,2,0,05,21,2,0,2,1,0,0,0,0,0
"POINT (8.416367730000047 49.008523643000046)",Unfall 176267 (2019) Kat:3, Licht: 0,176267,3,3,5,05,18,1,0,0,1,1,0,0,0,0
"POINT (8.370210484000040 49.024597911000058)",Unfall 176293 (2019) Kat:3, Licht: 0,176293,3,5,1,05,12,7,0,0,0,1,0,0,0,1
"POINT (8.398937835000027 49.009826012000076)",Unfall 176294 (2019) Kat:3, Licht: 2,176294,3,1,0,05,01,7,1,2,1,0,0,0,0,0
"POINT (8.423904200000038 49.007963655000026)",Unfall 176295 (2019) Kat:3, Licht: 2,176295,3,1,0,05,00,7,1,2,1,0,0,0,0,0
"POINT (8.403163657000050 49.003096939000045)",Unfall 176316 (2019) Kat:2, Licht: 0,176316,2,2,0,05,09,6,0,0,1,0,0,1,0,0
"POINT (8.455428910000023 49.026326253000036)",Unfall 176328 (2019) Kat:3, Licht: 0,176328,3,2,2,05,08,6,0,0,0,1,0,0,0,0
"POINT (8.375190773000043 49.011032865000061)",Unfall 176359 (2019) Kat:3, Licht: 0,176359,3,3,5,05,13,5,1,0,0,1,0,0,0,0
"POINT (8.381681862000050 49.007899809000037)",Unfall 176367 (2019) Kat:3, Licht: 2,176367,3,7,0,05,01,5,1,2,1,0,0,0,0,0
"POINT (8.376942243000030 49.048349035000058)",Unfall 176441 (2019) Kat:2, Licht: 0,176441,2,3,5,05,10,3,0,0,1,1,0,0,0,0
"POINT (8.394771380000066 49.007675075000066)",Unfall 176442 (2019) Kat:3, Licht: 0,176442,3,6,2,05,16,3,0,0,0,1,0,0,0,0
"POINT (8.394827674000055 49.005907596000043)",Unfall 176443 (2019) Kat:3, Licht: 0,176443,3,2,5,05,16,3,0,0,1,1,0,0,0,0
"POINT (8.449873132000050 48.994888922000030)",Unfall 176457 (2019) Kat:3, Licht: 0,176457,3,3,5,05,11,3,0,0,1,1,0,0,0,0
"POINT (8.400754394000046 49.010917578000033)",Unfall 176482 (2019) Kat:3, Licht: 0,176482,3,3,5,05,12,2,0,0,1,1,0,0,0,0
"POINT (8.431971125000075 49.010315736000052)",Unfall 176489 (2019) Kat:3, Licht: 0,176489,3,2,4,05,16,3,0,0,1,1,0,0,0,0
"POINT (8.396896911000056 48.999825795000049)",Unfall 176491 (2019) Kat:3, Licht: 0,176491,3,6,2,05,07,3,0,0,0,1,0,0,0,0
"POINT (8.327372900000057 49.007065459000046)",Unfall 176502 (2019) Kat:2, Licht: 0,176502,2,5,3,05,17,3,0,0,1,1,0,0,0,0
"POINT (8.398010865000060 49.002403339000068)",Unfall 176512 (2019) Kat:3, Licht: 2,176512,3,3,5,05,21,2,1,2,0,1,0,0,0,1
"POINT (8.361173088000044 49.015537451000057)",Unfall 176516 (2019) Kat:3, Licht: 0,176516,3,6,2,05,14,2,1,0,0,1,0,0,0,0
"POINT (8.375010069000041 49.015081117000079)",Unfall 176517 (2019) Kat:3, Licht: 0,176517,3,7,0,05,11,2,0,0,1,0,0,0,0,0
"POINT (8.411739202000035 48.994447366000031)",Unfall 176539 (2019) Kat:3, Licht: 0,176539,3,3,6,05,14,1,0,0,0,1,1,0,0,0
"POINT (8.408229418000076 48.999084334000031)",Unfall 176542 (2019) Kat:3, Licht: 0,176542,3,3,5,05,12,1,0,0,0,1,0,0,0,0
"POINT (8.385965406000025 49.026621167000030)",Unfall 176559 (2019) Kat:3, Licht: 0,176559,3,3,5,05,15,3,0,0,1,1,0,0,0,0
"POINT (8.405848725000055 48.992786995000074)",Unfall 176561 (2019) Kat:3, Licht: 0,176561,3,2,5,05,13,7,0,0,1,1,0,0,0,0
"POINT (8.395476775000077 49.030159140000080)",Unfall 176569 (2019) Kat:3, Licht: 0,176569,3,6,2,05,12,7,0,0,0,1,0,0,0,0
"POINT (8.364643130000047 49.002488775000074)",Unfall 176604 (2019) Kat:3, Licht: 0,176604,3,3,5,05,07,6,0,0,1,1,0,0,0,0
"POINT (8.374973710000063 49.012523607000048)",Unfall 176608 (2019) Kat:3, Licht: 0,176608,3,6,2,05,15,3,0,0,0,1,0,0,0,0
"POINT (8.346593630000029 49.029871131000050)",Unfall 176641 (2019) Kat:3, Licht: 0,176641,3,3,5,05,11,5,0,0,1,1,0,0,0,0
"POINT (8.385058581000067 49.020273387000032)",Unfall 176689 (2019) Kat:3, Licht: 0,176689,3,3,5,05,17,4,0,0,0,1,0,1,0,0
"POINT (8.372346946000050 48.982370747000061)",Unfall 176690 (2019) Kat:3, Licht: 0,176690,3,3,5,05,07,4,0,0,1,1,0,0,0,0
"POINT (8.414633618000039 48.998231173000079)",Unfall 176699 (2019) Kat:3, Licht: 0,176699,3,7,0,05,08,4,0,0,1,0,1,0,0,0
"POINT (8.450729785000021 48.995376607000026)",Unfall 176700 (2019) Kat:3, Licht: 0,176700,3,3,5,05,16,4,0,0,1,1,0,0,0,0
"POINT (8.390037875000076 48.994846628000062)",Unfall 176701 (2019) Kat:3, Licht: 0,176701,3,4,6,05,11,4,0,0,0,1,1,0,0,0
"POINT (8.433921574000067 49.007699047000074)",Unfall 176753 (2019) Kat:3, Licht: 0,176753,3,3,5,05,17,7,0,0,0,1,0,1,0,0
"POINT (8.431760019000024 49.009773011000050)",Unfall 176810 (2019) Kat:3, Licht: 0,176810,3,2,4,05,15,6,0,0,1,1,0,0,0,0
"POINT (8.382583277000038 49.010798471000044)",Unfall 176852 (2019) Kat:3, Licht: 0,176852,3,4,6,05,17,5,0,0,0,1,1,0,0,0
"POINT (8.358807106000029 49.011761812000032)",Unfall 176865 (2019) Kat:3, Licht: 0,176865,3,3,0,05,20,5,0,0,1,0,0,1,0,0
"POINT (8.368367402000047 49.005863598000076)",Unfall 176866 (2019) Kat:3, Licht: 0,176866,3,3,5,05,08,5,0,0,0,1,0,1,0,0
"POINT (8.408784546000049 48.968606046000048)",Unfall 176867 (2019) Kat:3, Licht: 0,176867,3,7,0,05,15,5,0,0,0,1,0,0,0,0
"POINT (8.473017700000071 48.998620480000056)",Unfall 176919 (2019) Kat:3, Licht: 0,176919,3,4,6,05,18,4,0,0,0,1,1,0,0,1
"POINT (8.357193983000059 49.024133107000068)",Unfall 176920 (2019) Kat:3, Licht: 0,176920,3,6,2,05,16,4,0,0,0,1,0,0,0,0
"POINT (8.447349440000039 48.986886573000049)",Unfall 176927 (2019) Kat:3, Licht: 0,176927,3,6,2,05,20,4,0,0,0,1,0,0,0,0
"POINT (8.458613238000055 48.997702617000073)",Unfall 176955 (2019) Kat:3, Licht: 0,176955,3,3,5,05,19,3,1,0,0,1,0,1,0,0
"POINT (8.354480432000059 49.002291361000061)",Unfall 176956 (2019) Kat:3, Licht: 0,176956,3,6,2,05,09,3,1,0,0,1,0,0,0,0
"POINT (8.410261507000030 48.974790610000071)",Unfall 176957 (2019) Kat:3, Licht: 0,176957,3,3,5,05,09,3,1,0,1,1,0,0,0,0
"POINT (8.384655524000038 49.010423141000047)",Unfall 176990 (2019) Kat:3, Licht: 0,176990,3,5,4,05,12,2,0,0,1,0,0,0,0,0
"POINT (8.424583405000021 49.025528006000059)",Unfall 176991 (2019) Kat:3, Licht: 0,176991,3,6,2,05,07,2,0,0,0,1,0,0,0,0
"POINT (8.443143783000039 49.017169283000044)",Unfall 177013 (2019) Kat:2, Licht: 0,177013,2,3,5,05,11,6,0,0,1,1,0,0,0,0
"POINT (8.394686242000034 49.013126122000074)",Unfall 177021 (2019) Kat:3, Licht: 0,177021,3,2,4,05,18,6,0,0,1,1,0,0,0,0
"POINT (8.387116181000067 49.029993306000051)",Unfall 177045 (2019) Kat:3, Licht: 0,177045,3,3,5,05,17,5,0,0,1,1,0,0,0,0
"POINT (8.393313887000033 49.008375962000059)",Unfall 177095 (2019) Kat:3, Licht: 0,177095,3,3,5,05,17,4,0,0,0,1,0,0,0,0
"POINT (8.506433370000025 49.004990392000082)",Unfall 177106 (2019) Kat:3, Licht: 0,177106,3,3,5,05,18,4,0,0,0,1,0,1,0,0
"POINT (8.439747571000055 49.042421919000049)",Unfall 177140 (2019) Kat:3, Licht: 0,177140,3,6,2,05,15,3,0,0,0,1,0,0,0,0
"POINT (8.415099371000054 49.004032789000064)",Unfall 177141 (2019) Kat:3, Licht: 0,177141,3,3,5,05,09,3,0,0,1,1,0,0,0,0
"POINT (8.437170669000068 48.996761177000053)",Unfall 177142 (2019) Kat:3, Licht: 0,177142,3,3,5,05,17,3,0,0,0,1,0,1,0,0
"POINT (8.382130297000060 49.048912744000063)",Unfall 177151 (2019) Kat:3, Licht: 0,177151,3,1,0,05,13,3,0,0,1,0,0,0,0,0
"POINT (8.344468594000034 48.995670622000034)",Unfall 177194 (2019) Kat:3, Licht: 0,177194,3,3,5,05,15,2,0,0,0,1,0,0,0,0
"POINT (8.367945567000049 49.009444146000078)",Unfall 177239 (2019) Kat:3, Licht: 0,177239,3,3,5,05,19,1,0,0,1,1,0,0,0,0
"POINT (8.398740734000057 49.009166503000074)",Unfall 177240 (2019) Kat:3, Licht: 0,177240,3,1,6,05,17,1,0,0,1,0,1,0,0,0
"POINT (8.422914640000045 49.011209758000064)",Unfall 177269 (2019) Kat:3, Licht: 0,177269,3,2,3,06,07,4,0,0,0,1,0,1,0,0
"POINT (8.461713750000058 48.997563101000026)",Unfall 177272 (2019) Kat:3, Licht: 0,177272,3,3,5,06,11,4,0,0,1,1,0,0,0,0
"POINT (8.390435915000069 48.982158084000048)",Unfall 177276 (2019) Kat:3, Licht: 0,177276,3,3,5,06,06,4,0,0,0,1,0,0,0,0
"POINT (8.481209501000024 48.965398824000033)",Unfall 177290 (2019) Kat:2, Licht: 0,177290,2,1,0,06,08,4,0,0,1,0,0,0,0,0
"POINT (8.404294244000027 49.010135312000045)",Unfall 177291 (2019) Kat:3, Licht: 0,177291,3,5,1,06,18,4,0,0,1,1,0,0,0,0
"POINT (8.439145440000061 49.007517264000057)",Unfall 177353 (2019) Kat:2, Licht: 0,177353,2,3,5,06,16,3,0,0,0,1,0,1,0,0
"POINT (8.419203999000047 49.008475201000067)",Unfall 177365 (2019) Kat:3, Licht: 0,177365,3,3,5,06,07,3,0,0,1,1,0,0,0,0
"POINT (8.398274794000031 49.005661418000045)",Unfall 177403 (2019) Kat:3, Licht: 0,177403,3,1,0,06,08,2,0,0,0,0,0,1,0,0
"POINT (8.468177447000073 48.952564933000076)",Unfall 177404 (2019) Kat:3, Licht: 0,177404,3,3,5,06,07,2,0,0,1,1,0,0,0,0
"POINT (8.427014477000057 49.023072543000069)",Unfall 177415 (2019) Kat:3, Licht: 0,177415,3,1,0,06,15,2,1,0,1,0,0,0,0,0
"POINT (8.381558285000040 49.004584350000073)",Unfall 177416 (2019) Kat:3, Licht: 0,177416,3,5,1,06,13,2,0,0,1,1,0,0,0,0
"POINT (8.348058306000041 49.028769185000044)",Unfall 177417 (2019) Kat:3, Licht: 0,177417,3,2,3,06,07,2,0,0,1,1,0,0,0,0
"POINT (8.494380030000059 49.013200306000044)",Unfall 177453 (2019) Kat:3, Licht: 0,177453,3,3,5,06,18,1,0,0,0,1,0,0,0,1
"POINT (8.449849362000066 48.994871207000074)",Unfall 177484 (2019) Kat:2, Licht: 0,177484,2,3,5,06,09,7,0,0,1,1,0,0,0,0
"POINT (8.386293175000048 48.997526220000054)",Unfall 177495 (2019) Kat:3, Licht: 0,177495,3,2,5,06,19,7,0,0,1,1,0,0,0,0
"POINT (8.367606424000030 49.017543276000026)",Unfall 177540 (2019) Kat:3, Licht: 2,177540,3,6,3,06,23,3,0,2,1,0,0,0,0,1
"POINT (8.389538896000033 49.007502616000068)",Unfall 177572 (2019) Kat:3, Licht: 2,177572,3,3,5,06,23,1,1,2,1,1,0,0,0,0
"POINT (8.402729141000066 48.980201884000053)",Unfall 177579 (2019) Kat:3, Licht: 0,177579,3,7,0,06,17,1,1,0,1,1,0,0,0,0
"POINT (8.478542427000036 48.967980760000046)",Unfall 177654 (2019) Kat:2, Licht: 0,177654,2,2,4,06,08,6,0,0,1,1,0,0,0,0
"POINT (8.374622899000030 49.010914068000034)",Unfall 177672 (2019) Kat:3, Licht: 0,177672,3,6,2,06,17,6,0,0,0,1,0,0,0,0
"POINT (8.382400287000053 49.007864792000078)",Unfall 177673 (2019) Kat:3, Licht: 0,177673,3,5,0,06,13,6,0,0,1,0,0,0,0,0
"POINT (8.403586333000021 49.006760604000078)",Unfall 177674 (2019) Kat:3, Licht: 0,177674,3,3,0,06,16,6,0,0,1,1,0,0,0,0
"POINT (8.385018952000053 49.020325860000071)",Unfall 177675 (2019) Kat:3, Licht: 0,177675,3,3,5,06,14,6,0,0,1,1,0,0,0,0
"POINT (8.463916359000052 48.999520544000063)",Unfall 177724 (2019) Kat:3, Licht: 2,177724,3,7,6,06,23,5,0,2,0,0,1,0,0,1
"POINT (8.334946249000041 49.007642889000067)",Unfall 177725 (2019) Kat:3, Licht: 0,177725,3,1,0,06,16,5,1,0,0,0,0,1,0,0
"POINT (8.375003614000036 49.015027494000037)",Unfall 177738 (2019) Kat:3, Licht: 0,177738,3,5,0,06,16,5,1,0,1,1,0,0,0,0
"POINT (8.396904587000051 49.023612569000079)",Unfall 177739 (2019) Kat:3, Licht: 0,177739,3,2,2,06,16,5,1,0,0,1,0,1,0,0
"POINT (8.398946847000048 49.008360233000076)",Unfall 177740 (2019) Kat:3, Licht: 0,177740,3,1,0,06,07,5,0,0,1,0,0,0,0,0
"POINT (8.391109571000072 49.004544932000044)",Unfall 177766 (2019) Kat:3, Licht: 0,177766,3,7,1,06,11,3,0,0,0,1,0,0,0,0
"POINT (8.417765537000037 49.009769811000069)",Unfall 177837 (2019) Kat:3, Licht: 0,177837,3,1,0,06,06,1,1,0,1,0,0,0,0,0
"POINT (8.394922992000033 49.008792759000073)",Unfall 177870 (2019) Kat:3, Licht: 0,177870,3,2,0,06,17,7,0,0,0,0,0,0,0,1
"POINT (8.398005773000023 49.002402182000026)",Unfall 177871 (2019) Kat:3, Licht: 0,177871,3,2,5,06,14,7,0,0,0,1,0,0,0,1
"POINT (8.379542173000061 49.009103876000040)",Unfall 177883 (2019) Kat:2, Licht: 0,177883,2,7,0,06,11,7,0,0,1,0,0,0,0,0
"POINT (8.409512451000069 49.007783714000027)",Unfall 177928 (2019) Kat:3, Licht: 0,177928,3,1,0,06,16,6,1,0,0,0,0,1,0,0
"POINT (8.422114119000071 49.008788937000077)",Unfall 177929 (2019) Kat:3, Licht: 2,177929,3,7,0,06,00,6,0,2,1,0,0,0,0,0
"POINT (8.344773519000057 49.001271426000073)",Unfall 177961 (2019) Kat:1, Licht: 0,177961,1,6,2,06,20,5,0,0,0,1,0,0,0,0
"POINT (8.408045964000053 49.002444096000033)",Unfall 177962 (2019) Kat:2, Licht: 0,177962,2,1,6,06,16,5,0,0,1,1,1,0,0,0
"POINT (8.403296850000061 49.002999219000060)",Unfall 177963 (2019) Kat:3, Licht: 0,177963,3,3,6,06,19,5,0,0,1,0,1,0,0,0
"POINT (8.399902903000054 49.007999729000062)",Unfall 177964 (2019) Kat:3, Licht: 0,177964,3,4,6,06,16,5,0,0,0,1,1,0,0,0
"POINT (8.416333493000025 49.008504633000030)",Unfall 177976 (2019) Kat:3, Licht: 2,177976,3,7,0,06,03,5,1,2,1,0,0,0,0,0
"POINT (8.394464772000049 48.987762143000054)",Unfall 178005 (2019) Kat:3, Licht: 0,178005,3,6,1,06,13,4,0,0,0,1,0,1,0,0
"POINT (8.424177742000040 49.007708913000045)",Unfall 178016 (2019) Kat:3, Licht: 0,178016,3,6,1,06,12,4,0,0,0,1,0,0,0,1
"POINT (8.372996451000063 49.045997963000048)",Unfall 178069 (2019) Kat:3, Licht: 0,178069,3,3,5,06,10,1,0,0,1,1,0,0,0,0
"POINT (8.472127882000052 49.005965967000066)",Unfall 178077 (2019) Kat:3, Licht: 0,178077,3,6,0,06,17,1,0,0,1,1,0,0,0,0
"POINT (8.384407120000049 49.012445307000064)",Unfall 178104 (2019) Kat:3, Licht: 0,178104,3,7,1,06,08,7,0,0,1,1,0,0,0,0
"POINT (8.357013117000065 48.997807919000081)",Unfall 178110 (2019) Kat:3, Licht: 0,178110,3,7,0,06,15,7,0,0,1,0,0,0,0,0
"POINT (8.398008052000023 49.003483607000078)",Unfall 178111 (2019) Kat:3, Licht: 1,178111,3,5,1,06,04,7,0,1,1,1,0,0,0,0
"POINT (8.391562712000052 49.029599026000028)",Unfall 178112 (2019) Kat:3, Licht: 0,178112,3,1,0,06,14,7,1,0,1,0,0,0,0,0
"POINT (8.338883637000038 49.029246179000040)",Unfall 178142 (2019) Kat:3, Licht: 0,178142,3,3,5,06,09,6,0,0,1,1,0,0,0,0
"POINT (8.469653347000076 49.001201139000045)",Unfall 178150 (2019) Kat:3, Licht: 0,178150,3,1,0,06,16,6,0,0,1,0,0,0,0,0
"POINT (8.403713609000022 48.984869809000031)",Unfall 178171 (2019) Kat:3, Licht: 0,178171,3,2,2,06,16,5,0,0,0,1,0,0,0,0
"POINT (8.403521566000052 48.999244503000057)",Unfall 178178 (2019) Kat:3, Licht: 2,178178,3,3,0,06,01,5,1,2,1,1,0,0,0,0
"POINT (8.415977857000030 49.005584617000068)",Unfall 178179 (2019) Kat:2, Licht: 2,178179,2,7,0,06,03,5,0,2,1,0,0,0,0,0
"POINT (8.375073145000044 49.015187079000043)",Unfall 178208 (2019) Kat:2, Licht: 2,178208,2,1,0,06,22,4,0,2,1,0,0,0,0,0
"POINT (8.440687907000040 49.018057208000073)",Unfall 178209 (2019) Kat:3, Licht: 0,178209,3,2,5,06,15,4,0,0,0,1,0,0,0,0
"POINT (8.415011756000070 49.009132763000082)",Unfall 178265 (2019) Kat:2, Licht: 0,178265,2,2,5,06,08,3,0,0,1,0,0,0,0,1
"POINT (8.375624852000044 49.008222729000067)",Unfall 178280 (2019) Kat:3, Licht: 0,178280,3,1,7,06,14,6,0,0,1,0,0,0,0,0
"POINT (8.403296815000033 48.996304969000050)",Unfall 178281 (2019) Kat:3, Licht: 0,178281,3,5,1,06,12,6,0,0,1,1,0,0,0,0
"POINT (8.397945214000060 49.002674636000052)",Unfall 178282 (2019) Kat:3, Licht: 0,178282,3,5,1,06,09,6,0,0,1,1,0,0,0,0
"POINT (8.385058882000067 49.007771425000044)",Unfall 178283 (2019) Kat:3, Licht: 0,178283,3,3,5,06,07,6,0,0,1,0,0,0,0,0
"POINT (8.437504462000049 49.013244744000076)",Unfall 178351 (2019) Kat:3, Licht: 0,178351,3,3,5,06,10,5,0,0,1,1,0,0,0,0
"POINT (8.472347788000036 49.003467460000081)",Unfall 178352 (2019) Kat:3, Licht: 0,178352,3,3,5,06,08,5,0,0,1,1,0,0,0,0
"POINT (8.393238166000060 49.010088490000044)",Unfall 178353 (2019) Kat:3, Licht: 0,178353,3,5,1,06,14,5,0,0,1,0,0,0,0,1
"POINT (8.405126844000051 49.010169039000061)",Unfall 178354 (2019) Kat:3, Licht: 0,178354,3,3,5,06,19,5,0,0,1,0,0,0,0,0
"POINT (8.387787473000060 48.998604973000056)",Unfall 178367 (2019) Kat:3, Licht: 0,178367,3,7,1,06,16,5,0,0,1,1,0,0,0,0
"POINT (8.385356636000040 49.024007155000049)",Unfall 178368 (2019) Kat:3, Licht: 0,178368,3,5,1,06,12,5,0,0,1,1,0,0,0,0
"POINT (8.353254927000023 49.001599878000036)",Unfall 178416 (2019) Kat:3, Licht: 0,178416,3,3,5,06,19,4,0,0,1,1,0,0,0,0
"POINT (8.470107182000049 48.952039120000052)",Unfall 178417 (2019) Kat:3, Licht: 0,178417,3,7,6,06,09,4,0,0,0,1,1,0,0,0
"POINT (8.355911405000029 49.025930248000066)",Unfall 178488 (2019) Kat:3, Licht: 0,178488,3,5,1,06,14,3,0,0,1,1,0,0,0,0
"POINT (8.360497800000076 49.014787546000036)",Unfall 178489 (2019) Kat:3, Licht: 0,178489,3,3,5,06,07,3,0,0,1,0,0,0,0,1
"POINT (8.388820446000068 49.019082382000079)",Unfall 178601 (2019) Kat:3, Licht: 0,178601,3,3,5,07,07,3,0,0,1,0,0,0,0,0
"POINT (8.411014401000045 49.009247136000056)",Unfall 178650 (2019) Kat:3, Licht: 0,178650,3,1,0,07,16,2,0,0,1,0,0,0,0,0
"POINT (8.389764132000039 49.009912482000061)",Unfall 178666 (2019) Kat:3, Licht: 0,178666,3,5,3,07,11,2,0,0,1,1,0,0,0,0
"POINT (8.410237176000067 49.004434034000042)",Unfall 178706 (2019) Kat:3, Licht: 0,178706,3,1,0,06,18,1,0,0,1,0,0,0,0,0
"POINT (8.423551412000052 49.009634226000060)",Unfall 178707 (2019) Kat:3, Licht: 0,178707,3,3,5,06,20,1,0,0,1,1,0,0,0,0
"POINT (8.386459402000071 49.027326864000031)",Unfall 178742 (2019) Kat:3, Licht: 0,178742,3,3,5,06,09,7,0,0,0,1,0,0,0,0
"POINT (8.382842745000062 49.014853429000027)",Unfall 178743 (2019) Kat:3, Licht: 0,178743,3,7,9,06,19,7,0,0,0,1,0,0,0,0
"POINT (8.436267833000045 49.005328468000073)",Unfall 178753 (2019) Kat:3, Licht: 0,178753,3,7,0,06,11,7,0,0,1,0,0,0,0,0
"POINT (8.506835319000061 49.003072172000032)",Unfall 178754 (2019) Kat:3, Licht: 0,178754,3,1,0,06,19,7,0,0,1,0,0,0,0,0
"POINT (8.379615803000036 49.009169409000037)",Unfall 178798 (2019) Kat:3, Licht: 0,178798,3,3,0,06,12,6,0,0,0,0,0,0,0,1
"POINT (8.453730527000062 49.030549269000062)",Unfall 178808 (2019) Kat:2, Licht: 0,178808,2,1,0,07,20,4,0,0,1,0,0,0,0,0
"POINT (8.414459690000058 49.020910256000036)",Unfall 178830 (2019) Kat:3, Licht: 0,178830,3,7,0,07,11,1,0,0,0,0,0,1,0,0
"POINT (8.389345464000030 49.007555656000079)",Unfall 178859 (2019) Kat:3, Licht: 0,178859,3,5,1,07,15,7,0,0,1,1,0,0,0,0
"POINT (8.438846375000026 49.006805012000029)",Unfall 178861 (2019) Kat:3, Licht: 0,178861,3,3,5,07,17,7,0,0,0,1,0,0,0,0
"POINT (8.432709340000031 48.996632508000062)",Unfall 178914 (2019) Kat:3, Licht: 0,178914,3,2,5,07,06,6,0,0,1,0,0,0,1,0
"POINT (8.431476703000044 48.996895603000041)",Unfall 178915 (2019) Kat:3, Licht: 0,178915,3,2,5,07,08,6,0,0,1,1,0,0,0,0
"POINT (8.360516086000075 49.011284568000065)",Unfall 178924 (2019) Kat:3, Licht: 0,178924,3,6,3,07,17,6,0,0,1,1,0,0,0,0
"POINT (8.403301917000022 49.010207094000066)",Unfall 178925 (2019) Kat:3, Licht: 0,178925,3,7,0,07,10,6,0,0,0,1,1,0,0,0
"POINT (8.460856453000076 48.981125402000032)",Unfall 178926 (2019) Kat:3, Licht: 1,178926,3,1,0,07,19,6,0,1,1,0,0,0,0,0
"POINT (8.392030638000051 48.984708827000077)",Unfall 178984 (2019) Kat:2, Licht: 0,178984,2,5,1,07,09,5,0,0,0,1,0,1,0,0
"POINT (8.392708937000066 49.014522673000045)",Unfall 178985 (2019) Kat:3, Licht: 0,178985,3,2,5,07,07,5,0,0,1,1,0,0,0,0
"POINT (8.385747810000055 48.993588355000043)",Unfall 178997 (2019) Kat:3, Licht: 0,178997,3,3,1,07,13,5,0,0,1,1,0,0,0,0
"POINT (8.409786626000027 49.009927019000031)",Unfall 178998 (2019) Kat:3, Licht: 2,178998,3,3,0,07,22,5,0,2,1,1,0,0,0,0
"POINT (8.391418733000023 49.029842321000046)",Unfall 179054 (2019) Kat:2, Licht: 0,179054,2,3,5,07,18,4,0,0,1,1,0,0,0,0
"POINT (8.367958572000021 49.008290609000028)",Unfall 179089 (2019) Kat:3, Licht: 0,179089,3,3,0,07,11,5,1,0,1,0,0,0,0,0
"POINT (8.371696193000048 49.008937840000044)",Unfall 179090 (2019) Kat:3, Licht: 0,179090,3,3,5,07,08,5,1,0,0,1,0,0,0,0
"POINT (8.439624347000063 49.008717493000063)",Unfall 179091 (2019) Kat:3, Licht: 0,179091,3,3,5,07,16,5,0,0,0,1,0,0,0,0
"POINT (8.391489419000038 49.003000950000057)",Unfall 179138 (2019) Kat:3, Licht: 0,179138,3,4,6,07,17,4,0,0,0,1,1,0,0,0
"POINT (8.342087335000031 49.033105690000070)",Unfall 179139 (2019) Kat:3, Licht: 0,179139,3,3,5,07,17,4,0,0,0,1,0,0,0,0
"POINT (8.359692095000071 48.995300572000076)",Unfall 179140 (2019) Kat:3, Licht: 0,179140,3,2,5,07,13,4,0,0,1,1,0,0,0,0
"POINT (8.377417213000058 49.046221089000028)",Unfall 179141 (2019) Kat:3, Licht: 0,179141,3,3,5,07,12,4,0,0,0,1,0,0,0,0