WKT,Name,OBJECTID,UKATEGORIE,UTYP1,UART,UMONAT,USTUNDE,UWOCHENTAG,STRZUSTAND,ULICHTVERH,ISTRAD,ISTPKW,ISTFUSS,ISTKRAD,ISTGKFZ,ISTSONSTIG
"POINT (8.428198793000036 49.010248636000028)",Unfall 179157 (2019) Kat:3, Licht: 0,179157,3,3,5,07,08,4,0,0,1,0,0,0,0,0
"POINT (8.406899365000072 48.981057495000073)",Unfall 179222 (2019) Kat:3, Licht: 0,179222,3,7,0,07,08,3,0,0,1,0,0,0,0,0
"POINT (8.385379404000048 48.991783045000034)",Unfall 179223 (2019) Kat:3, Licht: 0,179223,3,6,6,07,16,3,0,0,1,0,1,0,0,0
"POINT (8.391611542000021 49.027856537000048)",Unfall 179267 (2019) Kat:3, Licht: 0,179267,3,3,5,07,13,2,0,0,1,1,0,0,0,0
"POINT (8.407993266000062 49.006964580000044)",Unfall 179279 (2019) Kat:3, Licht: 0,179279,3,7,0,07,14,2,0,0,1,0,0,0,0,0
"POINT (8.418282824000073 49.013530748000051)",Unfall 179280 (2019) Kat:3, Licht: 0,179280,3,6,2,07,16,2,0,0,0,1,0,0,0,0
"POINT (8.356277083000066 49.006480055000054)",Unfall 179328 (2019) Kat:3, Licht: 0,179328,3,5,1,07,16,4,0,0,1,1,0,0,0,0
"POINT (8.446133984000028 48.996390160000033)",Unfall 179337 (2019) Kat:3, Licht: 0,179337,3,2,5,07,17,4,0,0,1,1,0,0,0,0
"POINT (8.411863493000055 49.011807679000071)",Unfall 179389 (2019) Kat:3, Licht: 0,179389,3,7,6,07,15,3,0,0,1,0,1,0,0,0
"POINT (8.396533663000071 48.998175705000051)",Unfall 179391 (2019) Kat:3, Licht: 0,179391,3,6,4,07,14,3,0,0,1,0,0,0,0,0
"POINT (8.356106798000042 49.003118114000074)",Unfall 179450 (2019) Kat:3, Licht: 0,179450,3,2,6,07,17,2,0,0,0,1,1,0,0,0
"POINT (8.403523959000040 48.972456016000081)",Unfall 179451 (2019) Kat:3, Licht: 0,179451,3,3,5,07,11,2,0,0,1,1,0,0,0,0
"POINT (8.395781547000070 49.000193433000049)",Unfall 179488 (2019) Kat:3, Licht: 0,179488,3,6,1,07,17,1,1,0,1,1,0,0,0,0
"POINT (8.414332482000077 49.007369779000044)",Unfall 179489 (2019) Kat:2, Licht: 0,179489,2,1,0,07,14,1,1,0,0,0,0,1,0,0
"POINT (8.396162105000030 49.009202847000040)",Unfall 179516 (2019) Kat:3, Licht: 0,179516,3,3,5,07,15,7,0,0,1,0,0,0,0,0
"POINT (8.381779608000045 49.049304384000038)",Unfall 179520 (2019) Kat:3, Licht: 0,179520,3,1,0,07,19,7,0,0,1,0,0,0,0,0
"POINT (8.383408053000039 49.004401959000063)",Unfall 179559 (2019) Kat:2, Licht: 0,179559,2,1,0,07,17,6,1,0,1,0,0,0,0,0
"POINT (8.383802487000025 49.010643150000078)",Unfall 179560 (2019) Kat:3, Licht: 0,179560,3,6,2,07,17,6,0,0,0,1,0,0,0,0
"POINT (8.419666854000070 49.009955581000042)",Unfall 179561 (2019) Kat:3, Licht: 2,179561,3,7,0,07,23,6,1,2,1,0,0,0,0,0
"POINT (8.400616500000069 49.009743115000049)",Unfall 179615 (2019) Kat:2, Licht: 0,179615,2,4,6,07,11,2,0,0,1,0,1,0,0,0
"POINT (8.374670925000032 48.994005996000055)",Unfall 179616 (2019) Kat:2, Licht: 0,179616,2,3,5,07,10,2,0,0,1,1,0,0,0,0
"POINT (8.457385898000041 48.996862573000044)",Unfall 179617 (2019) Kat:3, Licht: 0,179617,3,6,2,07,15,2,0,0,0,1,0,0,0,0
"POINT (8.331610312000066 49.001631975000066)",Unfall 179629 (2019) Kat:3, Licht: 0,179629,3,3,5,07,10,2,0,0,1,0,0,0,0,0
"POINT (8.365105974000073 49.010155152000038)",Unfall 179630 (2019) Kat:3, Licht: 0,179630,3,6,2,07,15,2,0,0,1,0,0,0,0,1
"POINT (8.433548539000071 48.996585510000045)",Unfall 179631 (2019) Kat:3, Licht: 0,179631,3,6,2,07,17,2,0,0,0,1,0,0,0,0
"POINT (8.436832764000030 49.015911552000034)",Unfall 179632 (2019) Kat:3, Licht: 0,179632,3,3,5,07,17,2,0,0,1,1,0,0,0,0
"POINT (8.420474719000026 49.023199882000029)",Unfall 179633 (2019) Kat:3, Licht: 0,179633,3,6,2,07,17,2,0,0,0,1,0,1,0,0
"POINT (8.464153904000057 48.992024762000028)",Unfall 179741 (2019) Kat:3, Licht: 0,179741,3,3,5,07,11,6,0,0,0,1,0,0,0,0
"POINT (8.385317495000038 49.008897576000038)",Unfall 179742 (2019) Kat:3, Licht: 0,179742,3,4,6,07,07,6,0,0,1,0,1,0,0,0
"POINT (8.386929355000063 49.004350245000069)",Unfall 179749 (2019) Kat:3, Licht: 2,179749,3,7,0,07,22,6,0,2,1,0,0,0,0,0
"POINT (8.421636923000051 49.008199320000074)",Unfall 179750 (2019) Kat:3, Licht: 0,179750,3,7,6,07,17,6,0,0,1,0,1,0,0,0
"POINT (8.501870357000030 49.005364919000044)",Unfall 179751 (2019) Kat:3, Licht: 0,179751,3,6,0,07,10,6,0,0,1,0,0,0,0,1
"POINT (8.384076199000049 48.998769736000042)",Unfall 179795 (2019) Kat:3, Licht: 0,179795,3,2,5,07,13,5,0,0,1,1,0,0,0,0
"POINT (8.400252720000026 49.009759265000071)",Unfall 179803 (2019) Kat:3, Licht: 0,179803,3,1,0,07,20,5,0,0,1,0,0,0,0,0
"POINT (8.445914408000022 49.013347951000071)",Unfall 179804 (2019) Kat:3, Licht: 0,179804,3,7,1,07,16,5,0,0,1,1,0,0,0,0
"POINT (8.372345263000057 48.982397850000041)",Unfall 179936 (2019) Kat:3, Licht: 0,179936,3,3,5,07,17,5,0,0,1,1,0,0,0,0
"POINT (8.389672341000050 49.044829665000066)",Unfall 179950 (2019) Kat:3, Licht: 0,179950,3,2,5,07,19,5,0,0,1,1,0,0,0,0
"POINT (8.411272065000048 49.009233959000028)",Unfall 180000 (2019) Kat:3, Licht: 0,180000,3,3,5,07,16,4,0,0,0,1,0,0,0,1
"POINT (8.397116020000055 48.966431675000081)",Unfall 180001 (2019) Kat:3, Licht: 0,180001,3,3,5,07,19,4,0,0,1,1,0,0,0,0
"POINT (8.402824899000052 49.009640825000076)",Unfall 180002 (2019) Kat:2, Licht: 0,180002,2,1,0,07,10,4,0,0,1,0,0,0,0,0
"POINT (8.397942015000069 49.001925960000051)",Unfall 180003 (2019) Kat:2, Licht: 0,180003,2,3,5,07,08,4,0,0,1,0,0,0,0,0
"POINT (8.431515649000062 49.007026070000052)",Unfall 180004 (2019) Kat:3, Licht: 0,180004,3,7,7,07,16,4,0,0,1,0,1,0,0,0
"POINT (8.389395641000021 49.003584166000053)",Unfall 180019 (2019) Kat:3, Licht: 2,180019,3,3,5,07,22,4,0,2,1,1,0,0,0,0
"POINT (8.401625417000048 49.003929607000032)",Unfall 180020 (2019) Kat:3, Licht: 0,180020,3,1,0,07,09,4,0,0,1,0,0,0,0,0
"POINT (8.395137755000064 49.010928272000058)",Unfall 180021 (2019) Kat:3, Licht: 0,180021,3,3,5,07,17,4,0,0,0,1,0,0,0,0
"POINT (8.408631708000030 49.010786165000070)",Unfall 180068 (2019) Kat:3, Licht: 0,180068,3,5,1,07,17,3,0,0,1,1,0,0,0,0
"POINT (8.396156362000056 48.978442117000043)",Unfall 180082 (2019) Kat:3, Licht: 0,180082,3,7,3,07,10,3,0,0,1,1,0,0,0,0
"POINT (8.405438718000028 48.975587120000057)",Unfall 180083 (2019) Kat:3, Licht: 0,180083,3,7,1,07,15,3,0,0,1,1,0,0,0,0
"POINT (8.477199464000023 49.003563454000073)",Unfall 180084 (2019) Kat:3, Licht: 0,180084,3,7,8,07,13,3,0,0,0,1,0,0,0,0
"POINT (8.398048365000022 49.005183792000025)",Unfall 180119 (2019) Kat:3, Licht: 0,180119,3,3,5,08,16,5,0,0,1,1,0,0,0,0
"POINT (8.378425138000068 49.052229244000046)",Unfall 180177 (2019) Kat:2, Licht: 0,180177,2,7,7,07,08,4,0,0,1,0,0,0,0,0
"POINT (8.474223105000021 49.033043296000073)",Unfall 180214 (2019) Kat:2, Licht: 0,180214,2,2,5,07,16,3,0,0,0,1,0,0,0,0
"POINT (8.456800819000023 48.996772187000033)",Unfall 180215 (2019) Kat:3, Licht: 0,180215,3,3,5,07,15,3,0,0,0,1,0,1,0,0
"POINT (8.398791563000032 49.010717766000027)",Unfall 180231 (2019) Kat:3, Licht: 0,180231,3,7,0,07,14,3,0,0,1,1,0,0,0,0
"POINT (8.402528621000045 48.984799001000056)",Unfall 180298 (2019) Kat:2, Licht: 0,180298,2,7,0,07,16,2,0,0,1,0,0,0,0,0
"POINT (8.368763513000033 49.011125319000030)",Unfall 180316 (2019) Kat:2, Licht: 0,180316,2,3,5,07,12,1,0,0,0,1,0,0,0,0
"POINT (8.498134398000047 49.005002643000068)",Unfall 180323 (2019) Kat:3, Licht: 2,180323,3,1,0,07,04,1,0,2,1,0,0,0,0,0
"POINT (8.376018353000063 49.006197062000069)",Unfall 180367 (2019) Kat:3, Licht: 0,180367,3,3,5,08,09,5,0,0,0,1,0,0,0,0
"POINT (8.477449692000050 49.019167889000073)",Unfall 180368 (2019) Kat:3, Licht: 0,180368,3,3,5,08,15,5,0,0,0,1,0,0,1,0
"POINT (8.403960948000076 48.992328772000064)",Unfall 180369 (2019) Kat:3, Licht: 0,180369,3,1,0,08,14,5,0,0,1,0,0,0,0,0
"POINT (8.374906270000054 49.013274956000032)",Unfall 180415 (2019) Kat:2, Licht: 0,180415,2,7,5,08,19,4,0,0,0,1,0,0,0,1
"POINT (8.333831572000065 49.000028627000063)",Unfall 180431 (2019) Kat:3, Licht: 0,180431,3,3,5,08,16,4,1,0,0,1,0,0,0,0
"POINT (8.401522436000050 49.007553329000075)",Unfall 180432 (2019) Kat:3, Licht: 0,180432,3,3,5,08,20,4,0,0,1,1,0,0,0,0
"POINT (8.424304602000063 49.005416677000028)",Unfall 180433 (2019) Kat:3, Licht: 0,180433,3,6,2,08,16,4,1,0,0,1,0,0,0,0
"POINT (8.376710798000033 49.018872407000060)",Unfall 180469 (2019) Kat:3, Licht: 0,180469,3,5,1,08,12,3,0,0,1,1,0,0,0,0
"POINT (8.368142530000057 49.017318649000060)",Unfall 180470 (2019) Kat:3, Licht: 1,180470,3,1,0,08,20,3,1,1,0,0,0,1,0,0
"POINT (8.440664248000076 49.019826451000029)",Unfall 180471 (2019) Kat:3, Licht: 0,180471,3,3,5,08,16,3,0,0,0,1,0,0,0,0
"POINT (8.395886919000077 49.012197809000043)",Unfall 180472 (2019) Kat:3, Licht: 0,180472,3,3,5,08,17,3,0,0,1,1,0,0,0,0
"POINT (8.403302146000044 48.995045202000028)",Unfall 180502 (2019) Kat:3, Licht: 0,180502,3,4,6,08,18,2,0,0,0,0,1,0,0,1
"POINT (8.395057319000046 49.011970534000056)",Unfall 180533 (2019) Kat:3, Licht: 2,180533,3,3,5,08,02,1,0,2,0,1,0,0,0,0
"POINT (8.409828215000061 49.007794276000027)",Unfall 180563 (2019) Kat:3, Licht: 0,180563,3,2,2,08,19,7,0,0,1,1,0,0,0,0
"POINT (8.374250281000059 49.010930840000071)",Unfall 180564 (2019) Kat:3, Licht: 0,180564,3,6,2,08,18,7,0,0,0,1,0,0,0,0
"POINT (8.459430422000025 49.018166108000059)",Unfall 180573 (2019) Kat:3, Licht: 2,180573,3,1,8,08,03,7,0,2,0,1,0,0,0,0
"POINT (8.394767851000040 49.005567160000055)",Unfall 180574 (2019) Kat:2, Licht: 2,180574,2,3,5,08,23,7,0,2,0,1,0,0,0,0
"POINT (8.344564742000046 49.023681724000028)",Unfall 180606 (2019) Kat:3, Licht: 0,180606,3,6,6,08,16,6,0,0,0,0,1,1,0,0
"POINT (8.388417057000027 49.010056501000065)",Unfall 180607 (2019) Kat:3, Licht: 0,180607,3,6,2,08,14,6,0,0,0,1,0,0,0,0
"POINT (8.446105432000024 48.996414974000061)",Unfall 180624 (2019) Kat:2, Licht: 0,180624,2,3,5,08,07,5,1,0,1,1,0,0,0,0
"POINT (8.365945246000024 49.010002327000052)",Unfall 180628 (2019) Kat:3, Licht: 0,180628,3,7,1,08,08,5,1,0,1,1,0,0,0,0
"POINT (8.419483303000050 49.009884038000052)",Unfall 180673 (2019) Kat:3, Licht: 0,180673,3,3,5,08,16,4,0,0,1,0,0,0,0,0
"POINT (8.450609576000034 48.995548145000043)",Unfall 180702 (2019) Kat:3, Licht: 0,180702,3,3,5,08,12,3,0,0,1,1,0,0,0,0
"POINT (8.384497884000041 49.010575275000065)",Unfall 180703 (2019) Kat:3, Licht: 0,180703,3,7,5,08,10,3,0,0,0,1,0,0,0,0
"POINT (8.365733034000073 48.990086401000042)",Unfall 180715 (2019) Kat:3, Licht: 0,180715,3,2,5,08,11,3,0,0,1,0,0,0,0,0
"POINT (8.387205253000047 48.998634425000034)",Unfall 180716 (2019) Kat:3, Licht: 0,180716,3,3,5,08,14,3,0,0,1,0,0,0,0,0
"POINT (8.416897066000047 49.021165372000041)",Unfall 180744 (2019) Kat:2, Licht: 0,180744,2,6,2,08,13,2,0,0,0,1,0,0,0,0
"POINT (8.398011764000046 49.002403544000060)",Unfall 180745 (2019) Kat:3, Licht: 0,180745,3,2,5,08,11,2,0,0,0,1,0,0,0,1
"POINT (8.403475120000053 48.999356234000061)",Unfall 180754 (2019) Kat:3, Licht: 0,180754,3,6,3,08,17,2,0,0,1,0,0,0,0,1
"POINT (8.388432119000072 49.003750929000034)",Unfall 180786 (2019) Kat:3, Licht: 0,180786,3,1,0,08,17,1,0,0,1,1,0,0,0,0
"POINT (8.333650489000036 49.007737604000056)",Unfall 180815 (2019) Kat:2, Licht: 0,180815,2,2,5,08,17,7,0,0,0,1,0,0,0,0
"POINT (8.361200050000036 49.013720725000042)",Unfall 180816 (2019) Kat:2, Licht: 0,180816,2,3,5,08,10,7,0,0,1,1,0,0,0,0
"POINT (8.358766642000035 49.010435578000056)",Unfall 180817 (2019) Kat:3, Licht: 0,180817,3,3,5,08,11,7,0,0,1,1,0,0,0,0
"POINT (8.415391517000046 49.020358601000055)",Unfall 180826 (2019) Kat:3, Licht: 2,180826,3,1,8,08,06,7,1,2,0,1,0,0,0,0
"POINT (8.403309073000060 48.999248950000037)",Unfall 180851 (2019) Kat:2, Licht: 0,180851,2,3,5,08,12,6,0,0,1,1,0,0,0,0
"POINT (8.403523199000063 49.005717025000081)",Unfall 180852 (2019) Kat:3, Licht: 0,180852,3,6,3,08,14,6,0,0,1,1,0,0,0,0
"POINT (8.459382982000022 49.020138531000043)",Unfall 180888 (2019) Kat:3, Licht: 0,180888,3,2,5,08,14,6,0,0,0,1,0,1,0,0
"POINT (8.458592807000059 49.003789431000030)",Unfall 180889 (2019) Kat:3, Licht: 0,180889,3,3,0,08,16,6,0,0,1,1,0,0,0,0
"POINT (8.413420016000032 49.021647965000057)",Unfall 180890 (2019) Kat:3, Licht: 0,180890,3,6,2,08,15,6,0,0,0,1,0,0,0,0
"POINT (8.385456044000023 48.995209307000039)",Unfall 180928 (2019) Kat:3, Licht: 0,180928,3,3,5,08,12,5,0,0,1,0,0,0,0,1
"POINT (8.467137528000023 48.993412762000048)",Unfall 180939 (2019) Kat:3, Licht: 0,180939,3,7,0,08,08,5,0,0,0,1,0,1,0,0
"POINT (8.369751213000029 49.016526345000045)",Unfall 181002 (2019) Kat:3, Licht: 0,181002,3,2,5,08,06,3,0,0,1,1,0,0,0,0
"POINT (8.478146999000046 49.004942177000032)",Unfall 181003 (2019) Kat:3, Licht: 0,181003,3,6,2,08,11,3,0,0,1,1,0,0,0,0
"POINT (8.400178752000045 49.003880390000063)",Unfall 181006 (2019) Kat:3, Licht: 1,181006,3,1,0,08,05,3,0,1,1,0,0,0,0,0
"POINT (8.410295173000066 49.004439682000054)",Unfall 181026 (2019) Kat:3, Licht: 2,181026,3,3,5,08,01,2,0,2,1,1,0,0,0,0
"POINT (8.403253217000042 49.003954602000078)",Unfall 181037 (2019) Kat:3, Licht: 0,181037,3,7,6,08,16,2,0,0,1,0,1,0,0,0
"POINT (8.346239519000051 49.016038013000070)",Unfall 181172 (2019) Kat:3, Licht: 2,181172,3,1,8,08,21,6,0,2,0,0,0,1,0,0
"POINT (8.403713000000039 49.005608392000056)",Unfall 181175 (2019) Kat:3, Licht: 0,181175,3,4,6,08,16,6,0,0,0,1,1,0,0,0
"POINT (8.395130265000034 49.014341118000061)",Unfall 181221 (2019) Kat:3, Licht: 0,181221,3,7,0,08,07,5,0,0,1,0,0,0,0,1
"POINT (8.403569062000031 49.006150744000081)",Unfall 181231 (2019) Kat:3, Licht: 0,181231,3,6,4,08,15,5,0,0,1,1,0,0,0,0
"POINT (8.396672829000067 48.994533019000073)",Unfall 181266 (2019) Kat:3, Licht: 2,181266,3,7,0,08,00,4,0,2,1,0,0,0,0,0
"POINT (8.381716605000065 49.007898116000035)",Unfall 181294 (2019) Kat:3, Licht: 0,181294,3,5,1,08,10,3,0,0,1,1,0,0,0,0
"POINT (8.410595066000042 49.000870606000035)",Unfall 181295 (2019) Kat:3, Licht: 0,181295,3,4,6,08,10,3,0,0,0,1,1,0,0,0
"POINT (8.375372650000031 49.016844009000067)",Unfall 181380 (2019) Kat:3, Licht: 0,181380,3,3,5,08,09,7,0,0,1,1,0,0,0,0
"POINT (8.364936071000045 49.049728674000050)",Unfall 181381 (2019) Kat:3, Licht: 0,181381,3,3,5,08,09,7,0,0,0,1,0,0,1,0
"POINT (8.394766054000058 49.005554862000054)",Unfall 181420 (2019) Kat:3, Licht: 0,181420,3,3,5,09,15,5,0,0,1,1,0,0,0,0
"POINT (8.385908237000024 49.014785973000073)",Unfall 181421 (2019) Kat:3, Licht: 0,181421,3,2,5,09,13,5,0,0,1,1,0,0,0,0
"POINT (8.406169768000041 48.968002750000039)",Unfall 181474 (2019) Kat:3, Licht: 0,181474,3,3,5,09,10,4,0,0,0,1,0,1,0,0
"POINT (8.394534105000048 49.002458510000054)",Unfall 181475 (2019) Kat:3, Licht: 0,181475,3,6,2,09,17,4,0,0,0,1,0,0,0,0
"POINT (8.394767484000056 49.005564650000053)",Unfall 181519 (2019) Kat:3, Licht: 0,181519,3,6,3,09,16,3,0,0,1,0,0,0,0,1
"POINT (8.439926607000075 49.012056288000053)",Unfall 181534 (2019) Kat:3, Licht: 0,181534,3,3,5,09,16,3,0,0,1,1,0,0,0,0
"POINT (8.408259322000049 49.011064785000030)",Unfall 181568 (2019) Kat:3, Licht: 0,181568,3,2,5,09,11,2,0,0,1,1,0,0,0,0
"POINT (8.411119476000067 49.022810941000046)",Unfall 181601 (2019) Kat:3, Licht: 0,181601,3,2,2,09,12,1,0,0,0,1,0,0,0,0
"POINT (8.492633140000066 49.001666034000039)",Unfall 181602 (2019) Kat:2, Licht: 2,181602,2,7,9,09,00,1,0,2,0,1,0,0,0,0
"POINT (8.414608537000049 48.998221200000046)",Unfall 181644 (2019) Kat:2, Licht: 2,181644,2,5,1,08,02,7,0,2,0,1,0,0,0,0
"POINT (8.387758100000042 49.012489105000043)",Unfall 181651 (2019) Kat:3, Licht: 0,181651,3,2,5,08,11,7,0,0,1,1,0,0,0,0
"POINT (8.375478810000061 49.018990930000029)",Unfall 181666 (2019) Kat:3, Licht: 0,181666,3,3,5,09,12,5,0,0,1,1,0,0,0,0
"POINT (8.417383382000025 49.008890794000081)",Unfall 181767 (2019) Kat:3, Licht: 2,181767,3,2,5,09,20,3,0,2,0,1,0,0,0,0
"POINT (8.365775420000034 49.025650156000040)",Unfall 181782 (2019) Kat:3, Licht: 0,181782,3,7,2,09,19,3,0,0,1,1,0,0,0,0
"POINT (8.386613902000022 49.030957083000033)",Unfall 181783 (2019) Kat:3, Licht: 0,181783,3,5,6,09,12,3,0,0,0,0,1,0,0,1
"POINT (8.444369795000057 49.033754974000033)",Unfall 181846 (2019) Kat:3, Licht: 0,181846,3,1,0,09,14,1,1,0,0,0,0,1,0,0
"POINT (8.397014228000046 49.002253006000046)",Unfall 181874 (2019) Kat:3, Licht: 2,181874,3,7,0,09,02,7,0,2,1,0,0,0,0,0
"POINT (8.394153552000034 49.008025765000070)",Unfall 181875 (2019) Kat:3, Licht: 0,181875,3,7,0,09,10,7,0,0,1,0,0,0,0,0
"POINT (8.497736135000025 49.014359494000075)",Unfall 181893 (2019) Kat:3, Licht: 0,181893,3,3,5,09,18,6,0,0,0,1,0,0,0,0
"POINT (8.408499101000075 48.977357779000045)",Unfall 181901 (2019) Kat:3, Licht: 0,181901,3,3,5,09,15,6,0,0,1,1,0,0,0,0
"POINT (8.423824312000022 49.007777788000055)",Unfall 182000 (2019) Kat:2, Licht: 0,182000,2,3,5,09,15,2,0,0,1,0,0,0,0,1
"POINT (8.389035391000050 49.010669358000030)",Unfall 182001 (2019) Kat:3, Licht: 0,182001,3,2,2,09,10,2,0,0,0,1,0,0,0,0
"POINT (8.414897296000049 49.004007080000065)",Unfall 182010 (2019) Kat:3, Licht: 2,182010,3,6,2,09,22,2,0,2,1,1,0,0,0,0
"POINT (8.412520071000074 49.007838336000077)",Unfall 182011 (2019) Kat:3, Licht: 0,182011,3,7,6,09,12,2,0,0,0,1,1,0,0,0
"POINT (8.408476951000068 49.023641617000067)",Unfall 182082 (2019) Kat:3, Licht: 0,182082,3,1,0,09,14,7,0,0,1,0,0,0,0,0
"POINT (8.439052169000036 49.006634014000042)",Unfall 182089 (2019) Kat:2, Licht: 0,182089,2,4,0,09,14,7,0,0,0,0,1,0,0,1
"POINT (8.336799270000029 49.037361335000071)",Unfall 182147 (2019) Kat:3, Licht: 0,182147,3,4,6,09,13,6,0,0,1,0,1,0,0,0
"POINT (8.360642338000048 49.016462401000069)",Unfall 182164 (2019) Kat:3, Licht: 2,182164,3,7,1,09,06,2,1,2,0,1,0,0,0,0
"POINT (8.398135067000055 49.014211824000029)",Unfall 182165 (2019) Kat:3, Licht: 0,182165,3,2,2,09,07,2,1,0,1,1,0,0,0,0
"POINT (8.379392737000046 49.012814104000029)",Unfall 182166 (2019) Kat:3, Licht: 0,182166,3,6,4,09,10,2,1,0,1,1,0,0,0,0
"POINT (8.397245215000055 49.009819777000075)",Unfall 182167 (2019) Kat:3, Licht: 0,182167,3,6,2,09,17,2,0,0,1,0,0,0,0,1
"POINT (8.364628852000067 49.010242714000071)",Unfall 182222 (2019) Kat:3, Licht: 0,182222,3,3,5,09,13,2,0,0,1,0,0,0,0,0
"POINT (8.458577011000045 49.000281380000047)",Unfall 182229 (2019) Kat:2, Licht: 2,182229,2,5,8,09,23,7,0,2,0,1,0,1,0,0
"POINT (8.386615378000045 49.028004158000044)",Unfall 182239 (2019) Kat:3, Licht: 0,182239,3,7,1,09,11,7,0,0,1,1,0,0,0,0
"POINT (8.445146393000073 48.996550383000056)",Unfall 182318 (2019) Kat:3, Licht: 0,182318,3,3,5,09,16,2,0,0,0,1,0,0,0,0
"POINT (8.393987363000065 49.000805967000076)",Unfall 182384 (2019) Kat:2, Licht: 0,182384,2,4,6,09,13,4,0,0,1,0,1,0,0,0
"POINT (8.408555316000047 48.997302184000034)",Unfall 182385 (2019) Kat:3, Licht: 0,182385,3,6,4,09,08,4,0,0,1,1,0,0,0,0
"POINT (8.404759067000043 49.009551566000027)",Unfall 182386 (2019) Kat:3, Licht: 0,182386,3,4,6,09,11,4,0,0,0,0,1,0,0,1
"POINT (8.371444359000066 49.045933780000041)",Unfall 182402 (2019) Kat:3, Licht: 0,182402,3,3,5,09,07,4,0,0,1,1,0,0,0,0
"POINT (8.397909739000056 48.984296995000079)",Unfall 182403 (2019) Kat:3, Licht: 0,182403,3,2,0,09,11,4,0,0,1,1,0,0,0,0
"POINT (8.419487208000021 49.008643496000047)",Unfall 182404 (2019) Kat:3, Licht: 0,182404,3,7,0,09,14,4,0,0,1,0,0,0,0,0
"POINT (8.342423467000060 49.002050355000051)",Unfall 182438 (2019) Kat:3, Licht: 0,182438,3,3,5,09,17,2,0,0,1,1,0,0,0,0
"POINT (8.403881079000030 48.998404645000051)",Unfall 182445 (2019) Kat:3, Licht: 0,182445,3,3,5,09,08,2,0,0,1,1,0,0,1,0
"POINT (8.416278318000025 49.013497875000041)",Unfall 182446 (2019) Kat:3, Licht: 0,182446,3,7,8,09,16,2,0,0,1,0,0,0,0,0
"POINT (8.378347144000031 48.985245395000049)",Unfall 182469 (2019) Kat:3, Licht: 0,182469,3,5,1,09,15,1,0,0,1,1,0,0,0,0
"POINT (8.364630701000067 48.989547931000061)",Unfall 182503 (2019) Kat:3, Licht: 2,182503,3,6,2,09,19,7,0,2,0,1,0,0,0,0
"POINT (8.396639607000054 49.016456364000078)",Unfall 182522 (2019) Kat:3, Licht: 0,182522,3,5,5,09,09,6,1,0,1,1,0,0,0,0
"POINT (8.396390852000025 49.002194667000026)",Unfall 182571 (2019) Kat:3, Licht: 2,182571,3,7,6,09,07,5,1,2,0,1,1,0,0,0
"POINT (8.360410864000073 48.995899865000069)",Unfall 182572 (2019) Kat:2, Licht: 2,182572,2,1,0,09,19,5,1,2,0,0,0,1,0,0
"POINT (8.386906864000025 49.004348150000055)",Unfall 182573 (2019) Kat:3, Licht: 0,182573,3,5,0,09,11,5,0,0,1,1,0,0,0,0
"POINT (8.321533836000072 48.998338226000044)",Unfall 182587 (2019) Kat:3, Licht: 0,182587,3,6,2,09,11,5,0,0,1,0,0,0,0,1
"POINT (8.403826493000054 48.998532166000075)",Unfall 182608 (2019) Kat:3, Licht: 0,182608,3,6,3,09,16,4,1,0,1,1,0,0,0,0
"POINT (8.444289829000070 49.005599453000059)",Unfall 182643 (2019) Kat:3, Licht: 0,182643,3,3,5,09,15,3,0,0,1,1,0,0,0,0
"POINT (8.470593318000056 48.999214579000068)",Unfall 182644 (2019) Kat:3, Licht: 0,182644,3,1,0,09,10,3,0,0,1,0,0,0,0,0
"POINT (8.407081375000075 49.008776649000026)",Unfall 182646 (2019) Kat:3, Licht: 0,182646,3,3,5,09,16,3,0,0,1,1,0,0,0,0
"POINT (8.385675202000073 48.992526961000067)",Unfall 182647 (2019) Kat:3, Licht: 0,182647,3,3,5,09,17,3,1,0,1,1,0,0,0,0
"POINT (8.388711768000064 48.996212064000076)",Unfall 182658 (2019) Kat:3, Licht: 0,182658,3,3,5,09,09,3,0,0,1,0,0,0,0,0
"POINT (8.410271260000059 49.005617978000032)",Unfall 182659 (2019) Kat:3, Licht: 0,182659,3,3,5,09,07,3,0,0,1,0,0,0,0,1
"POINT (8.477157823000027 48.997720189000063)",Unfall 182660 (2019) Kat:3, Licht: 0,182660,3,7,0,09,16,3,1,0,1,0,0,0,0,0
"POINT (8.360735804000058 49.011166624000055)",Unfall 182692 (2019) Kat:3, Licht: 1,182692,3,3,5,10,07,3,0,1,1,0,0,0,0,0
"POINT (8.401491534000058 49.007546341000079)",Unfall 182724 (2019) Kat:3, Licht: 0,182724,3,2,4,10,08,2,1,0,1,1,0,0,0,0
"POINT (8.422791404000066 49.013326426000049)",Unfall 182740 (2019) Kat:3, Licht: 0,182740,3,3,5,10,13,2,0,0,1,1,0,0,0,0
"POINT (8.403831574000037 48.989690753000048)",Unfall 182771 (2019) Kat:3, Licht: 0,182771,3,6,2,10,16,1,1,0,0,1,0,0,0,0
"POINT (8.391484977000062 49.007506468000031)",Unfall 182792 (2019) Kat:3, Licht: 0,182792,3,4,6,10,10,7,1,0,1,1,1,0,0,0
"POINT (8.407880335000073 49.004314936000071)",Unfall 182822 (2019) Kat:3, Licht: 2,182822,3,7,0,10,02,6,0,2,0,0,0,1,0,0