WKT,Name,OBJECTID,UKATEGORIE,UTYP1,UART,UMONAT,USTUNDE,UWOCHENTAG,STRZUSTAND,ULICHTVERH,ISTRAD,ISTPKW,ISTFUSS,ISTKRAD,ISTGKFZ,ISTSONSTIG
"POINT (8.390239076000057 49.018607720000034)",Unfall 185811 (2019) Kat:3, Licht: 0,185811,3,5,1,12,15,5,0,0,1,1,0,0,0,0
"POINT (8.416709946000026 49.008713753000052)",Unfall 185812 (2019) Kat:3, Licht: 2,185812,3,2,0,12,17,5,1,2,1,1,0,0,0,0
"POINT (8.443516136000028 49.015886965000050)",Unfall 185813 (2019) Kat:3, Licht: 1,185813,3,3,5,12,08,5,0,1,0,1,0,0,0,1
"POINT (8.477333859000055 48.997304365000048)",Unfall 5134 (2020) Kat:3, Licht: 0,5134,3,1,0,01,16,6,1,0,1,0,0,0,0,0
"POINT (8.444963825000059 48.999174267000058)",Unfall 6473 (2020) Kat:3, Licht: 2,6473,3,6,2,01,17,6,1,2,0,1,0,0,0,0
"POINT (8.502368230000059 49.004869025000062)",Unfall 6474 (2020) Kat:3, Licht: 0,6474,3,6,2,01,13,6,0,0,0,1,0,0,0,0
"POINT (8.387897047000024 49.014631530000031)",Unfall 6526 (2020) Kat:3, Licht: 2,6526,3,2,3,01,06,5,0,2,1,0,0,0,0,0
"POINT (8.475214254000036 48.995391125000026)",Unfall 6529 (2020) Kat:3, Licht: 0,6529,3,7,0,01,10,5,0,0,0,0,0,0,0,1
"POINT (8.443631729000060 48.998691127000029)",Unfall 6570 (2020) Kat:3, Licht: 0,6570,3,6,3,01,10,4,0,0,0,1,0,0,1,0
"POINT (8.481771999000046 48.956120657000042)",Unfall 6606 (2020) Kat:3, Licht: 0,6606,3,6,2,01,16,3,0,0,0,1,0,0,0,0
"POINT (8.394174131000057 49.001069699000027)",Unfall 6690 (2020) Kat:3, Licht: 2,6690,3,1,0,01,00,7,1,2,0,0,0,1,0,0
"POINT (8.440661637000062 48.972031414000071)",Unfall 6779 (2020) Kat:3, Licht: 0,6779,3,6,2,01,14,6,1,0,0,1,0,0,0,0
"POINT (8.426745702000062 49.000741505000065)",Unfall 6833 (2020) Kat:3, Licht: 1,6833,3,2,5,01,06,5,0,1,1,1,0,0,0,0
"POINT (8.434217223000076 49.003583492000075)",Unfall 6834 (2020) Kat:3, Licht: 1,6834,3,2,5,01,16,5,0,1,0,1,0,0,0,0
"POINT (8.349794284000041 48.999539295000034)",Unfall 6883 (2020) Kat:3, Licht: 0,6883,3,6,2,01,07,4,0,0,0,1,0,0,0,0
"POINT (8.444426009000040 48.999203334000072)",Unfall 6885 (2020) Kat:3, Licht: 2,6885,3,6,2,01,07,4,0,2,0,1,0,0,0,0
"POINT (8.443008690000056 48.998220939000078)",Unfall 6999 (2020) Kat:3, Licht: 0,6999,3,6,3,01,12,2,0,0,0,1,0,0,1,0
"POINT (8.403755672000045 48.985204982000027)",Unfall 7000 (2020) Kat:1, Licht: 0,7000,1,2,5,01,14,2,1,0,1,0,0,0,0,1
"POINT (8.437867364000056 48.982458068000028)",Unfall 7001 (2020) Kat:2, Licht: 0,7001,2,1,8,01,15,2,0,0,0,1,0,0,0,0
"POINT (8.359076036000033 49.010230167000032)",Unfall 7092 (2020) Kat:3, Licht: 0,7092,3,6,1,01,14,7,0,0,0,1,0,0,0,0
"POINT (8.400264346000029 49.065431311000054)",Unfall 7095 (2020) Kat:3, Licht: 0,7095,3,6,2,01,15,7,0,0,0,1,0,0,0,0
"POINT (8.423895014000038 49.003187621000052)",Unfall 7156 (2020) Kat:3, Licht: 0,7156,3,3,5,01,12,3,1,0,0,1,0,0,0,0
"POINT (8.460876881000047 49.010665453000058)",Unfall 7168 (2020) Kat:3, Licht: 1,7168,3,6,2,01,08,3,1,1,0,1,0,0,0,0
"POINT (8.399872774000073 49.011491881000040)",Unfall 7187 (2020) Kat:3, Licht: 0,7187,3,7,0,01,09,5,0,0,0,1,0,1,0,0
"POINT (8.436273487000051 48.990613245000077)",Unfall 7229 (2020) Kat:3, Licht: 2,7229,3,6,2,01,17,4,0,2,0,1,0,0,1,0
"POINT (8.393669357000022 48.996985282000026)",Unfall 7330 (2020) Kat:3, Licht: 0,7330,3,7,0,01,08,2,1,0,1,0,0,0,0,0
"POINT (8.436391562000040 48.985327337000058)",Unfall 7337 (2020) Kat:3, Licht: 0,7337,3,6,2,01,10,2,1,0,0,1,0,0,0,0
"POINT (8.415529342000070 49.005085181000027)",Unfall 7343 (2020) Kat:3, Licht: 2,7343,3,3,5,01,19,2,0,2,1,1,0,0,0,0
"POINT (8.438545637000061 49.005037466000033)",Unfall 7344 (2020) Kat:3, Licht: 0,7344,3,7,6,01,15,2,0,0,0,0,1,0,1,0
"POINT (8.387704133000057 49.012579772000038)",Unfall 7346 (2020) Kat:3, Licht: 0,7346,3,3,5,01,09,2,0,0,1,1,0,0,0,0
"POINT (8.403794911000034 48.990047212000036)",Unfall 7518 (2020) Kat:3, Licht: 0,7518,3,6,2,01,15,6,0,0,0,1,0,0,0,0
"POINT (8.403774292000037 48.990041706000056)",Unfall 7563 (2020) Kat:3, Licht: 0,7563,3,6,2,01,16,5,0,0,0,1,0,0,0,0
"POINT (8.488352313000064 49.006494353000051)",Unfall 7564 (2020) Kat:2, Licht: 2,7564,2,6,2,01,17,5,0,2,0,1,0,0,0,1
"POINT (8.407789894000075 48.991399797000042)",Unfall 7617 (2020) Kat:3, Licht: 1,7617,3,6,2,01,16,4,1,1,0,1,0,0,0,0
"POINT (8.455603027000052 48.971425322000073)",Unfall 7770 (2020) Kat:3, Licht: 2,7770,3,3,5,02,19,6,0,2,0,1,0,0,1,0
"POINT (8.395094678000021 49.032550653000044)",Unfall 7771 (2020) Kat:3, Licht: 0,7771,3,6,2,02,16,6,0,0,0,1,0,0,0,0
"POINT (8.377352573000053 48.965280591000067)",Unfall 7829 (2020) Kat:3, Licht: 0,7829,3,6,2,02,14,5,0,0,0,1,0,0,0,0
"POINT (8.394391998000060 49.002622516000031)",Unfall 7830 (2020) Kat:3, Licht: 0,7830,3,3,5,02,15,5,0,0,1,1,0,0,0,0
"POINT (8.453768933000049 49.002350972000045)",Unfall 7832 (2020) Kat:3, Licht: 1,7832,3,2,5,02,17,5,0,1,1,1,0,0,0,0
"POINT (8.447285307000072 48.986474892000047)",Unfall 7865 (2020) Kat:3, Licht: 2,7865,3,6,2,02,06,4,0,2,0,1,0,0,0,0
"POINT (8.436999021000077 48.980888029000027)",Unfall 7866 (2020) Kat:3, Licht: 0,7866,3,6,2,02,16,4,0,0,0,1,0,0,0,0
"POINT (8.452795559000037 49.034842003000051)",Unfall 7911 (2020) Kat:2, Licht: 0,7911,2,6,2,02,16,3,1,0,0,1,0,0,0,0
"POINT (8.380700852000075 48.993014763000076)",Unfall 7913 (2020) Kat:3, Licht: 0,7913,3,6,2,02,15,3,1,0,0,1,0,0,0,0
"POINT (8.348818792000031 49.004641045000028)",Unfall 8026 (2020) Kat:3, Licht: 2,8026,3,5,1,02,20,6,0,2,1,1,0,0,0,0
"POINT (8.452750249000076 48.971611605000078)",Unfall 8027 (2020) Kat:2, Licht: 0,8027,2,6,2,02,13,6,0,0,0,1,0,0,0,1
"POINT (8.394883372000038 48.989166768000075)",Unfall 8028 (2020) Kat:3, Licht: 0,8028,3,6,2,02,14,6,0,0,0,1,0,0,0,0
"POINT (8.424351527000056 49.002956111000060)",Unfall 8144 (2020) Kat:3, Licht: 2,8144,3,3,5,02,21,4,0,2,0,1,0,0,0,0
"POINT (8.463384587000064 49.012623403000077)",Unfall 8145 (2020) Kat:3, Licht: 0,8145,3,6,2,02,16,4,0,0,0,1,0,0,0,0
"POINT (8.440190388000076 49.017816561000075)",Unfall 8266 (2020) Kat:3, Licht: 2,8266,3,4,6,02,20,2,1,2,0,0,1,0,0,1
"POINT (8.394710064000037 49.005239026000027)",Unfall 8368 (2020) Kat:2, Licht: 2,8368,2,4,6,02,18,2,0,2,0,0,1,0,0,1
"POINT (8.318759694000050 49.037488779000057)",Unfall 8530 (2020) Kat:3, Licht: 0,8530,3,3,5,02,17,5,0,0,1,1,0,0,0,0
"POINT (8.410184359000027 49.006026084000041)",Unfall 8552 (2020) Kat:3, Licht: 0,8552,3,3,5,02,15,4,0,0,0,1,0,0,0,0
"POINT (8.373437774000024 48.990078130000029)",Unfall 8625 (2020) Kat:3, Licht: 1,8625,3,6,2,02,17,3,0,1,0,1,0,0,0,1
"POINT (8.352745182000035 49.013724632000049)",Unfall 8626 (2020) Kat:3, Licht: 2,8626,3,2,5,02,19,3,0,2,0,1,0,0,0,1
"POINT (8.446337400000061 49.043679523000037)",Unfall 8667 (2020) Kat:3, Licht: 0,8667,3,1,8,02,10,2,1,0,0,1,0,0,0,0
"POINT (8.353934699000035 49.015987285000051)",Unfall 8680 (2020) Kat:3, Licht: 0,8680,3,3,5,03,15,4,0,0,1,1,0,0,0,0
"POINT (8.399955377000026 49.011450559000082)",Unfall 8740 (2020) Kat:3, Licht: 2,8740,3,2,6,03,19,3,1,2,0,1,1,0,0,0
"POINT (8.446408440000027 48.971702283000070)",Unfall 8741 (2020) Kat:3, Licht: 0,8741,3,6,2,03,16,3,0,0,0,1,0,0,0,0
"POINT (8.342822321000028 49.029089835000036)",Unfall 8811 (2020) Kat:3, Licht: 0,8811,3,2,5,03,07,2,1,0,0,1,0,0,0,0
"POINT (8.455007947000070 49.006019276000075)",Unfall 8815 (2020) Kat:3, Licht: 0,8815,3,6,2,03,07,2,0,0,0,1,0,0,0,1
"POINT (8.387063608000062 49.006634704000078)",Unfall 8816 (2020) Kat:3, Licht: 0,8816,3,7,3,03,15,2,1,0,0,1,0,0,0,0
"POINT (8.375755197000046 48.975600249000081)",Unfall 8869 (2020) Kat:2, Licht: 0,8869,2,7,9,03,11,5,1,0,0,1,0,0,0,0
"POINT (8.436634622000042 48.986437095000042)",Unfall 8873 (2020) Kat:2, Licht: 0,8873,2,6,2,03,16,5,1,0,0,1,0,0,0,0
"POINT (8.397775345000071 49.017202596000061)",Unfall 8888 (2020) Kat:3, Licht: 2,8888,3,6,2,03,23,6,1,2,0,1,0,0,0,0
"POINT (8.412497518000066 49.006017137000072)",Unfall 8967 (2020) Kat:3, Licht: 0,8967,3,2,0,02,11,6,0,0,1,0,0,0,0,1
"POINT (8.387710499000036 49.012640273000045)",Unfall 8971 (2020) Kat:3, Licht: 0,8971,3,6,2,02,15,6,0,0,0,1,0,0,0,0
"POINT (8.436262445000068 48.989789261000055)",Unfall 9050 (2020) Kat:3, Licht: 2,9050,3,1,5,03,21,6,1,2,0,1,0,0,0,0
"POINT (8.364675566000074 49.005318417000069)",Unfall 9074 (2020) Kat:3, Licht: 0,9074,3,1,2,02,06,5,0,0,0,1,0,0,0,0
"POINT (8.442135438000037 48.997472951000077)",Unfall 9104 (2020) Kat:3, Licht: 0,9104,3,6,2,03,16,6,0,0,0,1,0,0,0,0
"POINT (8.379827734000060 49.005614939000054)",Unfall 9288 (2020) Kat:3, Licht: 0,9288,3,3,5,03,15,3,1,0,1,1,0,0,0,0
"POINT (8.444692210000028 48.999064693000037)",Unfall 9291 (2020) Kat:3, Licht: 2,9291,3,6,2,03,05,3,1,2,0,1,0,0,0,0
"POINT (8.366664041000036 49.049802689000046)",Unfall 9320 (2020) Kat:3, Licht: 1,9320,3,6,3,03,18,7,0,1,0,1,0,0,0,0
"POINT (8.487650483000039 49.007608242000060)",Unfall 9342 (2020) Kat:3, Licht: 0,9342,3,1,0,03,12,7,0,0,0,0,0,1,0,0
"POINT (8.451170680000075 49.035090014000048)",Unfall 9361 (2020) Kat:3, Licht: 0,9361,3,6,2,03,15,2,1,0,0,1,0,0,0,0
"POINT (8.376085764000038 48.989571152000053)",Unfall 9363 (2020) Kat:3, Licht: 0,9363,3,6,2,03,16,2,0,0,0,1,0,0,0,0
"POINT (8.387198078000040 49.005277333000038)",Unfall 9367 (2020) Kat:3, Licht: 1,9367,3,6,2,03,06,2,1,1,0,1,0,0,0,0
"POINT (8.369995401000040 48.999725874000035)",Unfall 9369 (2020) Kat:3, Licht: 0,9369,3,6,2,03,16,2,0,0,0,1,0,0,0,0
"POINT (8.437227765000046 48.978230391000068)",Unfall 9433 (2020) Kat:3, Licht: 0,9433,3,6,3,03,13,1,0,0,0,1,0,0,0,1
"POINT (8.398107288000063 49.005385387000047)",Unfall 9523 (2020) Kat:3, Licht: 0,9523,3,3,5,03,17,4,0,0,1,1,0,0,0,0
"POINT (8.354948036000053 48.997860803000037)",Unfall 9575 (2020) Kat:3, Licht: 0,9575,3,6,2,03,13,6,0,0,0,1,0,0,0,0
"POINT (8.446929591000071 49.022583995000048)",Unfall 9586 (2020) Kat:3, Licht: 0,9586,3,6,2,03,10,3,0,0,0,1,0,0,0,0
"POINT (8.415698857000052 49.005309667000063)",Unfall 9599 (2020) Kat:3, Licht: 0,9599,3,3,5,03,17,3,0,0,1,0,0,1,0,0
"POINT (8.436296704000029 48.990827130000071)",Unfall 9703 (2020) Kat:3, Licht: 0,9703,3,3,8,03,16,4,0,0,0,1,0,0,1,0
"POINT (8.461864158000026 48.982536430000039)",Unfall 9720 (2020) Kat:2, Licht: 0,9720,2,6,2,03,12,7,0,0,0,1,0,1,0,0
"POINT (8.443044306000047 49.004196776000072)",Unfall 9738 (2020) Kat:3, Licht: 0,9738,3,4,6,03,13,5,0,0,0,1,1,0,0,0
"POINT (8.376164150000022 48.993699543000048)",Unfall 10025 (2020) Kat:2, Licht: 0,10025,2,6,3,04,09,5,0,0,0,1,0,0,1,0
"POINT (8.373118660000046 49.059737136000081)",Unfall 10027 (2020) Kat:2, Licht: 0,10027,2,6,3,04,13,5,0,0,0,1,0,1,0,0
"POINT (8.356851359000075 49.024145756000053)",Unfall 10078 (2020) Kat:3, Licht: 0,10078,3,6,2,04,15,4,0,0,0,1,0,0,0,0
"POINT (8.398044707000054 49.005568454000070)",Unfall 10203 (2020) Kat:3, Licht: 0,10203,3,6,2,04,18,3,0,0,0,1,0,0,0,0
"POINT (8.351629411000033 49.006762148000064)",Unfall 10216 (2020) Kat:3, Licht: 0,10216,3,6,3,04,15,2,0,0,0,1,0,0,0,0
"POINT (8.409830053000064 48.992146355000045)",Unfall 10517 (2020) Kat:3, Licht: 0,10517,3,6,3,04,15,3,0,0,0,1,0,0,0,0
"POINT (8.350927171000024 49.035463366000045)",Unfall 10554 (2020) Kat:3, Licht: 0,10554,3,3,5,04,12,5,0,0,1,1,0,0,0,0
"POINT (8.355089592000070 49.013010822000069)",Unfall 10628 (2020) Kat:3, Licht: 2,10628,3,4,6,04,22,6,0,2,0,0,1,1,0,0
"POINT (8.404246481000030 48.980855633000033)",Unfall 10632 (2020) Kat:3, Licht: 0,10632,3,3,5,04,19,2,0,0,1,1,0,0,0,0
"POINT (8.354401367000037 49.015230281000072)",Unfall 10666 (2020) Kat:3, Licht: 0,10666,3,7,5,04,13,6,0,0,1,1,0,0,0,0
"POINT (8.352729703000023 49.014903656000058)",Unfall 10841 (2020) Kat:3, Licht: 0,10841,3,6,2,04,15,3,1,0,0,0,0,0,1,1
"POINT (8.488366154000062 49.007117852000079)",Unfall 10890 (2020) Kat:3, Licht: 0,10890,3,7,8,04,11,5,0,0,0,1,0,0,0,0
"POINT (8.393586099000061 48.995997874000068)",Unfall 11058 (2020) Kat:2, Licht: 0,11058,2,3,5,05,15,4,0,0,0,1,0,1,0,0
"POINT (8.371263806000059 49.005592832000048)",Unfall 11082 (2020) Kat:2, Licht: 0,11082,2,7,6,05,14,3,0,0,1,0,1,0,0,0
"POINT (8.315061716000059 49.037671857000078)",Unfall 11281 (2020) Kat:2, Licht: 0,11281,2,3,5,05,07,6,0,0,1,1,0,0,0,0
"POINT (8.387705736000044 49.012595014000055)",Unfall 11284 (2020) Kat:3, Licht: 0,11284,3,3,5,05,07,6,0,0,1,1,0,0,0,0
"POINT (8.443038422000029 49.004197925000028)",Unfall 11359 (2020) Kat:2, Licht: 0,11359,2,3,5,05,14,5,0,0,1,1,0,0,0,0
"POINT (8.387795611000058 49.013449149000053)",Unfall 11413 (2020) Kat:3, Licht: 1,11413,3,6,2,05,20,2,1,1,0,1,0,0,0,0
"POINT (8.458632765000061 48.970515765000073)",Unfall 11481 (2020) Kat:3, Licht: 0,11481,3,6,2,05,14,3,0,0,0,1,0,0,1,0
"POINT (8.423895014000038 49.003187621000052)",Unfall 11488 (2020) Kat:3, Licht: 0,11488,3,3,5,05,14,1,0,0,0,1,0,0,0,0
"POINT (8.477439338000067 48.998155386000064)",Unfall 11508 (2020) Kat:2, Licht: 0,11508,2,2,6,05,19,6,0,0,0,1,1,0,0,0
"POINT (8.376255620000052 48.993824080000081)",Unfall 11579 (2020) Kat:3, Licht: 0,11579,3,6,2,05,18,4,0,0,0,1,0,0,0,0
"POINT (8.404798120000066 48.990201522000064)",Unfall 11584 (2020) Kat:2, Licht: 0,11584,2,6,2,05,11,3,0,0,0,1,0,0,1,0
"POINT (8.439499206000050 49.006349419000060)",Unfall 11586 (2020) Kat:2, Licht: 0,11586,2,3,5,05,09,3,0,0,1,1,0,0,0,0
"POINT (8.410209277000035 49.006029296000065)",Unfall 11724 (2020) Kat:3, Licht: 2,11724,3,3,5,05,22,5,0,2,0,1,0,0,0,0
"POINT (8.355258031000062 49.019267744000047)",Unfall 11884 (2020) Kat:3, Licht: 0,11884,3,3,5,05,09,2,0,0,1,1,0,0,0,0
"POINT (8.485190802000034 49.036984692000033)",Unfall 11888 (2020) Kat:3, Licht: 0,11888,3,6,2,05,06,4,0,0,0,0,0,0,1,0
"POINT (8.424571786000058 49.003493563000063)",Unfall 11904 (2020) Kat:3, Licht: 0,11904,3,3,5,05,10,5,0,0,0,1,0,0,0,1
"POINT (8.440309922000040 49.017882985000028)",Unfall 11942 (2020) Kat:3, Licht: 0,11942,3,3,5,05,13,6,0,0,1,1,0,0,0,0
"POINT (8.481810827000061 48.956083042000046)",Unfall 11943 (2020) Kat:3, Licht: 0,11943,3,6,2,05,16,4,0,0,0,1,0,0,0,0
"POINT (8.437479031000066 49.005105310000033)",Unfall 12125 (2020) Kat:3, Licht: 0,12125,3,2,2,05,13,2,0,0,0,1,0,0,0,1
"POINT (8.315038936000065 49.037670387000048)",Unfall 12164 (2020) Kat:2, Licht: 0,12164,2,3,5,05,11,4,0,0,1,1,0,0,0,0
"POINT (8.506184092000069 49.023236410000038)",Unfall 12230 (2020) Kat:3, Licht: 0,12230,3,6,2,05,14,3,0,0,0,1,0,0,0,0
"POINT (8.365831731000071 49.004598814000076)",Unfall 12251 (2020) Kat:3, Licht: 0,12251,3,6,2,06,16,5,1,0,0,1,0,0,0,0
"POINT (8.478546404000042 48.967966919000048)",Unfall 12339 (2020) Kat:3, Licht: 0,12339,3,2,5,06,16,2,0,0,1,1,0,0,0,0
"POINT (8.477172372000041 48.959710529000063)",Unfall 12415 (2020) Kat:3, Licht: 0,12415,3,6,1,06,13,5,1,0,0,1,0,0,0,0
"POINT (8.353137533000052 49.013552076000053)",Unfall 12496 (2020) Kat:3, Licht: 0,12496,3,6,2,06,09,5,1,0,0,1,0,0,0,1
"POINT (8.389601995000021 49.018771601000026)",Unfall 12500 (2020) Kat:3, Licht: 0,12500,3,6,2,05,19,1,0,0,0,1,0,0,0,0
"POINT (8.478863647000026 48.999539272000050)",Unfall 12523 (2020) Kat:3, Licht: 0,12523,3,1,0,06,14,7,1,0,1,0,0,0,0,0
"POINT (8.358423045000052 49.010137532000044)",Unfall 12643 (2020) Kat:2, Licht: 0,12643,2,3,5,06,11,3,0,0,1,0,0,0,0,0
"POINT (8.322567597000045 49.036920174000045)",Unfall 12644 (2020) Kat:3, Licht: 0,12644,3,6,2,06,07,3,1,0,0,1,0,0,0,1
"POINT (8.391885224000021 48.958361529000058)",Unfall 12678 (2020) Kat:2, Licht: 0,12678,2,6,2,06,13,6,0,0,0,0,0,0,1,0
"POINT (8.409178472000065 48.961394821000056)",Unfall 12690 (2020) Kat:3, Licht: 0,12690,3,1,8,06,17,1,1,0,0,1,0,0,0,0
"POINT (8.453046003000054 49.043059541000048)",Unfall 12732 (2020) Kat:3, Licht: 1,12732,3,3,5,06,05,5,0,1,0,1,0,0,0,0
"POINT (8.444239188000040 48.971648877000064)",Unfall 12821 (2020) Kat:3, Licht: 0,12821,3,6,2,06,12,7,0,0,0,1,0,0,0,0
"POINT (8.481612691000066 48.956274988000075)",Unfall 12845 (2020) Kat:3, Licht: 0,12845,3,6,3,06,12,6,0,0,0,1,0,0,1,0
"POINT (8.464878221000049 49.027869752000072)",Unfall 12851 (2020) Kat:3, Licht: 0,12851,3,2,3,06,14,6,0,0,1,1,0,0,0,0
"POINT (8.354467545000034 49.010721812000043)",Unfall 12914 (2020) Kat:3, Licht: 0,12914,3,6,2,06,17,6,0,0,0,1,0,0,0,0
"POINT (8.459219807000068 49.008939795000060)",Unfall 12970 (2020) Kat:3, Licht: 0,12970,3,6,3,06,15,1,1,0,0,1,0,0,0,0
"POINT (8.403549546000022 48.988276891000055)",Unfall 12987 (2020) Kat:3, Licht: 0,12987,3,3,0,06,15,5,0,0,1,1,0,0,0,0
"POINT (8.415477253000063 48.993767490000039)",Unfall 13015 (2020) Kat:3, Licht: 0,13015,3,6,2,06,11,6,0,0,0,1,0,0,0,1
"POINT (8.392225497000027 49.058055448000061)",Unfall 13021 (2020) Kat:3, Licht: 0,13021,3,3,5,06,13,6,0,0,0,1,0,0,0,0
"POINT (8.460273335000068 48.969874569000069)",Unfall 13028 (2020) Kat:2, Licht: 1,13028,2,6,3,06,07,2,1,1,0,1,0,0,1,0
"POINT (8.424390577000054 49.002958492000062)",Unfall 13126 (2020) Kat:3, Licht: 0,13126,3,6,3,06,15,7,0,0,0,1,0,0,0,0
"POINT (8.399828809000042 48.959584814000038)",Unfall 13160 (2020) Kat:3, Licht: 0,13160,3,6,0,06,10,5,0,0,0,1,0,0,1,0
"POINT (8.377913301000035 48.993039380000027)",Unfall 13163 (2020) Kat:3, Licht: 0,13163,3,6,2,06,08,3,0,0,0,1,0,0,1,0
"POINT (8.460135282000067 48.983121694000033)",Unfall 13213 (2020) Kat:3, Licht: 0,13213,3,6,2,06,21,2,0,0,0,1,0,1,0,0
"POINT (8.373893469000052 49.044252392000033)",Unfall 13286 (2020) Kat:2, Licht: 0,13286,2,2,5,06,18,6,0,0,0,1,0,1,0,0
"POINT (8.387171744000057 49.007615369000064)",Unfall 13294 (2020) Kat:3, Licht: 0,13294,3,2,5,06,09,6,0,0,1,0,0,0,0,1
"POINT (8.392095400000073 49.058207052000057)",Unfall 13386 (2020) Kat:3, Licht: 0,13386,3,6,2,06,13,2,0,0,0,1,0,0,0,0
"POINT (8.403844460000073 48.989656441000079)",Unfall 13459 (2020) Kat:3, Licht: 0,13459,3,3,5,06,10,3,0,0,1,1,0,0,0,0
"POINT (8.395470139000054 49.030200674000071)",Unfall 13488 (2020) Kat:3, Licht: 0,13488,3,6,2,06,08,4,0,0,0,1,0,1,0,0
"POINT (8.453232890000038 49.002300562000073)",Unfall 13623 (2020) Kat:3, Licht: 0,13623,3,3,5,06,17,7,0,0,1,1,0,0,0,0
"POINT (8.495877656000062 48.945285053000077)",Unfall 13629 (2020) Kat:3, Licht: 0,13629,3,6,2,06,10,7,0,0,0,1,0,0,0,0
"POINT (8.436726847000045 48.974198991000037)",Unfall 13630 (2020) Kat:3, Licht: 0,13630,3,1,9,06,17,3,0,0,0,1,0,0,0,0
"POINT (8.317160083000033 49.037650802000030)",Unfall 13631 (2020) Kat:2, Licht: 0,13631,2,6,2,06,15,7,0,0,0,1,0,1,0,0
"POINT (8.355126171000052 49.018869967000057)",Unfall 13812 (2020) Kat:3, Licht: 0,13812,3,3,5,06,14,6,0,0,1,1,0,0,0,0
"POINT (8.404231153000069 48.980914443000074)",Unfall 13814 (2020) Kat:3, Licht: 0,13814,3,3,5,06,08,6,0,0,1,1,0,0,0,0
"POINT (8.431790039000020 48.992506948000027)",Unfall 13831 (2020) Kat:3, Licht: 0,13831,3,6,3,07,16,6,0,0,0,1,0,1,0,0
"POINT (8.398051325000040 49.015597045000050)",Unfall 13837 (2020) Kat:2, Licht: 2,13837,2,4,6,06,23,3,0,2,0,1,1,0,0,0
"POINT (8.315048125000033 49.037670980000030)",Unfall 14006 (2020) Kat:2, Licht: 0,14006,2,3,0,07,13,4,0,0,0,1,0,1,0,0
"POINT (8.429811241000039 48.993757830000050)",Unfall 14008 (2020) Kat:3, Licht: 0,14008,3,6,3,07,19,6,0,0,0,1,0,0,0,0
"POINT (8.303547834000028 49.036876387000063)",Unfall 14179 (2020) Kat:3, Licht: 0,14179,3,6,2,07,14,2,0,0,0,1,0,0,0,0
"POINT (8.436607288000062 48.982667038000045)",Unfall 14192 (2020) Kat:3, Licht: 0,14192,3,6,2,07,13,2,0,0,0,1,0,0,0,1
"POINT (8.403677892000076 48.990989834000061)",Unfall 14204 (2020) Kat:3, Licht: 0,14204,3,2,5,07,20,5,0,0,1,1,0,0,0,0
"POINT (8.352884657000061 49.015073558000040)",Unfall 14206 (2020) Kat:3, Licht: 0,14206,3,6,2,07,15,6,0,0,0,1,0,0,0,0
"POINT (8.394069926000043 49.000781643000039)",Unfall 14208 (2020) Kat:3, Licht: 0,14208,3,7,0,07,12,6,0,0,1,0,0,0,0,0
"POINT (8.437190493000060 49.005114408000054)",Unfall 14215 (2020) Kat:3, Licht: 0,14215,3,2,5,07,12,6,0,0,1,1,0,0,0,0
"POINT (8.488074219000055 48.949989443000050)",Unfall 14228 (2020) Kat:3, Licht: 0,14228,3,6,2,07,11,6,0,0,0,1,0,0,0,1
"POINT (8.346632422000027 49.025063116000069)",Unfall 14286 (2020) Kat:3, Licht: 0,14286,3,6,2,07,16,1,0,0,0,1,0,1,0,0
"POINT (8.497126838000042 49.004740829000070)",Unfall 14294 (2020) Kat:3, Licht: 0,14294,3,7,0,07,12,2,0,0,0,0,0,1,0,0
"POINT (8.418229947000043 48.964205484000047)",Unfall 14343 (2020) Kat:2, Licht: 0,14343,2,6,2,07,11,4,0,0,0,1,0,0,1,1
"POINT (8.387025190000031 49.006328516000053)",Unfall 14369 (2020) Kat:3, Licht: 0,14369,3,5,1,07,10,7,0,0,1,0,0,1,0,1
"POINT (8.311055598000053 49.036846243000070)",Unfall 14431 (2020) Kat:3, Licht: 0,14431,3,6,3,07,15,3,0,0,0,1,0,0,1,0
"POINT (8.374375963000034 48.987835228000051)",Unfall 14458 (2020) Kat:3, Licht: 0,14458,3,6,2,07,07,3,0,0,0,1,0,0,0,0
"POINT (8.436262450000072 48.989842798000041)",Unfall 14534 (2020) Kat:2, Licht: 0,14534,2,6,2,07,11,2,0,0,0,1,0,0,1,0
"POINT (8.492245229000048 48.943517783000061)",Unfall 14545 (2020) Kat:3, Licht: 0,14545,3,6,2,07,10,3,0,0,0,1,0,0,0,0
"POINT (8.442147211000076 49.004369239000027)",Unfall 14605 (2020) Kat:3, Licht: 0,14605,3,2,2,07,10,7,0,0,0,1,0,0,0,0
"POINT (8.427516968000020 48.999820424000063)",Unfall 14702 (2020) Kat:3, Licht: 0,14702,3,6,4,07,14,7,0,0,1,0,0,0,0,0
"POINT (8.442153392000023 48.997483834000036)",Unfall 14704 (2020) Kat:3, Licht: 0,14704,3,7,0,07,18,7,0,0,0,1,0,0,0,0
"POINT (8.466788172000065 49.016625044000079)",Unfall 14823 (2020) Kat:3, Licht: 0,14823,3,1,8,07,09,5,1,0,0,1,0,0,0,0
"POINT (8.342985734000024 49.022421525000027)",Unfall 14824 (2020) Kat:3, Licht: 0,14824,3,6,2,07,15,5,1,0,0,1,0,0,0,0
"POINT (8.355499282000039 49.020392739000044)",Unfall 14972 (2020) Kat:3, Licht: 0,14972,3,6,3,07,13,5,0,0,0,1,0,0,0,0
"POINT (8.355471797000064 49.019908259000033)",Unfall 14988 (2020) Kat:3, Licht: 0,14988,3,3,5,07,13,4,0,0,1,1,0,0,0,0
"POINT (8.354113356000028 49.011287534000076)",Unfall 15089 (2020) Kat:2, Licht: 0,15089,2,6,2,07,12,5,0,0,0,0,0,1,0,1
"POINT (8.344690511000067 49.001052474000062)",Unfall 15108 (2020) Kat:3, Licht: 0,15108,3,6,2,07,07,4,0,0,0,1,0,0,0,1