WKT,Name,OBJECTID,UKATEGORIE,UTYP1,UART,UMONAT,USTUNDE,UWOCHENTAG,STRZUSTAND,ULICHTVERH,ISTRAD,ISTPKW,ISTFUSS,ISTKRAD,ISTGKFZ,ISTSONSTIG
"POINT (8.449781757000039 49.002866603000029)",Unfall 15135 (2020) Kat:2, Licht: 2,15135,2,1,6,07,02,1,0,2,0,0,1,0,0,1
"POINT (8.399813480000034 48.989318450000042)",Unfall 15152 (2020) Kat:3, Licht: 0,15152,3,6,2,07,10,5,0,0,0,1,0,0,1,0
"POINT (8.387443708000035 49.010554411000044)",Unfall 15166 (2020) Kat:3, Licht: 0,15166,3,3,5,07,11,4,0,0,0,1,0,0,1,0
"POINT (8.387706304000062 49.012600406000047)",Unfall 15207 (2020) Kat:3, Licht: 0,15207,3,3,5,07,09,5,0,0,1,1,0,0,0,0
"POINT (8.367948333000072 49.005421788000035)",Unfall 15219 (2020) Kat:3, Licht: 0,15219,3,3,5,07,15,2,0,0,1,0,0,0,0,1
"POINT (8.387063608000062 49.006634704000078)",Unfall 15245 (2020) Kat:3, Licht: 0,15245,3,3,5,07,06,2,0,0,0,1,0,0,0,0
"POINT (8.360019859000033 49.031391974000030)",Unfall 15326 (2020) Kat:3, Licht: 1,15326,3,3,5,07,05,4,0,1,0,1,0,0,1,0
"POINT (8.387445076000063 49.010566106000056)",Unfall 15329 (2020) Kat:2, Licht: 0,15329,2,3,5,07,15,6,0,0,0,1,0,1,0,0
"POINT (8.471454731000051 48.962089993000063)",Unfall 15618 (2020) Kat:3, Licht: 0,15618,3,6,2,08,12,1,0,0,0,1,0,0,0,0
"POINT (8.482847288000073 49.033092534000048)",Unfall 15669 (2020) Kat:3, Licht: 0,15669,3,6,3,07,13,6,0,0,0,1,0,0,0,0
"POINT (8.392696156000056 49.045622093000077)",Unfall 15709 (2020) Kat:3, Licht: 0,15709,3,3,5,07,20,5,0,0,0,1,0,0,0,0
"POINT (8.427137143000039 48.967729851000058)",Unfall 15744 (2020) Kat:3, Licht: 0,15744,3,1,1,07,10,6,0,0,0,1,0,0,0,1
"POINT (8.387611755000023 49.011777589000076)",Unfall 15750 (2020) Kat:3, Licht: 0,15750,3,6,2,07,11,5,0,0,0,1,0,0,0,0
"POINT (8.393800989000056 48.998315339000044)",Unfall 15753 (2020) Kat:3, Licht: 0,15753,3,2,3,07,10,5,0,0,1,1,0,0,0,0
"POINT (8.351600407000035 49.006589391000034)",Unfall 15812 (2020) Kat:3, Licht: 0,15812,3,6,2,07,18,6,0,0,0,1,0,0,0,0
"POINT (8.354382876000045 49.008814519000055)",Unfall 15949 (2020) Kat:2, Licht: 0,15949,2,6,4,08,18,5,0,0,1,0,0,0,0,0
"POINT (8.353980098000022 49.013331280000045)",Unfall 15951 (2020) Kat:3, Licht: 0,15951,3,2,5,08,20,5,0,0,1,0,0,0,0,1
"POINT (8.491241115000037 48.947698410000044)",Unfall 16000 (2020) Kat:3, Licht: 0,16000,3,6,2,08,14,6,0,0,0,1,0,0,0,0
"POINT (8.392686032000029 49.045676637000042)",Unfall 16025 (2020) Kat:3, Licht: 0,16025,3,3,5,08,14,6,0,0,0,1,0,0,0,1
"POINT (8.322487680000052 49.037073224000039)",Unfall 16123 (2020) Kat:2, Licht: 0,16123,2,7,0,08,08,4,0,0,1,0,0,0,0,0
"POINT (8.444127723000065 48.998703638000052)",Unfall 16126 (2020) Kat:3, Licht: 2,16126,3,6,2,08,04,4,0,2,0,1,0,0,1,0
"POINT (8.488060348000033 49.040931696000030)",Unfall 16168 (2020) Kat:3, Licht: 0,16168,3,7,8,08,18,2,0,0,0,1,0,0,0,0
"POINT (8.441972964000058 48.997594205000041)",Unfall 16254 (2020) Kat:3, Licht: 0,16254,3,6,2,08,16,3,0,0,0,1,0,0,0,0
"POINT (8.387066011000059 49.006656499000030)",Unfall 16303 (2020) Kat:3, Licht: 0,16303,3,6,2,08,17,6,0,0,0,1,0,0,0,0
"POINT (8.403663820000077 48.986683275000075)",Unfall 16304 (2020) Kat:3, Licht: 0,16304,3,7,6,08,12,7,0,0,1,0,1,0,0,0
"POINT (8.466990073000034 49.016818065000052)",Unfall 16324 (2020) Kat:3, Licht: 0,16324,3,6,2,08,07,2,1,0,0,1,0,0,0,0
"POINT (8.391266406000057 49.005512883000051)",Unfall 16349 (2020) Kat:3, Licht: 0,16349,3,3,5,08,12,4,0,0,1,0,0,1,0,0
"POINT (8.323418802000049 49.036975491000078)",Unfall 16606 (2020) Kat:3, Licht: 0,16606,3,6,2,08,18,4,0,0,0,1,0,0,0,0
"POINT (8.486929025000052 48.951092046000042)",Unfall 16628 (2020) Kat:3, Licht: 0,16628,3,6,2,08,16,3,0,0,0,1,0,0,0,0
"POINT (8.358420256000045 49.010135225000056)",Unfall 16667 (2020) Kat:3, Licht: 0,16667,3,6,2,08,13,2,0,0,0,1,0,0,0,0
"POINT (8.393679398000074 48.997104497000066)",Unfall 16710 (2020) Kat:3, Licht: 0,16710,3,7,3,08,08,6,0,0,1,0,0,0,1,0
"POINT (8.403389992000030 49.005427805000068)",Unfall 16713 (2020) Kat:3, Licht: 0,16713,3,3,5,08,13,7,0,0,0,1,0,0,0,0
"POINT (8.474053348000041 48.961140507000039)",Unfall 16724 (2020) Kat:2, Licht: 0,16724,2,6,3,08,16,6,0,0,0,1,0,0,0,0
"POINT (8.478630569000075 48.958594368000036)",Unfall 16771 (2020) Kat:3, Licht: 0,16771,3,6,3,08,07,4,0,0,0,1,0,0,1,0
"POINT (8.356874066000046 49.024202477000074)",Unfall 16814 (2020) Kat:3, Licht: 0,16814,3,6,3,08,14,5,0,0,0,1,0,0,0,0
"POINT (8.408301349000055 49.005781761000037)",Unfall 16867 (2020) Kat:3, Licht: 2,16867,3,6,0,08,22,6,0,2,1,1,0,0,0,0
"POINT (8.405625439000062 48.961787024000046)",Unfall 16906 (2020) Kat:3, Licht: 0,16906,3,3,5,08,15,7,0,0,0,1,0,0,0,0
"POINT (8.397542596000051 49.018461296000055)",Unfall 16961 (2020) Kat:3, Licht: 0,16961,3,6,2,08,13,4,0,0,0,1,0,0,0,0
"POINT (8.386683741000070 49.005276911000067)",Unfall 17098 (2020) Kat:3, Licht: 0,17098,3,3,5,08,17,5,0,0,1,1,0,0,0,0
"POINT (8.462610538000035 49.029199482000081)",Unfall 17100 (2020) Kat:3, Licht: 2,17100,3,7,0,08,21,7,0,2,0,0,1,1,0,0
"POINT (8.387170277000053 49.007602066000061)",Unfall 17348 (2020) Kat:3, Licht: 0,17348,3,2,5,09,10,2,0,0,1,1,0,0,0,0
"POINT (8.389666893000026 49.018852946000038)",Unfall 17469 (2020) Kat:3, Licht: 0,17469,3,2,5,09,16,3,0,0,1,1,0,0,0,0
"POINT (8.369463735000068 48.991736282000033)",Unfall 17495 (2020) Kat:2, Licht: 0,17495,2,6,0,09,14,3,0,0,0,0,0,1,0,0
"POINT (8.484687922000035 48.953361357000063)",Unfall 17518 (2020) Kat:3, Licht: 0,17518,3,6,2,09,08,5,0,0,0,1,0,0,0,0
"POINT (8.403376293000065 49.005496086000051)",Unfall 17575 (2020) Kat:3, Licht: 0,17575,3,3,5,08,16,2,1,0,1,1,0,0,0,0
"POINT (8.368886415000077 49.054923802000076)",Unfall 17581 (2020) Kat:2, Licht: 2,17581,2,1,8,08,21,2,1,2,0,1,0,0,0,0
"POINT (8.403378739000061 49.005427828000052)",Unfall 17586 (2020) Kat:3, Licht: 0,17586,3,3,3,08,15,2,0,0,1,0,0,0,0,1
"POINT (8.386407980000058 49.002079954000067)",Unfall 17688 (2020) Kat:3, Licht: 0,17688,3,6,2,09,13,6,0,0,0,1,0,0,0,1
"POINT (8.372156704000076 48.997789706000049)",Unfall 17859 (2020) Kat:3, Licht: 0,17859,3,7,0,09,12,1,0,0,0,0,0,1,0,0
"POINT (8.431258541000034 48.992850860000033)",Unfall 17878 (2020) Kat:2, Licht: 2,17878,2,1,9,09,23,3,0,2,0,0,0,1,0,0
"POINT (8.395470266000075 49.030199877000030)",Unfall 17917 (2020) Kat:3, Licht: 0,17917,3,6,2,09,16,2,0,0,0,1,0,0,0,0
"POINT (8.375490647000049 48.990382604000047)",Unfall 18044 (2020) Kat:3, Licht: 0,18044,3,7,2,09,08,5,0,0,0,1,0,0,1,0
"POINT (8.357972246000031 49.010963624000055)",Unfall 18106 (2020) Kat:3, Licht: 0,18106,3,2,0,09,18,2,0,0,1,1,0,0,0,0
"POINT (8.379802831000063 48.992264411000065)",Unfall 18202 (2020) Kat:3, Licht: 0,18202,3,6,2,09,17,3,0,0,0,1,0,0,0,0
"POINT (8.436923117000049 48.974717594000026)",Unfall 18384 (2020) Kat:3, Licht: 2,18384,3,6,3,09,05,6,0,2,0,1,0,0,1,0
"POINT (8.470464053000057 48.954679801000054)",Unfall 18457 (2020) Kat:3, Licht: 1,18457,3,2,2,09,19,5,0,1,0,1,0,1,0,0
"POINT (8.437513243000069 49.005098854000039)",Unfall 18458 (2020) Kat:2, Licht: 0,18458,2,6,2,09,13,5,0,0,0,1,0,0,0,0
"POINT (8.476931502000070 49.022481974000073)",Unfall 18565 (2020) Kat:3, Licht: 0,18565,3,6,4,09,16,5,0,0,1,0,0,0,0,0
"POINT (8.360104411000066 49.031571195000026)",Unfall 18606 (2020) Kat:3, Licht: 0,18606,3,6,2,09,16,5,0,0,0,1,0,0,0,0
"POINT (8.501781267000069 48.943428029000074)",Unfall 18749 (2020) Kat:3, Licht: 0,18749,3,6,2,09,13,2,0,0,0,1,0,0,0,0
"POINT (8.354770644000041 48.997925945000077)",Unfall 18758 (2020) Kat:2, Licht: 0,18758,2,3,5,09,12,2,0,0,1,1,0,0,0,0
"POINT (8.378668702000027 48.991462631000047)",Unfall 18778 (2020) Kat:2, Licht: 0,18778,2,6,2,09,14,5,0,0,0,1,0,0,0,0
"POINT (8.394492640000067 49.003248144000054)",Unfall 18853 (2020) Kat:3, Licht: 2,18853,3,6,6,10,19,5,0,2,1,0,1,0,0,0
"POINT (8.357171627000071 49.023671494000041)",Unfall 18880 (2020) Kat:3, Licht: 0,18880,3,6,2,09,16,4,0,0,0,1,0,0,0,0
"POINT (8.386250332000031 49.003211498000042)",Unfall 18915 (2020) Kat:3, Licht: 0,18915,3,6,2,10,16,5,1,0,0,1,0,0,0,0
"POINT (8.355264090000048 49.019286176000037)",Unfall 18954 (2020) Kat:3, Licht: 0,18954,3,3,5,09,15,2,0,0,1,1,0,0,0,0
"POINT (8.460865162000061 49.010654561000081)",Unfall 18983 (2020) Kat:3, Licht: 0,18983,3,6,2,10,15,5,1,0,0,1,0,0,0,0
"POINT (8.396600049000028 49.023271771000054)",Unfall 19039 (2020) Kat:3, Licht: 2,19039,3,2,5,09,19,6,1,2,1,1,0,0,0,0
"POINT (8.436744998000052 48.980982430000040)",Unfall 19046 (2020) Kat:2, Licht: 0,19046,2,6,3,09,16,6,0,0,0,1,0,0,1,0
"POINT (8.399387269000044 49.005602399000054)",Unfall 19051 (2020) Kat:3, Licht: 0,19051,3,6,2,10,17,5,1,0,0,1,0,0,0,0
"POINT (8.442262043000028 49.004214735000062)",Unfall 19114 (2020) Kat:3, Licht: 0,19114,3,7,0,10,16,5,1,0,1,0,0,0,0,0
"POINT (8.481573580000031 48.956312877000073)",Unfall 19115 (2020) Kat:3, Licht: 0,19115,3,1,8,09,08,7,1,0,0,1,0,0,0,0
"POINT (8.387900115000036 49.014688734000060)",Unfall 19142 (2020) Kat:3, Licht: 0,19142,3,6,2,10,17,5,0,0,1,1,0,0,0,0
"POINT (8.396707005000053 49.023434130000055)",Unfall 19143 (2020) Kat:3, Licht: 0,19143,3,6,2,10,17,1,1,0,0,1,0,0,0,0
"POINT (8.464695832000075 49.014540982000028)",Unfall 19200 (2020) Kat:3, Licht: 0,19200,3,6,2,10,07,4,1,0,0,1,0,1,0,0
"POINT (8.380231630000026 48.992923231000077)",Unfall 19211 (2020) Kat:3, Licht: 0,19211,3,1,9,10,07,3,1,0,0,1,0,0,0,0
"POINT (8.389228184000046 49.005391452000026)",Unfall 19230 (2020) Kat:3, Licht: 2,19230,3,6,3,10,19,7,0,2,0,1,0,0,0,0
"POINT (8.481300877000024 48.956577060000029)",Unfall 19275 (2020) Kat:2, Licht: 0,19275,2,6,2,10,10,4,1,0,0,1,0,0,0,1
"POINT (8.459650335000049 48.970029137000040)",Unfall 19281 (2020) Kat:2, Licht: 0,19281,2,6,3,10,13,3,0,0,0,1,0,0,1,0
"POINT (8.395476775000077 49.030159140000080)",Unfall 19291 (2020) Kat:3, Licht: 0,19291,3,6,2,10,13,6,0,0,0,1,0,0,0,0
"POINT (8.492258795000055 48.943543697000052)",Unfall 19352 (2020) Kat:3, Licht: 2,19352,3,6,2,10,06,4,1,2,0,1,0,0,0,0
"POINT (8.386186152000050 49.002736667000079)",Unfall 19361 (2020) Kat:3, Licht: 0,19361,3,2,5,10,16,3,1,0,0,1,0,0,0,1
"POINT (8.324392643000067 49.036717579000026)",Unfall 19427 (2020) Kat:3, Licht: 0,19427,3,6,2,10,07,4,1,0,0,1,0,0,0,0
"POINT (8.438235434000035 48.994938042000058)",Unfall 19454 (2020) Kat:2, Licht: 1,19454,2,3,5,10,19,2,0,1,0,1,0,0,1,0
"POINT (8.426667522000059 49.000717509000026)",Unfall 19644 (2020) Kat:3, Licht: 0,19644,3,2,5,10,15,2,0,0,1,0,0,0,1,0
"POINT (8.396611898000060 48.993903602000046)",Unfall 19647 (2020) Kat:2, Licht: 0,19647,2,3,5,10,08,2,1,0,0,1,0,0,0,0
"POINT (8.372250114000053 49.045433645000060)",Unfall 19651 (2020) Kat:3, Licht: 0,19651,3,3,5,10,14,2,0,0,1,1,0,0,0,0
"POINT (8.486188046000052 49.038114637000035)",Unfall 19727 (2020) Kat:2, Licht: 2,19727,2,5,1,10,05,6,1,2,0,0,0,0,1,1
"POINT (8.482364007000058 49.001892237000050)",Unfall 19761 (2020) Kat:2, Licht: 0,19761,2,6,2,10,11,1,0,0,0,1,0,0,0,0
"POINT (8.403553584000065 48.988185660000056)",Unfall 19815 (2020) Kat:3, Licht: 0,19815,3,3,5,10,16,4,0,0,1,1,0,0,0,0
"POINT (8.395405996000022 49.030602159000068)",Unfall 19827 (2020) Kat:3, Licht: 0,19827,3,6,2,10,16,4,0,0,0,1,0,0,0,0
"POINT (8.353060029000062 49.013572384000042)",Unfall 19874 (2020) Kat:3, Licht: 0,19874,3,6,2,10,14,3,0,0,0,1,0,0,0,0
"POINT (8.454889880000053 48.971510581000075)",Unfall 19885 (2020) Kat:3, Licht: 2,19885,3,6,3,10,20,3,0,2,0,1,0,0,1,0
"POINT (8.471406438000031 48.975642337000068)",Unfall 19899 (2020) Kat:2, Licht: 0,19899,2,1,8,10,17,3,0,0,0,0,0,1,0,0
"POINT (8.393531843000062 48.994745216000069)",Unfall 19967 (2020) Kat:3, Licht: 0,19967,3,7,0,10,10,3,0,0,1,0,0,0,0,0
"POINT (8.366282926000054 49.004154188000030)",Unfall 20057 (2020) Kat:3, Licht: 0,20057,3,6,2,10,07,4,0,0,0,1,0,0,0,0
"POINT (8.366167805000032 49.047113137000053)",Unfall 20058 (2020) Kat:3, Licht: 0,20058,3,6,3,10,07,7,0,0,0,1,0,1,0,0
"POINT (8.430362943000034 49.001989415000025)",Unfall 20082 (2020) Kat:3, Licht: 0,20082,3,6,2,10,12,2,0,0,0,1,0,0,0,0
"POINT (8.430591980000031 48.993276067000068)",Unfall 20086 (2020) Kat:3, Licht: 0,20086,3,6,2,10,14,2,0,0,0,1,0,0,0,0
"POINT (8.351541731000054 49.006543766000050)",Unfall 20269 (2020) Kat:2, Licht: 2,20269,2,7,0,10,02,1,0,2,1,0,0,0,0,0
"POINT (8.492288069000040 48.943599614000050)",Unfall 20274 (2020) Kat:3, Licht: 0,20274,3,3,4,10,14,1,0,0,0,1,0,0,0,0
"POINT (8.447195614000066 48.986524110000062)",Unfall 20284 (2020) Kat:3, Licht: 0,20284,3,6,2,10,12,1,0,0,0,1,0,0,0,0
"POINT (8.464480783000056 48.967194325000037)",Unfall 20287 (2020) Kat:3, Licht: 0,20287,3,6,2,10,12,1,0,0,0,1,0,0,0,0
"POINT (8.340106773000059 48.992147402000057)",Unfall 20294 (2020) Kat:3, Licht: 0,20294,3,7,9,10,13,5,0,0,0,1,0,0,0,0
"POINT (8.486039846000040 48.951687667000044)",Unfall 20374 (2020) Kat:3, Licht: 2,20374,3,6,2,11,17,1,0,2,0,1,0,0,0,1
"POINT (8.475033594000024 48.995184270000038)",Unfall 20429 (2020) Kat:3, Licht: 0,20429,3,6,2,11,12,4,0,0,0,1,0,0,1,0
"POINT (8.474290232000044 49.023835828000074)",Unfall 20449 (2020) Kat:3, Licht: 0,20449,3,6,2,10,08,3,0,0,0,1,0,0,0,0
"POINT (8.383958202000031 49.063746187000049)",Unfall 20531 (2020) Kat:2, Licht: 2,20531,2,1,9,11,02,3,1,2,0,1,0,0,0,0
"POINT (8.460238812000057 48.982950310000035)",Unfall 20540 (2020) Kat:3, Licht: 2,20540,3,4,6,10,06,5,1,2,0,1,1,0,0,0
"POINT (8.451056623000056 49.042397815000072)",Unfall 20565 (2020) Kat:3, Licht: 2,20565,3,3,5,11,18,1,1,2,0,1,0,0,0,0
"POINT (8.438818710000021 49.011448480000070)",Unfall 20648 (2020) Kat:3, Licht: 2,20648,3,6,2,11,19,2,0,2,0,1,0,0,0,0
"POINT (8.355258554000045 49.019269332000079)",Unfall 20705 (2020) Kat:3, Licht: 0,20705,3,2,5,11,16,5,0,0,0,1,0,0,0,0
"POINT (8.394681966000064 49.004950395000037)",Unfall 20718 (2020) Kat:3, Licht: 1,20718,3,7,0,11,16,3,1,1,1,0,0,0,0,0
"POINT (8.490861103000043 48.989053808000051)",Unfall 20763 (2020) Kat:3, Licht: 0,20763,3,6,4,11,07,2,0,0,0,1,0,0,0,0
"POINT (8.306771367000067 49.036486378000063)",Unfall 20774 (2020) Kat:3, Licht: 0,20774,3,6,4,11,14,5,0,0,1,0,0,1,0,0
"POINT (8.349503895000055 49.005140185000073)",Unfall 20785 (2020) Kat:3, Licht: 0,20785,3,6,2,11,15,2,1,0,0,1,0,0,1,0
"POINT (8.473779756000056 48.961081104000073)",Unfall 20796 (2020) Kat:2, Licht: 2,20796,2,7,9,11,02,7,0,2,0,1,0,0,0,0
"POINT (8.450892791000058 49.003286015000072)",Unfall 20828 (2020) Kat:3, Licht: 0,20828,3,6,3,11,12,1,0,0,0,1,0,0,0,0
"POINT (8.373984624000059 48.987080705000039)",Unfall 20865 (2020) Kat:3, Licht: 0,20865,3,6,2,11,11,2,1,0,0,1,0,0,0,1
"POINT (8.387705664000066 49.012594328000034)",Unfall 20924 (2020) Kat:3, Licht: 2,20924,3,4,6,11,18,2,0,2,0,1,1,0,0,0
"POINT (8.439274489000070 49.004766848000031)",Unfall 20938 (2020) Kat:3, Licht: 1,20938,3,3,5,11,16,7,0,1,1,1,0,0,0,0
"POINT (8.497609616000034 49.004692232000082)",Unfall 20975 (2020) Kat:2, Licht: 0,20975,2,6,2,11,16,4,0,0,0,1,0,0,1,0
"POINT (8.473160408000069 48.973609574000079)",Unfall 20980 (2020) Kat:2, Licht: 0,20980,2,2,5,11,10,4,0,0,1,1,0,0,0,0
"POINT (8.439393227000039 49.017369163000069)",Unfall 21003 (2020) Kat:3, Licht: 2,21003,3,4,6,11,07,3,1,2,0,0,1,0,0,1
"POINT (8.447337276000042 49.003413761000047)",Unfall 21041 (2020) Kat:3, Licht: 2,21041,3,4,6,11,05,6,0,2,1,0,1,0,0,0
"POINT (8.436767345000021 48.980709003000072)",Unfall 21140 (2020) Kat:3, Licht: 2,21140,3,6,2,11,17,5,0,2,0,1,0,0,0,0
"POINT (8.441869671000063 49.009303686000067)",Unfall 21151 (2020) Kat:1, Licht: 2,21151,1,4,6,11,17,1,0,2,0,1,1,0,0,0
"POINT (8.404862610000066 48.966357682000080)",Unfall 21188 (2020) Kat:3, Licht: 2,21188,3,6,2,11,17,2,1,2,0,1,0,0,0,1
"POINT (8.379410924000069 48.992090421000057)",Unfall 21219 (2020) Kat:2, Licht: 0,21219,2,3,5,11,15,3,0,0,0,1,0,0,1,0
"POINT (8.479454086000033 49.010546669000064)",Unfall 21348 (2020) Kat:3, Licht: 0,21348,3,1,5,11,15,1,0,0,0,1,0,1,0,0
"POINT (8.376433815000041 49.060458282000070)",Unfall 21393 (2020) Kat:2, Licht: 2,21393,2,7,8,11,16,5,0,2,0,0,0,1,0,0
"POINT (8.393688458000042 48.997212062000074)",Unfall 21401 (2020) Kat:3, Licht: 0,21401,3,4,6,11,12,6,0,0,1,0,1,0,0,0
"POINT (8.430529117000049 48.993258610000055)",Unfall 21425 (2020) Kat:3, Licht: 0,21425,3,6,2,11,13,6,0,0,0,1,0,0,0,0
"POINT (8.382322348000059 49.005525392000038)",Unfall 21434 (2020) Kat:3, Licht: 0,21434,3,6,2,11,12,6,0,0,0,1,0,0,0,0
"POINT (8.386606234000055 49.005515192000075)",Unfall 21438 (2020) Kat:2, Licht: 0,21438,2,3,5,11,09,6,0,0,1,1,0,0,0,0
"POINT (8.387167099000067 49.007573249000075)",Unfall 21558 (2020) Kat:2, Licht: 2,21558,2,2,6,11,21,1,0,2,0,1,1,0,0,0
"POINT (8.368668447000061 49.054883791000066)",Unfall 21577 (2020) Kat:2, Licht: 0,21577,2,6,3,11,16,2,0,0,0,1,0,0,0,0
"POINT (8.381384612000034 49.063330550000046)",Unfall 21703 (2020) Kat:3, Licht: 2,21703,3,1,8,12,05,3,2,2,0,1,0,0,0,0
"POINT (8.374395531000062 49.043843187000050)",Unfall 21746 (2020) Kat:3, Licht: 1,21746,3,4,6,12,07,4,1,1,0,1,1,0,0,0
"POINT (8.435935739000058 48.990852538000070)",Unfall 21762 (2020) Kat:3, Licht: 2,21762,3,3,5,11,20,7,0,2,0,1,0,0,1,0
"POINT (8.430298607000054 48.997200093000060)",Unfall 21774 (2020) Kat:3, Licht: 0,21774,3,6,0,11,15,5,1,0,0,1,0,1,0,0
"POINT (8.440565046000074 49.010180114000036)",Unfall 21779 (2020) Kat:3, Licht: 1,21779,3,3,5,11,16,5,1,1,0,1,0,0,0,0
"POINT (8.395982522000054 49.027341203000049)",Unfall 21782 (2020) Kat:3, Licht: 2,21782,3,6,2,11,17,5,1,2,0,1,0,0,0,0
"POINT (8.474710983000023 48.972588046000055)",Unfall 21900 (2020) Kat:3, Licht: 0,21900,3,1,0,12,11,3,0,0,1,0,0,0,0,0
"POINT (8.452960206000057 49.043209281000031)",Unfall 22003 (2020) Kat:3, Licht: 2,22003,3,6,2,12,06,5,0,2,0,1,0,0,0,0
"POINT (8.450934089000043 49.042432257000030)",Unfall 22008 (2020) Kat:3, Licht: 1,22008,3,3,5,12,07,5,0,1,0,1,0,0,0,0
"POINT (8.355071090000024 49.018751744000042)",Unfall 22049 (2020) Kat:3, Licht: 2,22049,3,3,5,12,17,6,1,2,1,1,0,0,0,0
"POINT (8.470823594000024 49.025470291000033)",Unfall 22057 (2020) Kat:3, Licht: 0,22057,3,2,6,12,08,2,1,0,0,1,1,0,0,0
"POINT (8.386265645000037 49.003321370000037)",Unfall 22097 (2020) Kat:3, Licht: 2,22097,3,6,2,12,17,6,1,2,0,1,0,0,0,0
"POINT (8.410191817000055 48.961539408000078)",Unfall 22186 (2020) Kat:3, Licht: 0,22186,3,7,7,12,11,3,0,0,0,0,0,0,1,0
"POINT (8.383372431000055 48.995674788000031)",Unfall 22188 (2020) Kat:3, Licht: 0,22188,3,6,2,12,12,3,1,0,0,1,0,0,0,0
"POINT (8.387896473000069 49.014624679000065)",Unfall 22248 (2020) Kat:3, Licht: 1,22248,3,3,5,12,07,6,0,1,1,1,0,0,0,0
"POINT (8.333212771000035 48.986614224000050)",Unfall 22273 (2020) Kat:3, Licht: 2,22273,3,3,2,12,07,2,0,2,1,1,0,0,0,0
"POINT (8.394712623000032 49.005265323000060)",Unfall 22275 (2020) Kat:3, Licht: 0,22275,3,3,5,12,15,2,0,0,1,0,0,0,0,1
"POINT (8.387443708000035 49.010554411000044)",Unfall 22343 (2020) Kat:3, Licht: 2,22343,3,3,5,12,18,1,0,2,0,1,0,0,0,0
"POINT (8.394781734000048 49.005449184000042)",Unfall 22346 (2020) Kat:3, Licht: 0,22346,3,7,0,12,10,5,0,0,1,0,0,0,0,0
"POINT (8.492327374000070 48.943654403000039)",Unfall 22379 (2020) Kat:3, Licht: 1,22379,3,6,2,12,16,7,1,1,0,1,0,0,0,0
"POINT (8.354205669000066 49.017222483000069)",Unfall 22380 (2020) Kat:2, Licht: 0,22380,2,3,5,12,13,7,1,0,1,1,0,0,0,0
"POINT (8.404486074000033 48.960494852000068)",Unfall 22382 (2020) Kat:3, Licht: 2,22382,3,6,3,12,17,7,1,2,0,1,0,0,0,0
"POINT (8.428102327000033 48.968331058000047)",Unfall 22531 (2020) Kat:3, Licht: 0,22531,3,1,1,12,12,3,1,0,0,1,0,0,0,0
"POINT (8.387447689000055 49.010588443000074)",Unfall 22535 (2020) Kat:3, Licht: 0,22535,3,3,5,12,12,2,0,0,1,0,0,0,0,0
"POINT (8.409288012000047 48.961408584000026)",Unfall 22564 (2020) Kat:3, Licht: 2,22564,3,1,0,12,21,7,0,2,0,0,0,1,0,0
"POINT (8.421452864000059 48.994668773000058)",Unfall 22595 (2020) Kat:3, Licht: 2,22595,3,6,2,12,17,4,1,2,0,1,0,0,0,0
"POINT (8.352736035000021 49.013912166000068)",Unfall 22722 (2020) Kat:3, Licht: 0,22722,3,6,2,12,15,3,1,0,0,1,0,0,0,0
"POINT (8.406303216000026 49.010312640000052)",Unfall 145894 (2020) Kat:3, Licht: 0,145894,3,2,5,01,15,6,1,0,1,0,0,0,0,1
"POINT (8.381643891000067 49.004559354000037)",Unfall 145922 (2020) Kat:2, Licht: 0,145922,2,3,5,01,11,3,1,0,1,0,0,0,0,1
"POINT (8.387447448000046 49.010304948000055)",Unfall 145982 (2020) Kat:3, Licht: 0,145982,3,6,2,01,10,2,0,0,0,1,0,0,0,0
"POINT (8.390299393000021 49.044956134000074)",Unfall 145998 (2020) Kat:3, Licht: 1,145998,3,6,2,01,17,6,1,1,0,1,0,0,0,0
"POINT (8.375195187000031 49.010888336000050)",Unfall 146092 (2020) Kat:3, Licht: 0,146092,3,6,2,01,12,3,0,0,0,1,0,0,0,0
"POINT (8.343218119000028 49.031802003000053)",Unfall 146094 (2020) Kat:3, Licht: 0,146094,3,3,5,01,10,1,0,0,0,1,0,0,0,0
"POINT (8.435566222000034 49.005457355000033)",Unfall 146113 (2020) Kat:3, Licht: 2,146113,3,6,2,01,17,5,0,2,0,1,0,0,0,0
"POINT (8.403166418000069 49.001847886000064)",Unfall 146137 (2020) Kat:3, Licht: 2,146137,3,6,1,01,17,7,0,2,1,1,0,0,0,0
"POINT (8.374895513000070 49.014129395000055)",Unfall 146180 (2020) Kat:3, Licht: 0,146180,3,7,0,01,10,6,1,0,1,0,0,0,0,0
"POINT (8.459022785000059 48.998950405000073)",Unfall 146182 (2020) Kat:3, Licht: 1,146182,3,2,5,01,07,6,1,1,1,1,0,0,0,0
"POINT (8.357004410000059 49.011536845000080)",Unfall 146184 (2020) Kat:2, Licht: 2,146184,2,2,5,01,17,6,1,2,0,1,0,0,0,1
"POINT (8.441940252000052 49.013791783000045)",Unfall 146187 (2020) Kat:2, Licht: 0,146187,2,3,5,01,10,6,0,0,1,0,0,0,0,1
"POINT (8.375010099000065 49.015081371000065)",Unfall 146245 (2020) Kat:3, Licht: 0,146245,3,7,0,01,09,5,0,0,1,0,0,0,0,0
"POINT (8.389766816000076 49.044814531000043)",Unfall 146247 (2020) Kat:3, Licht: 0,146247,3,6,1,01,14,5,0,0,0,1,0,0,0,1
"POINT (8.344312905000038 49.037862952000069)",Unfall 146256 (2020) Kat:3, Licht: 2,146256,3,7,8,01,18,2,1,2,0,0,0,1,0,0