WKT,Name,OBJECTID,UKATEGORIE,UTYP1,UART,UMONAT,USTUNDE,UWOCHENTAG,STRZUSTAND,ULICHTVERH,ISTRAD,ISTPKW,ISTFUSS,ISTKRAD,ISTGKFZ,ISTSONSTIG
"POINT (8.442704265000032 49.004842306000057)",Unfall 146261 (2020) Kat:3, Licht: 1,146261,3,3,5,01,16,2,0,1,1,1,0,0,0,0
"POINT (8.385059852000040 49.020291138000061)",Unfall 146265 (2020) Kat:3, Licht: 0,146265,3,3,5,01,10,5,0,0,1,1,0,0,0,0
"POINT (8.424106998000070 49.002938859000039)",Unfall 146273 (2020) Kat:3, Licht: 1,146273,3,3,5,01,20,2,1,1,1,1,0,0,0,0
"POINT (8.376696148000065 49.010748346000071)",Unfall 146280 (2020) Kat:3, Licht: 2,146280,3,7,0,01,06,2,0,2,1,0,0,0,0,0
"POINT (8.389735134000034 49.014577618000033)",Unfall 146295 (2020) Kat:3, Licht: 0,146295,3,3,5,01,14,4,0,0,0,1,0,0,0,1
"POINT (8.386824480000030 49.031020136000052)",Unfall 146296 (2020) Kat:3, Licht: 0,146296,3,4,6,01,15,4,0,0,0,0,1,0,0,1
"POINT (8.379266156000028 49.005244655000070)",Unfall 146327 (2020) Kat:3, Licht: 0,146327,3,7,8,01,11,6,0,0,1,0,0,0,0,0
"POINT (8.390906413000039 49.010192935000077)",Unfall 146342 (2020) Kat:3, Licht: 0,146342,3,4,6,01,15,6,1,0,0,1,1,0,0,0
"POINT (8.346956824000074 49.024512703000028)",Unfall 146344 (2020) Kat:3, Licht: 2,146344,3,2,5,01,17,6,1,2,0,1,0,0,0,1
"POINT (8.365001490000054 49.011321047000081)",Unfall 146349 (2020) Kat:3, Licht: 0,146349,3,3,0,01,12,6,0,0,1,0,0,0,0,1
"POINT (8.407733249000046 49.007518883000046)",Unfall 146365 (2020) Kat:3, Licht: 1,146365,3,3,5,01,17,5,0,1,1,1,0,0,0,0
"POINT (8.394158710000056 49.006010276000040)",Unfall 146437 (2020) Kat:3, Licht: 0,146437,3,7,6,01,11,4,0,0,0,0,1,0,0,1
"POINT (8.375015645000076 49.015179098000033)",Unfall 146475 (2020) Kat:3, Licht: 0,146475,3,2,2,01,19,5,0,0,1,1,0,0,0,0
"POINT (8.385223408000059 49.031099396000059)",Unfall 146485 (2020) Kat:3, Licht: 0,146485,3,7,1,01,08,6,0,0,1,1,0,0,0,0
"POINT (8.418833677000066 49.008594478000077)",Unfall 146525 (2020) Kat:3, Licht: 0,146525,3,3,5,01,12,5,0,0,1,0,0,0,0,1
"POINT (8.399956231000033 49.008040945000062)",Unfall 146536 (2020) Kat:3, Licht: 2,146536,3,3,5,01,07,6,0,2,1,1,0,0,0,0
"POINT (8.386673044000077 49.030115173000070)",Unfall 146572 (2020) Kat:3, Licht: 2,146572,3,2,0,01,17,5,0,2,1,0,0,0,0,1
"POINT (8.378379077000034 48.996615058000032)",Unfall 146577 (2020) Kat:3, Licht: 0,146577,3,3,5,01,12,5,0,0,1,1,0,0,0,0
"POINT (8.418020713000033 49.010825501000056)",Unfall 146582 (2020) Kat:3, Licht: 2,146582,3,3,5,01,18,5,0,2,1,0,0,0,0,0
"POINT (8.391113802000064 49.004597475000025)",Unfall 146585 (2020) Kat:3, Licht: 2,146585,3,3,5,01,23,2,1,2,0,1,0,0,0,0
"POINT (8.448832865000043 49.025678632000051)",Unfall 146590 (2020) Kat:3, Licht: 0,146590,3,2,2,01,15,6,0,0,0,1,0,0,0,0
"POINT (8.399338663000037 49.003246874000070)",Unfall 146591 (2020) Kat:3, Licht: 2,146591,3,5,1,01,18,2,1,2,0,1,0,0,0,0
"POINT (8.381723381000029 49.004536145000031)",Unfall 146593 (2020) Kat:3, Licht: 2,146593,3,2,5,01,16,2,1,2,0,1,0,0,0,0
"POINT (8.391255818000047 49.018257152000047)",Unfall 146595 (2020) Kat:3, Licht: 2,146595,3,2,5,01,07,2,1,2,0,1,0,1,0,0
"POINT (8.368881594000072 49.011172935000047)",Unfall 146601 (2020) Kat:2, Licht: 2,146601,2,3,5,01,17,2,1,2,1,1,0,0,0,0
"POINT (8.461330593000071 49.024261687000035)",Unfall 146652 (2020) Kat:3, Licht: 2,146652,3,3,5,01,21,5,1,2,1,1,0,0,0,0
"POINT (8.359450871000036 48.985407862000045)",Unfall 146655 (2020) Kat:2, Licht: 2,146655,2,7,8,01,01,5,0,2,0,1,0,0,0,0
"POINT (8.394259437000073 49.010042693000059)",Unfall 146719 (2020) Kat:3, Licht: 2,146719,3,7,0,02,02,1,0,2,1,0,0,0,0,0
"POINT (8.386247401000048 49.010594666000031)",Unfall 146773 (2020) Kat:3, Licht: 0,146773,3,6,2,01,14,3,0,0,0,1,0,0,0,0
"POINT (8.394860729000072 49.010012718000041)",Unfall 146775 (2020) Kat:3, Licht: 0,146775,3,7,0,01,14,7,0,0,0,0,0,0,0,1
"POINT (8.393463148000024 49.009949753000058)",Unfall 146776 (2020) Kat:3, Licht: 0,146776,3,7,6,01,09,3,1,0,0,0,1,0,0,1
"POINT (8.398830480000072 48.994313252000040)",Unfall 146840 (2020) Kat:3, Licht: 0,146840,3,6,3,01,09,2,1,0,1,0,0,0,0,1
"POINT (8.386456295000073 49.010329108000064)",Unfall 146841 (2020) Kat:3, Licht: 2,146841,3,3,5,01,19,2,1,2,1,1,0,0,0,0
"POINT (8.409169646000066 49.010385997000071)",Unfall 146843 (2020) Kat:3, Licht: 0,146843,3,2,5,02,16,7,1,0,1,1,0,0,0,0
"POINT (8.457526376000033 49.018549310000026)",Unfall 146849 (2020) Kat:3, Licht: 0,146849,3,2,5,02,14,1,0,0,0,1,0,0,0,0
"POINT (8.365023382000061 49.020909218000043)",Unfall 146870 (2020) Kat:2, Licht: 1,146870,2,5,0,02,16,3,1,1,1,1,0,0,0,0
"POINT (8.393029499000022 49.053845851000062)",Unfall 146883 (2020) Kat:3, Licht: 0,146883,3,3,5,02,15,3,0,0,0,1,0,0,0,0
"POINT (8.365176936000069 49.027552257000082)",Unfall 146890 (2020) Kat:2, Licht: 0,146890,2,3,4,02,08,5,0,0,1,1,0,0,0,0
"POINT (8.384628309000050 49.014744860000064)",Unfall 146896 (2020) Kat:3, Licht: 1,146896,3,3,5,02,17,5,0,1,1,1,0,0,0,0
"POINT (8.410259340000039 49.005806092000057)",Unfall 146926 (2020) Kat:3, Licht: 2,146926,3,2,5,02,20,2,1,2,1,0,0,0,1,0
"POINT (8.407699811000043 49.011500723000040)",Unfall 146975 (2020) Kat:3, Licht: 2,146975,3,6,4,02,00,6,0,2,0,1,0,0,0,0
"POINT (8.381122796000057 49.001352974000042)",Unfall 146977 (2020) Kat:3, Licht: 2,146977,3,2,5,02,18,3,0,2,1,1,0,0,0,0
"POINT (8.385719082000037 48.995317313000044)",Unfall 146981 (2020) Kat:3, Licht: 2,146981,3,6,2,02,07,2,1,2,0,1,0,0,0,0
"POINT (8.409906661000036 48.996132969000030)",Unfall 146984 (2020) Kat:3, Licht: 0,146984,3,3,5,02,10,2,0,0,0,1,0,0,0,0
"POINT (8.390915962000065 49.018374386000062)",Unfall 146988 (2020) Kat:3, Licht: 0,146988,3,2,5,02,11,3,0,0,1,1,0,0,0,0
"POINT (8.434285855000042 49.014961757000037)",Unfall 146993 (2020) Kat:3, Licht: 0,146993,3,2,5,02,07,2,0,0,1,0,0,0,0,1
"POINT (8.442424022000068 49.004602128000045)",Unfall 147005 (2020) Kat:3, Licht: 0,147005,3,6,2,02,17,1,0,0,0,1,0,0,0,0
"POINT (8.460193838000066 49.019956715000035)",Unfall 147006 (2020) Kat:3, Licht: 0,147006,3,3,5,02,13,2,0,0,0,1,0,0,0,1
"POINT (8.418320708000067 49.013418956000066)",Unfall 147018 (2020) Kat:3, Licht: 2,147018,3,3,5,02,07,2,1,2,0,1,0,0,0,0
"POINT (8.434738511000035 49.038120140000046)",Unfall 147077 (2020) Kat:2, Licht: 1,147077,2,4,6,02,07,4,0,1,0,1,1,0,0,0
"POINT (8.470630351000068 48.996720160000052)",Unfall 147083 (2020) Kat:3, Licht: 0,147083,3,5,1,02,07,2,1,0,1,1,0,0,0,0
"POINT (8.410728330000040 48.997630069000081)",Unfall 147089 (2020) Kat:3, Licht: 0,147089,3,7,6,02,12,3,0,0,0,0,1,0,0,1
"POINT (8.396952258000056 49.005339460000073)",Unfall 147153 (2020) Kat:3, Licht: 2,147153,3,7,0,02,22,7,0,2,1,0,0,0,0,0
"POINT (8.374970610000048 49.009443801000032)",Unfall 147169 (2020) Kat:3, Licht: 0,147169,3,2,5,02,16,3,0,0,1,1,0,0,0,0
"POINT (8.413617742000042 48.972033888000055)",Unfall 147171 (2020) Kat:3, Licht: 0,147171,3,7,1,02,14,3,0,0,1,1,0,0,0,0
"POINT (8.364938862000031 49.049728800000025)",Unfall 147176 (2020) Kat:2, Licht: 0,147176,2,3,5,02,09,6,0,0,0,1,0,0,0,0
"POINT (8.413474264000058 49.004342036000025)",Unfall 147178 (2020) Kat:3, Licht: 2,147178,3,2,5,02,18,3,1,2,1,1,0,0,0,0
"POINT (8.418284258000028 49.013545587000067)",Unfall 147179 (2020) Kat:2, Licht: 0,147179,2,6,4,02,08,6,1,0,0,1,0,0,0,0
"POINT (8.409266811000066 48.993700436000040)",Unfall 147181 (2020) Kat:3, Licht: 2,147181,3,6,2,02,18,6,0,2,0,1,0,0,0,1
"POINT (8.403062120000072 49.003858020000052)",Unfall 147194 (2020) Kat:3, Licht: 0,147194,3,2,5,02,17,5,0,0,1,0,0,0,0,0
"POINT (8.466108747000021 49.002033365000045)",Unfall 147248 (2020) Kat:2, Licht: 2,147248,2,1,8,02,18,5,1,2,1,0,0,0,0,0
"POINT (8.371118064000029 49.007287205000068)",Unfall 147249 (2020) Kat:3, Licht: 0,147249,3,2,5,02,16,5,0,0,1,0,0,0,0,1
"POINT (8.398288082000022 49.004026747000069)",Unfall 147257 (2020) Kat:2, Licht: 2,147257,2,3,5,02,20,4,0,2,1,0,0,0,0,0
"POINT (8.375216922000050 49.015090480000026)",Unfall 147264 (2020) Kat:3, Licht: 0,147264,3,2,5,02,16,7,0,0,1,1,0,0,0,0
"POINT (8.405419712000025 48.998361084000067)",Unfall 147301 (2020) Kat:3, Licht: 0,147301,3,1,0,02,14,2,1,0,1,0,0,0,0,0
"POINT (8.422552904000042 49.005783980000047)",Unfall 147303 (2020) Kat:3, Licht: 1,147303,3,6,6,02,17,2,0,1,0,1,1,0,0,0
"POINT (8.423146902000042 49.007699536000075)",Unfall 147305 (2020) Kat:3, Licht: 0,147305,3,2,5,02,16,5,0,0,1,1,0,0,0,0
"POINT (8.475034563000065 48.999296869000034)",Unfall 147309 (2020) Kat:3, Licht: 0,147309,3,7,0,02,10,2,1,0,1,0,0,0,0,0
"POINT (8.389802929000041 49.007462600000053)",Unfall 147315 (2020) Kat:3, Licht: 2,147315,3,7,1,02,19,4,0,2,1,1,0,0,0,0
"POINT (8.419670097000051 49.007137517000047)",Unfall 147316 (2020) Kat:3, Licht: 2,147316,3,3,5,02,21,4,0,2,0,1,0,0,0,0
"POINT (8.395121348000032 49.010781838000071)",Unfall 147327 (2020) Kat:3, Licht: 0,147327,3,3,5,02,11,2,1,0,0,1,0,1,0,0
"POINT (8.397985121000033 49.008664724000027)",Unfall 147330 (2020) Kat:3, Licht: 0,147330,3,7,6,02,09,7,0,0,0,1,1,0,0,0
"POINT (8.467495814000074 48.993260401000043)",Unfall 147355 (2020) Kat:2, Licht: 0,147355,2,3,5,02,12,5,0,0,1,1,0,0,0,0
"POINT (8.335338513000068 49.009020424000028)",Unfall 147409 (2020) Kat:3, Licht: 0,147409,3,6,2,03,13,1,0,0,0,1,0,0,0,0
"POINT (8.392812000000049 48.997196955000049)",Unfall 147416 (2020) Kat:3, Licht: 0,147416,3,3,5,02,08,4,1,0,1,1,0,0,0,0
"POINT (8.393939022000041 48.999575322000055)",Unfall 147422 (2020) Kat:3, Licht: 0,147422,3,3,4,03,09,3,0,0,1,1,0,0,0,0
"POINT (8.390910712000050 49.002034124000033)",Unfall 147439 (2020) Kat:3, Licht: 0,147439,3,3,5,02,14,5,1,0,1,1,0,0,0,0
"POINT (8.375256779000040 49.020921048000048)",Unfall 147485 (2020) Kat:2, Licht: 2,147485,2,3,5,03,21,2,1,2,1,1,0,0,0,0
"POINT (8.394925941000054 49.008833430000038)",Unfall 147492 (2020) Kat:3, Licht: 0,147492,3,4,6,02,13,7,0,0,0,0,1,0,0,1
"POINT (8.372711782000067 49.025625232000039)",Unfall 147494 (2020) Kat:3, Licht: 2,147494,3,6,1,02,18,5,1,2,0,1,0,0,0,0
"POINT (8.367892320000067 49.008358867000027)",Unfall 147495 (2020) Kat:3, Licht: 0,147495,3,3,5,02,08,7,0,0,1,0,0,0,0,0
"POINT (8.367933446000052 49.011203072000058)",Unfall 147508 (2020) Kat:3, Licht: 2,147508,3,4,6,02,05,3,1,2,0,0,1,0,0,1
"POINT (8.408374609000020 49.023664701000030)",Unfall 147522 (2020) Kat:2, Licht: 0,147522,2,2,2,03,14,1,0,0,0,1,0,0,0,0
"POINT (8.358525913000051 49.031685645000039)",Unfall 147529 (2020) Kat:3, Licht: 1,147529,3,6,2,02,17,4,1,1,1,1,0,0,0,0
"POINT (8.399980083000060 49.003839054000082)",Unfall 147538 (2020) Kat:3, Licht: 0,147538,3,1,0,02,13,2,1,0,1,0,0,0,0,0
"POINT (8.384805106000044 49.057583432000058)",Unfall 147555 (2020) Kat:3, Licht: 1,147555,3,2,2,03,16,2,1,1,0,1,0,0,0,0
"POINT (8.408884611000076 49.009378481000056)",Unfall 147580 (2020) Kat:3, Licht: 0,147580,3,4,6,02,12,2,0,0,0,0,1,0,0,1
"POINT (8.405099667000059 48.966133360000072)",Unfall 147589 (2020) Kat:3, Licht: 0,147589,3,3,5,03,15,3,0,0,1,1,0,0,0,0
"POINT (8.457785895000029 49.020682967000027)",Unfall 147604 (2020) Kat:2, Licht: 0,147604,2,3,5,02,10,5,0,0,0,1,0,0,0,0
"POINT (8.359686503000035 48.995295618000057)",Unfall 147609 (2020) Kat:3, Licht: 2,147609,3,3,5,02,18,7,1,2,0,1,0,0,0,0
"POINT (8.420556782000062 49.008405613000036)",Unfall 147610 (2020) Kat:2, Licht: 2,147610,2,4,6,02,20,6,0,2,0,0,1,0,0,1
"POINT (8.390430806000040 48.997304035000070)",Unfall 147633 (2020) Kat:3, Licht: 0,147633,3,3,5,02,13,6,0,0,0,1,0,0,0,0
"POINT (8.374564201000055 49.011076274000061)",Unfall 147636 (2020) Kat:3, Licht: 2,147636,3,2,5,02,19,4,0,2,1,0,0,0,0,1
"POINT (8.384627632000047 49.014737500000081)",Unfall 147682 (2020) Kat:2, Licht: 0,147682,2,2,5,03,15,2,0,0,1,1,0,0,0,0
"POINT (8.419558017000043 49.009913121000068)",Unfall 147721 (2020) Kat:3, Licht: 0,147721,3,7,0,03,08,2,1,0,1,0,0,0,0,0
"POINT (8.391113537000024 49.004594178000048)",Unfall 147722 (2020) Kat:2, Licht: 0,147722,2,3,5,03,16,5,1,0,1,1,0,0,0,0
"POINT (8.390317803000073 48.996148988000073)",Unfall 147727 (2020) Kat:3, Licht: 0,147727,3,3,0,03,09,4,1,0,0,1,0,1,0,0
"POINT (8.353756788000055 49.032168239000043)",Unfall 147728 (2020) Kat:3, Licht: 0,147728,3,5,1,03,11,6,1,0,0,1,0,0,1,0
"POINT (8.390079997000044 49.045742383000061)",Unfall 147759 (2020) Kat:3, Licht: 0,147759,3,6,6,03,08,4,0,0,0,0,1,0,0,1
"POINT (8.381477570000072 49.007641913000043)",Unfall 147762 (2020) Kat:3, Licht: 2,147762,3,5,1,03,01,4,1,2,1,1,0,0,0,0
"POINT (8.385886724000045 49.024602277000042)",Unfall 147767 (2020) Kat:3, Licht: 0,147767,3,3,5,03,10,1,0,0,0,1,0,0,0,0
"POINT (8.380524618000038 48.996308476000081)",Unfall 147771 (2020) Kat:3, Licht: 2,147771,3,3,5,03,06,3,1,2,0,1,0,0,0,0
"POINT (8.322219540000049 49.005625396000028)",Unfall 147782 (2020) Kat:3, Licht: 0,147782,3,2,5,03,14,6,1,0,0,1,0,0,0,0
"POINT (8.405478747000075 48.997517617000028)",Unfall 147791 (2020) Kat:3, Licht: 0,147791,3,7,2,03,07,2,1,0,1,1,0,0,0,0
"POINT (8.372343363000027 48.982428436000077)",Unfall 147832 (2020) Kat:3, Licht: 0,147832,3,3,5,03,15,2,0,0,1,1,0,0,0,0
"POINT (8.402205324000022 49.003900084000065)",Unfall 147838 (2020) Kat:3, Licht: 0,147838,3,5,1,03,12,4,1,0,1,1,0,0,0,0
"POINT (8.348741100000041 48.998979473000077)",Unfall 147873 (2020) Kat:3, Licht: 0,147873,3,3,5,03,16,5,1,0,1,1,0,0,0,0
"POINT (8.383856278000053 49.010640951000028)",Unfall 147876 (2020) Kat:3, Licht: 2,147876,3,4,6,03,21,5,1,2,0,1,1,0,0,0
"POINT (8.440229308000028 49.016322030000026)",Unfall 147877 (2020) Kat:3, Licht: 0,147877,3,1,1,03,11,1,0,0,0,1,0,1,0,0
"POINT (8.386120955000024 49.007687137000062)",Unfall 147884 (2020) Kat:3, Licht: 0,147884,3,2,3,03,09,2,1,0,1,1,0,0,0,0
"POINT (8.336658629000056 48.994106716000033)",Unfall 147891 (2020) Kat:2, Licht: 0,147891,2,7,6,03,11,4,0,0,0,1,1,0,0,0
"POINT (8.410671068000056 48.999622475000081)",Unfall 147892 (2020) Kat:3, Licht: 0,147892,3,1,0,03,14,6,1,0,0,0,0,1,0,0
"POINT (8.404324290000034 49.006990900000062)",Unfall 147913 (2020) Kat:2, Licht: 0,147913,2,4,6,03,13,3,0,0,1,0,1,0,0,0
"POINT (8.394154375000028 49.013083331000075)",Unfall 147915 (2020) Kat:3, Licht: 1,147915,3,2,5,03,17,4,0,1,1,1,0,0,0,0
"POINT (8.400508395000031 49.010699984000041)",Unfall 147946 (2020) Kat:3, Licht: 2,147946,3,2,5,03,19,2,0,2,0,1,0,1,0,0
"POINT (8.397353550000048 49.009901318000061)",Unfall 147948 (2020) Kat:3, Licht: 0,147948,3,7,0,03,10,3,0,0,1,0,0,0,0,0
"POINT (8.449274844000058 48.994274245000042)",Unfall 147955 (2020) Kat:3, Licht: 0,147955,3,3,5,03,15,4,0,0,1,1,0,0,0,0
"POINT (8.407931957000074 49.008767308000074)",Unfall 147979 (2020) Kat:3, Licht: 0,147979,3,7,6,03,16,2,0,0,1,0,1,0,0,0
"POINT (8.423014427000055 49.012218855000071)",Unfall 147993 (2020) Kat:3, Licht: 2,147993,3,7,6,03,19,5,0,2,0,0,1,0,0,1
"POINT (8.403444557000057 48.999430225000026)",Unfall 147995 (2020) Kat:3, Licht: 1,147995,3,7,0,03,19,4,0,1,1,0,0,0,0,0
"POINT (8.352208075000021 49.018787487000054)",Unfall 148000 (2020) Kat:3, Licht: 0,148000,3,3,5,03,16,3,0,0,0,1,0,1,0,0
"POINT (8.394151024000053 49.031857535000029)",Unfall 148009 (2020) Kat:3, Licht: 2,148009,3,7,0,03,19,6,0,2,1,1,0,0,0,0
"POINT (8.438848926000048 49.031642926000075)",Unfall 148012 (2020) Kat:3, Licht: 0,148012,3,4,6,03,16,6,0,0,1,0,1,0,0,0
"POINT (8.367882775000055 49.008310058000063)",Unfall 148014 (2020) Kat:2, Licht: 1,148014,2,3,5,03,06,2,0,1,0,1,0,1,0,0
"POINT (8.404825211000059 48.972387082000068)",Unfall 148021 (2020) Kat:3, Licht: 0,148021,3,3,5,03,14,6,0,0,0,0,0,0,0,1
"POINT (8.422828025000058 49.011311667000030)",Unfall 148043 (2020) Kat:3, Licht: 0,148043,3,3,5,03,09,3,0,0,1,1,0,0,0,0
"POINT (8.395584508000070 48.994639867000046)",Unfall 148055 (2020) Kat:3, Licht: 0,148055,3,3,5,03,14,3,0,0,1,1,0,0,0,0
"POINT (8.403460432000031 49.006923576000077)",Unfall 148058 (2020) Kat:3, Licht: 0,148058,3,3,5,03,11,2,0,0,1,1,0,0,0,0
"POINT (8.468982780000033 49.003354043000058)",Unfall 148068 (2020) Kat:3, Licht: 0,148068,3,3,5,03,12,4,0,0,1,1,0,0,0,0
"POINT (8.408341295000071 48.997317697000028)",Unfall 148099 (2020) Kat:3, Licht: 0,148099,3,3,5,03,17,6,0,0,1,0,0,0,0,0
"POINT (8.430823492000059 49.034568287000070)",Unfall 148108 (2020) Kat:3, Licht: 0,148108,3,3,5,03,15,4,0,0,1,1,0,0,0,0
"POINT (8.461003023000046 48.992623022000032)",Unfall 148112 (2020) Kat:3, Licht: 0,148112,3,7,6,03,10,3,0,0,0,0,0,0,0,1
"POINT (8.430853732000060 49.014041874000043)",Unfall 148120 (2020) Kat:3, Licht: 0,148120,3,6,2,03,10,4,0,0,0,1,0,0,0,0
"POINT (8.355650550000064 49.010486699000069)",Unfall 148123 (2020) Kat:3, Licht: 0,148123,3,7,0,03,14,7,0,0,1,0,0,0,0,0
"POINT (8.474650158000031 48.955226562000064)",Unfall 148126 (2020) Kat:2, Licht: 0,148126,2,1,0,03,13,7,0,0,0,0,0,1,0,0
"POINT (8.389237541000057 49.004893165000055)",Unfall 148134 (2020) Kat:2, Licht: 0,148134,2,4,6,03,18,7,0,0,0,1,1,0,0,0
"POINT (8.375511521000021 49.020916344000057)",Unfall 148151 (2020) Kat:3, Licht: 2,148151,3,1,8,03,00,3,0,2,0,1,0,0,0,0
"POINT (8.403447446000030 49.006944983000039)",Unfall 148164 (2020) Kat:3, Licht: 0,148164,3,6,3,03,14,3,0,0,1,0,0,0,0,0
"POINT (8.374426703000040 49.008432080000034)",Unfall 148166 (2020) Kat:3, Licht: 0,148166,3,2,2,03,09,2,0,0,1,1,0,0,0,0
"POINT (8.392309947000058 49.028161198000078)",Unfall 148173 (2020) Kat:2, Licht: 2,148173,2,4,6,03,21,4,0,2,0,1,1,0,0,0
"POINT (8.405524007000054 49.003916817000061)",Unfall 148187 (2020) Kat:3, Licht: 0,148187,3,2,5,03,16,6,0,0,1,1,0,0,0,0
"POINT (8.350263921000021 49.005408132000071)",Unfall 148244 (2020) Kat:3, Licht: 0,148244,3,6,2,03,11,5,0,0,0,1,0,0,0,0
"POINT (8.394788203000076 49.011913421000031)",Unfall 148263 (2020) Kat:3, Licht: 0,148263,3,6,2,04,14,6,0,0,0,1,0,0,0,0
"POINT (8.371615500000075 49.008815308000067)",Unfall 148266 (2020) Kat:3, Licht: 0,148266,3,3,5,04,18,6,0,0,1,1,0,0,0,0
"POINT (8.447754253000028 49.003976899000065)",Unfall 148292 (2020) Kat:3, Licht: 0,148292,3,3,5,04,12,2,0,0,1,1,0,0,0,0
"POINT (8.355672508000055 49.012067897000065)",Unfall 148295 (2020) Kat:3, Licht: 0,148295,3,7,0,04,18,5,0,0,1,1,0,0,0,0
"POINT (8.391651515000035 49.014477033000048)",Unfall 148314 (2020) Kat:2, Licht: 0,148314,2,2,5,04,18,4,0,0,1,1,0,0,0,0
"POINT (8.477503270000057 49.019219273000033)",Unfall 148315 (2020) Kat:1, Licht: 0,148315,1,7,6,03,11,4,0,0,0,0,1,0,0,1
"POINT (8.351814880000063 49.034717112000067)",Unfall 148366 (2020) Kat:3, Licht: 0,148366,3,1,0,03,17,2,0,0,1,1,0,0,0,0
"POINT (8.408848467000041 48.968575272000066)",Unfall 148367 (2020) Kat:3, Licht: 0,148367,3,3,5,03,12,2,0,0,0,1,0,0,0,0
"POINT (8.379093014000034 48.985608984000066)",Unfall 148370 (2020) Kat:3, Licht: 0,148370,3,6,3,03,17,2,0,0,1,1,0,0,0,0
"POINT (8.460148202000028 49.019922845000053)",Unfall 148400 (2020) Kat:3, Licht: 0,148400,3,3,5,03,07,7,0,0,0,1,0,1,0,0
"POINT (8.356358926000041 49.007346535000067)",Unfall 148402 (2020) Kat:3, Licht: 2,148402,3,3,5,03,20,7,0,2,0,1,0,0,0,0
"POINT (8.374615429000073 49.011060913000051)",Unfall 148435 (2020) Kat:3, Licht: 0,148435,3,6,3,03,12,2,0,0,1,1,0,0,0,0
"POINT (8.361788865000051 49.016167618000054)",Unfall 148438 (2020) Kat:3, Licht: 0,148438,3,6,2,04,14,3,0,0,1,0,0,0,0,1
"POINT (8.447423238000056 48.986848442000053)",Unfall 148474 (2020) Kat:3, Licht: 0,148474,3,7,2,04,12,5,0,0,0,0,0,1,0,1
"POINT (8.346394755000063 49.015253587000075)",Unfall 148478 (2020) Kat:3, Licht: 0,148478,3,6,2,04,18,3,0,0,0,1,0,0,0,0
"POINT (8.361466174000043 49.011384195000062)",Unfall 148484 (2020) Kat:3, Licht: 0,148484,3,2,5,04,09,4,0,0,1,1,0,0,0,0
"POINT (8.368174592000059 49.030640736000066)",Unfall 148489 (2020) Kat:3, Licht: 0,148489,3,7,0,04,16,1,0,0,1,0,0,0,0,0
"POINT (8.434579670000062 49.009684770000035)",Unfall 148525 (2020) Kat:3, Licht: 0,148525,3,3,4,04,10,3,0,0,0,0,0,1,1,0
"POINT (8.350263133000055 49.005408639000052)",Unfall 148561 (2020) Kat:3, Licht: 0,148561,3,6,2,04,17,4,0,0,0,1,0,1,0,0
"POINT (8.394753550000075 49.006467065000038)",Unfall 148577 (2020) Kat:3, Licht: 0,148577,3,6,0,04,15,5,0,0,0,1,0,0,0,1
"POINT (8.397256715000026 49.009905601000071)",Unfall 148588 (2020) Kat:3, Licht: 0,148588,3,7,0,04,16,4,0,0,1,0,0,0,0,0
"POINT (8.408178624000072 49.000801116000048)",Unfall 148631 (2020) Kat:3, Licht: 0,148631,3,3,5,04,08,3,0,0,1,0,0,0,0,0
"POINT (8.382602303000056 49.049181977000046)",Unfall 148632 (2020) Kat:3, Licht: 0,148632,3,5,1,04,10,5,0,0,0,1,0,0,0,0
"POINT (8.404404270000043 48.966183738000041)",Unfall 148634 (2020) Kat:3, Licht: 0,148634,3,7,0,04,17,5,0,0,1,0,0,0,0,0
"POINT (8.450667528000054 48.995526871000038)",Unfall 148642 (2020) Kat:3, Licht: 0,148642,3,6,2,04,15,1,0,0,0,0,0,1,0,0
"POINT (8.417178211000021 49.001152228000080)",Unfall 148674 (2020) Kat:3, Licht: 0,148674,3,3,5,04,15,4,0,0,1,1,0,0,0,0
"POINT (8.375218700000062 49.015139668000074)",Unfall 148717 (2020) Kat:2, Licht: 0,148717,2,7,0,04,16,5,0,0,1,0,0,0,0,0
"POINT (8.358863691000067 49.029418070000077)",Unfall 148731 (2020) Kat:2, Licht: 1,148731,2,5,1,04,05,5,0,1,1,1,0,0,0,0
"POINT (8.398062989000039 49.004251949000036)",Unfall 148758 (2020) Kat:3, Licht: 0,148758,3,5,0,04,15,4,0,0,0,1,0,1,0,0
"POINT (8.339318849000051 48.997368976000075)",Unfall 148761 (2020) Kat:3, Licht: 0,148761,3,3,5,04,15,4,0,0,1,0,0,0,0,1
"POINT (8.491078276000053 49.006814661000078)",Unfall 148777 (2020) Kat:2, Licht: 0,148777,2,7,0,04,12,5,0,0,0,0,0,0,0,1
"POINT (8.456647586000031 49.045673757000031)",Unfall 148781 (2020) Kat:3, Licht: 0,148781,3,6,4,04,09,5,0,0,1,1,0,0,0,0
"POINT (8.455130856000039 49.042578849000051)",Unfall 148847 (2020) Kat:3, Licht: 0,148847,3,1,4,04,17,6,0,0,1,1,0,0,0,0
"POINT (8.341455063000069 49.018685426000047)",Unfall 148849 (2020) Kat:3, Licht: 0,148849,3,1,0,04,14,6,0,0,1,0,0,0,0,0