WKT,Name,OBJECTID,UKATEGORIE,UTYP1,UART,UMONAT,USTUNDE,UWOCHENTAG,STRZUSTAND,ULICHTVERH,ISTRAD,ISTPKW,ISTFUSS,ISTKRAD,ISTGKFZ,ISTSONSTIG
"POINT (8.430281734000062 49.013903287000062)",Unfall 148851 (2020) Kat:3, Licht: 0,148851,3,7,0,04,16,6,0,0,1,0,0,0,0,0
"POINT (8.478002084000025 49.008166016000075)",Unfall 148855 (2020) Kat:3, Licht: 0,148855,3,3,5,04,07,6,0,0,1,1,0,0,0,0
"POINT (8.391649123000036 49.014450889000045)",Unfall 148869 (2020) Kat:3, Licht: 0,148869,3,2,5,04,16,2,0,0,1,1,0,0,0,0
"POINT (8.476312859000075 49.000180171000068)",Unfall 148870 (2020) Kat:3, Licht: 0,148870,3,7,9,04,15,2,0,0,0,1,0,0,0,0
"POINT (8.431132310000066 49.006285590000061)",Unfall 148962 (2020) Kat:3, Licht: 0,148962,3,7,0,04,11,7,0,0,1,0,0,0,0,0
"POINT (8.384972663000042 49.007741023000051)",Unfall 148964 (2020) Kat:3, Licht: 0,148964,3,3,5,04,15,7,0,0,1,1,0,0,0,0
"POINT (8.451488332000054 48.995644695000067)",Unfall 148972 (2020) Kat:3, Licht: 0,148972,3,2,2,04,16,2,0,0,0,1,0,1,0,0
"POINT (8.437139608000052 49.005168316000038)",Unfall 149023 (2020) Kat:3, Licht: 2,149023,3,6,2,05,02,7,0,2,0,1,0,0,0,0
"POINT (8.397934703000033 48.984227311000041)",Unfall 149054 (2020) Kat:3, Licht: 0,149054,3,3,9,04,16,5,0,0,1,1,0,0,0,0
"POINT (8.346879133000073 48.997482766000076)",Unfall 149090 (2020) Kat:3, Licht: 0,149090,3,2,5,04,17,3,0,0,1,1,0,0,0,0
"POINT (8.326206085000024 49.007636694000041)",Unfall 149132 (2020) Kat:3, Licht: 0,149132,3,3,5,05,14,7,0,0,0,1,0,0,0,0
"POINT (8.358011076000025 49.010040569000068)",Unfall 149136 (2020) Kat:3, Licht: 0,149136,3,2,0,04,16,6,0,0,0,0,0,1,0,0
"POINT (8.397024339000041 48.977397712000027)",Unfall 149142 (2020) Kat:3, Licht: 0,149142,3,5,1,04,16,6,0,0,1,1,0,0,0,0
"POINT (8.369001752000031 49.017095324000081)",Unfall 149146 (2020) Kat:2, Licht: 1,149146,2,2,5,04,05,2,1,1,1,1,0,0,0,0
"POINT (8.369743956000036 49.016519801000072)",Unfall 149149 (2020) Kat:3, Licht: 0,149149,3,3,5,04,10,4,0,0,1,0,0,0,0,0
"POINT (8.408679286000051 49.000815347000071)",Unfall 149151 (2020) Kat:3, Licht: 2,149151,3,7,0,04,00,6,0,2,1,0,0,0,0,0
"POINT (8.376973396000039 49.048282642000061)",Unfall 149159 (2020) Kat:3, Licht: 0,149159,3,7,0,04,09,5,0,0,1,0,0,0,0,0
"POINT (8.379391986000030 49.008120669000050)",Unfall 149191 (2020) Kat:2, Licht: 0,149191,2,7,0,04,09,3,0,0,1,0,0,0,0,0
"POINT (8.467496074000053 48.999462891000064)",Unfall 149229 (2020) Kat:3, Licht: 0,149229,3,7,1,05,15,6,0,0,0,1,1,0,0,0
"POINT (8.347816061000060 48.998394802000064)",Unfall 149311 (2020) Kat:3, Licht: 0,149311,3,2,5,05,10,7,0,0,1,1,0,0,0,0
"POINT (8.406098267000061 49.009492878000060)",Unfall 149316 (2020) Kat:3, Licht: 0,149316,3,7,0,05,09,5,0,0,1,0,0,0,0,0
"POINT (8.471986321000031 49.026628825000046)",Unfall 149318 (2020) Kat:3, Licht: 0,149318,3,3,5,05,09,5,0,0,1,1,0,0,0,0
"POINT (8.433987206000040 49.033478941000055)",Unfall 149320 (2020) Kat:2, Licht: 2,149320,2,3,5,05,21,7,0,2,1,1,0,0,0,0
"POINT (8.390940515000068 48.991286149000075)",Unfall 149342 (2020) Kat:3, Licht: 0,149342,3,3,5,05,07,2,1,0,0,1,0,1,0,0
"POINT (8.379397360000041 49.008155852000073)",Unfall 149348 (2020) Kat:3, Licht: 0,149348,3,7,0,05,18,2,0,0,0,0,0,0,0,1
"POINT (8.354224281000029 49.017204987000071)",Unfall 149391 (2020) Kat:3, Licht: 0,149391,3,7,0,05,15,4,0,0,1,0,0,0,0,0
"POINT (8.410343437000051 49.004469302000075)",Unfall 149393 (2020) Kat:3, Licht: 0,149393,3,7,0,05,15,4,0,0,1,0,0,0,0,0
"POINT (8.448209613000074 48.989406676000044)",Unfall 149394 (2020) Kat:2, Licht: 0,149394,2,7,0,05,10,4,0,0,0,0,0,1,0,0
"POINT (8.371105536000073 49.016017269000031)",Unfall 149396 (2020) Kat:3, Licht: 0,149396,3,7,5,05,08,4,0,0,1,1,0,0,0,0
"POINT (8.359790204000035 49.011382538000078)",Unfall 149398 (2020) Kat:2, Licht: 0,149398,2,2,6,05,16,4,0,0,0,1,1,0,0,0
"POINT (8.417072746000031 49.009074802000043)",Unfall 149419 (2020) Kat:2, Licht: 0,149419,2,1,0,05,14,1,0,0,1,0,0,0,0,0
"POINT (8.457797339000024 48.977412844000071)",Unfall 149421 (2020) Kat:3, Licht: 0,149421,3,3,5,05,15,1,0,0,1,1,0,0,0,0
"POINT (8.395838091000030 49.002311772000041)",Unfall 149453 (2020) Kat:3, Licht: 0,149453,3,7,0,05,06,3,0,0,1,0,0,0,0,0
"POINT (8.464952704000041 49.000157635000051)",Unfall 149455 (2020) Kat:3, Licht: 0,149455,3,2,3,05,09,3,0,0,1,1,0,0,0,0
"POINT (8.400352738000038 49.057172001000026)",Unfall 149459 (2020) Kat:3, Licht: 0,149459,3,3,5,05,17,6,0,0,1,1,0,0,0,0
"POINT (8.476306332000036 49.000179507000041)",Unfall 149470 (2020) Kat:3, Licht: 0,149470,3,2,5,05,18,3,0,0,1,1,0,0,0,0
"POINT (8.418978898000034 49.022334765000039)",Unfall 149477 (2020) Kat:2, Licht: 0,149477,2,3,5,05,15,3,0,0,1,1,0,0,0,0
"POINT (8.370974100000069 48.990103081000029)",Unfall 149481 (2020) Kat:3, Licht: 0,149481,3,2,5,05,15,1,0,0,0,1,0,0,0,1
"POINT (8.386795695000046 49.034531343000026)",Unfall 149483 (2020) Kat:3, Licht: 2,149483,3,7,6,05,23,7,0,2,0,1,1,0,0,0
"POINT (8.447369005000041 48.986902578000070)",Unfall 149492 (2020) Kat:3, Licht: 0,149492,3,6,2,05,10,2,0,0,0,1,0,0,0,0
"POINT (8.385804678000056 49.014743930000066)",Unfall 149497 (2020) Kat:3, Licht: 0,149497,3,2,0,05,16,6,0,0,1,0,0,0,0,1
"POINT (8.440773915000023 49.043235880000054)",Unfall 149545 (2020) Kat:2, Licht: 0,149545,2,2,2,05,12,6,0,0,0,1,0,1,0,0
"POINT (8.349193332000027 48.999352282000075)",Unfall 149564 (2020) Kat:3, Licht: 0,149564,3,1,8,05,19,4,0,0,0,1,0,0,0,0
"POINT (8.399557968000067 48.995784049000065)",Unfall 149567 (2020) Kat:3, Licht: 0,149567,3,3,5,05,09,4,0,0,1,1,0,0,0,0
"POINT (8.430745813000044 49.014015041000050)",Unfall 149577 (2020) Kat:3, Licht: 0,149577,3,6,2,05,12,4,0,0,0,1,0,1,0,0
"POINT (8.442016877000071 49.004424323000080)",Unfall 149598 (2020) Kat:3, Licht: 0,149598,3,3,5,05,18,2,0,0,0,1,0,0,1,0
"POINT (8.346579959000053 49.010333051000032)",Unfall 149655 (2020) Kat:3, Licht: 0,149655,3,5,1,05,13,6,0,0,0,1,0,1,0,0
"POINT (8.373269504000064 48.982480007000049)",Unfall 149688 (2020) Kat:3, Licht: 0,149688,3,2,5,05,19,2,0,0,1,1,0,0,0,0
"POINT (8.408271145000072 49.011055572000032)",Unfall 149689 (2020) Kat:3, Licht: 0,149689,3,2,5,05,20,1,0,0,1,1,0,0,0,0
"POINT (8.370627296000066 49.039015460000030)",Unfall 149768 (2020) Kat:3, Licht: 0,149768,3,3,5,05,12,5,0,0,1,1,0,0,0,0
"POINT (8.393317221000075 49.008412086000078)",Unfall 149834 (2020) Kat:3, Licht: 0,149834,3,3,0,05,18,4,0,0,0,1,0,1,0,0
"POINT (8.352648687000055 49.031451574000073)",Unfall 149864 (2020) Kat:3, Licht: 0,149864,3,6,0,05,06,2,0,0,1,0,0,0,0,1
"POINT (8.373348613000076 49.008452440000042)",Unfall 149929 (2020) Kat:3, Licht: 0,149929,3,3,5,05,19,3,0,0,1,1,0,0,0,0
"POINT (8.446582514000056 49.005313829000045)",Unfall 149930 (2020) Kat:3, Licht: 0,149930,3,3,5,05,10,3,0,0,0,1,0,0,1,0
"POINT (8.385073995000028 49.007736233000060)",Unfall 150042 (2020) Kat:3, Licht: 0,150042,3,3,5,05,08,3,0,0,1,0,0,0,0,0
"POINT (8.375122823000027 49.011036057000069)",Unfall 150044 (2020) Kat:3, Licht: 0,150044,3,3,5,05,08,3,0,0,1,1,0,0,0,0
"POINT (8.397414921000063 49.009917516000030)",Unfall 150047 (2020) Kat:3, Licht: 0,150047,3,3,6,05,15,3,0,0,1,0,1,0,0,0
"POINT (8.472141487000044 48.952903889000027)",Unfall 150053 (2020) Kat:3, Licht: 0,150053,3,3,5,05,15,3,0,0,1,1,0,0,0,0
"POINT (8.399937517000069 49.008047039000076)",Unfall 150055 (2020) Kat:3, Licht: 0,150055,3,3,5,05,10,3,0,0,0,1,0,0,0,1
"POINT (8.423544412000069 49.011278876000063)",Unfall 150062 (2020) Kat:3, Licht: 0,150062,3,7,0,05,11,1,0,0,1,0,0,0,0,0
"POINT (8.363951134000047 49.043296278000071)",Unfall 150064 (2020) Kat:3, Licht: 0,150064,3,6,4,05,16,3,0,0,1,0,0,0,0,0
"POINT (8.394572942000025 49.010027065000031)",Unfall 150066 (2020) Kat:2, Licht: 0,150066,2,7,6,05,15,3,0,0,0,0,1,0,0,1
"POINT (8.394382297000050 49.004384616000038)",Unfall 150072 (2020) Kat:3, Licht: 2,150072,3,6,8,05,22,3,0,2,1,0,0,0,0,0
"POINT (8.459534158000054 48.996263156000055)",Unfall 150156 (2020) Kat:3, Licht: 0,150156,3,3,5,05,20,5,0,0,0,0,0,1,0,0
"POINT (8.319928813000047 49.017121328000030)",Unfall 150222 (2020) Kat:3, Licht: 0,150222,3,6,4,05,15,1,0,0,1,1,0,0,0,0
"POINT (8.385885076000022 49.024594581000031)",Unfall 150228 (2020) Kat:3, Licht: 0,150228,3,6,0,05,10,4,0,0,1,1,0,0,0,0
"POINT (8.362325269000053 49.011459703000071)",Unfall 150242 (2020) Kat:3, Licht: 0,150242,3,5,1,05,10,5,0,0,1,1,0,0,0,0
"POINT (8.392615512000020 48.991661442000066)",Unfall 150255 (2020) Kat:2, Licht: 0,150255,2,4,6,06,16,5,0,0,1,0,1,0,0,0
"POINT (8.391922226000077 49.006769500000075)",Unfall 150258 (2020) Kat:3, Licht: 0,150258,3,3,0,06,12,5,0,0,1,0,0,0,0,0
"POINT (8.512181446000056 49.007333870000082)",Unfall 150259 (2020) Kat:3, Licht: 0,150259,3,3,5,06,16,5,1,0,1,1,0,0,0,0
"POINT (8.396493652000061 49.007266838000078)",Unfall 150260 (2020) Kat:3, Licht: 0,150260,3,3,5,06,12,5,1,0,1,1,0,0,0,0
"POINT (8.405936306000058 48.970760823000035)",Unfall 150343 (2020) Kat:3, Licht: 0,150343,3,1,0,06,12,6,1,0,1,0,0,0,0,0
"POINT (8.394391860000042 48.989427163000073)",Unfall 150355 (2020) Kat:3, Licht: 0,150355,3,7,0,06,14,4,0,0,1,0,0,0,0,0
"POINT (8.438846935000072 49.006773130000056)",Unfall 150423 (2020) Kat:3, Licht: 0,150423,3,3,5,06,13,7,1,0,0,1,0,0,0,0
"POINT (8.410576742000046 49.000869930000079)",Unfall 150462 (2020) Kat:3, Licht: 0,150462,3,1,0,06,13,3,0,0,0,0,0,1,0,0
"POINT (8.402829576000045 49.009640601000058)",Unfall 150463 (2020) Kat:3, Licht: 0,150463,3,7,0,06,10,3,0,0,1,0,0,0,0,0
"POINT (8.496781629000054 48.987457544000051)",Unfall 150464 (2020) Kat:3, Licht: 2,150464,3,7,7,06,22,3,0,2,0,0,0,1,0,0
"POINT (8.351490604000048 49.004654384000048)",Unfall 150465 (2020) Kat:3, Licht: 0,150465,3,6,2,06,16,3,0,0,1,1,0,0,0,0
"POINT (8.360523498000021 49.010205716000030)",Unfall 150467 (2020) Kat:3, Licht: 0,150467,3,3,5,06,15,3,0,0,1,0,0,0,0,0
"POINT (8.393487035000021 48.985301922000076)",Unfall 150469 (2020) Kat:3, Licht: 0,150469,3,6,3,06,09,3,0,0,1,1,0,0,0,0
"POINT (8.396513500000026 48.999494783000046)",Unfall 150471 (2020) Kat:3, Licht: 0,150471,3,7,0,06,12,3,0,0,1,0,0,0,0,1
"POINT (8.428169502000060 49.010011835000057)",Unfall 150505 (2020) Kat:3, Licht: 0,150505,3,3,5,06,13,6,1,0,0,1,0,0,0,0
"POINT (8.504125859000055 49.004520474000060)",Unfall 150520 (2020) Kat:3, Licht: 0,150520,3,3,5,06,14,1,1,0,0,1,0,0,0,0
"POINT (8.374433303000046 49.008445737000045)",Unfall 150526 (2020) Kat:2, Licht: 2,150526,2,3,5,06,03,5,0,2,1,1,0,0,0,0
"POINT (8.375051850000034 49.011039391000054)",Unfall 150554 (2020) Kat:3, Licht: 2,150554,3,4,6,06,22,2,0,2,0,1,1,0,0,0
"POINT (8.384062664000055 48.989482625000051)",Unfall 150562 (2020) Kat:2, Licht: 0,150562,2,3,5,06,05,2,0,0,1,0,0,0,0,1
"POINT (8.386365718000036 49.009429385000033)",Unfall 150585 (2020) Kat:3, Licht: 0,150585,3,7,5,06,10,6,0,0,1,1,0,0,0,0
"POINT (8.385038878000046 49.020319220000033)",Unfall 150594 (2020) Kat:2, Licht: 0,150594,2,3,5,06,15,2,0,0,1,1,0,0,0,0
"POINT (8.437495228000046 49.013242565000041)",Unfall 150620 (2020) Kat:3, Licht: 1,150620,3,3,5,06,20,1,1,1,1,1,0,0,0,0
"POINT (8.502901893000058 49.001756717000035)",Unfall 150668 (2020) Kat:2, Licht: 0,150668,2,1,0,06,11,3,1,0,1,0,0,0,0,0
"POINT (8.418937328000027 49.004724531000079)",Unfall 150673 (2020) Kat:3, Licht: 0,150673,3,3,5,06,15,4,0,0,1,1,0,0,0,0
"POINT (8.392880322000053 48.989701818000071)",Unfall 150676 (2020) Kat:3, Licht: 0,150676,3,6,4,06,16,6,0,0,1,0,0,0,0,0
"POINT (8.361237912000036 49.013721398000030)",Unfall 150690 (2020) Kat:3, Licht: 0,150690,3,3,5,06,19,1,0,0,0,1,0,1,0,0
"POINT (8.402629779000051 49.009665087000030)",Unfall 150693 (2020) Kat:2, Licht: 2,150693,2,1,0,06,02,1,1,2,0,0,0,0,0,1
"POINT (8.410850319000076 48.997107349000032)",Unfall 150700 (2020) Kat:3, Licht: 0,150700,3,7,0,06,08,2,0,0,1,0,0,0,0,0
"POINT (8.401507141000025 49.007568740000067)",Unfall 150745 (2020) Kat:3, Licht: 0,150745,3,3,5,06,14,2,0,0,1,1,0,0,0,0
"POINT (8.409978859000034 49.009214832000055)",Unfall 150762 (2020) Kat:3, Licht: 0,150762,3,2,0,06,20,7,0,0,0,0,1,0,0,1
"POINT (8.375422568000033 49.030589950000035)",Unfall 150815 (2020) Kat:3, Licht: 0,150815,3,7,0,06,09,6,0,0,1,0,0,0,0,0
"POINT (8.424478792000059 49.003781457000059)",Unfall 150828 (2020) Kat:3, Licht: 0,150828,3,1,0,06,17,1,0,0,1,0,0,0,0,0
"POINT (8.359613869000043 49.010492057000079)",Unfall 150834 (2020) Kat:3, Licht: 0,150834,3,2,2,06,13,3,1,0,0,1,0,0,0,0
"POINT (8.496048866000024 49.006961473000047)",Unfall 150842 (2020) Kat:2, Licht: 0,150842,2,1,0,06,08,3,1,0,0,0,0,1,0,0
"POINT (8.364702046000048 49.019716154000037)",Unfall 150906 (2020) Kat:3, Licht: 0,150906,3,3,5,06,15,5,0,0,0,1,0,0,0,1
"POINT (8.385358994000058 49.010608457000046)",Unfall 150909 (2020) Kat:3, Licht: 0,150909,3,6,3,06,14,5,0,0,1,1,0,0,0,0
"POINT (8.355399093000074 49.003287611000076)",Unfall 150970 (2020) Kat:2, Licht: 0,150970,2,3,0,06,11,7,0,0,1,0,0,0,0,0
"POINT (8.367524698000068 48.982472791000077)",Unfall 150981 (2020) Kat:3, Licht: 0,150981,3,4,6,06,09,1,0,0,0,1,1,0,0,0
"POINT (8.396570090000068 49.005336499000066)",Unfall 150983 (2020) Kat:3, Licht: 0,150983,3,3,5,06,07,4,0,0,1,1,0,0,0,0
"POINT (8.411347206000073 49.009528667000041)",Unfall 150985 (2020) Kat:3, Licht: 0,150985,3,3,5,06,18,4,1,0,1,1,0,0,0,0
"POINT (8.392072544000030 49.006720058000042)",Unfall 150986 (2020) Kat:3, Licht: 0,150986,3,6,3,06,13,4,0,0,1,0,0,0,0,0
"POINT (8.395314770000027 49.002373926000075)",Unfall 151041 (2020) Kat:3, Licht: 0,151041,3,2,0,06,16,2,0,0,0,1,0,1,0,0
"POINT (8.464985435000074 48.998846676000028)",Unfall 151052 (2020) Kat:3, Licht: 0,151052,3,7,0,06,09,2,0,0,0,1,0,0,0,0
"POINT (8.367511236000041 49.009705614000040)",Unfall 151065 (2020) Kat:3, Licht: 2,151065,3,6,2,06,23,3,0,2,1,1,0,0,0,0
"POINT (8.398357793000059 49.008851763000052)",Unfall 151091 (2020) Kat:3, Licht: 0,151091,3,1,8,06,16,2,0,0,1,0,0,0,0,0
"POINT (8.348403107000024 48.991982085000075)",Unfall 151170 (2020) Kat:3, Licht: 0,151170,3,3,5,06,06,3,0,0,1,1,0,0,0,0
"POINT (8.363668297000061 49.015972970000064)",Unfall 151175 (2020) Kat:3, Licht: 0,151175,3,5,1,06,19,5,0,0,1,1,0,0,0,0
"POINT (8.386484614000040 49.004306530000065)",Unfall 151196 (2020) Kat:3, Licht: 0,151196,3,5,1,06,07,2,0,0,1,1,0,0,0,0
"POINT (8.387855150000064 49.014659836000078)",Unfall 151218 (2020) Kat:3, Licht: 0,151218,3,2,0,06,12,5,0,0,1,1,0,0,0,0
"POINT (8.405659289000028 49.001508047000073)",Unfall 151256 (2020) Kat:3, Licht: 0,151256,3,3,5,06,07,4,0,0,1,0,0,1,0,0
"POINT (8.473439841000072 48.997637412000074)",Unfall 151258 (2020) Kat:3, Licht: 0,151258,3,5,1,06,19,4,0,0,0,1,0,1,0,0
"POINT (8.355973374000030 49.012997934000055)",Unfall 151263 (2020) Kat:3, Licht: 0,151263,3,3,5,06,08,4,0,0,1,1,0,0,0,0
"POINT (8.415113347000045 49.020449507000080)",Unfall 151271 (2020) Kat:3, Licht: 0,151271,3,6,2,06,11,3,0,0,0,1,0,0,0,0
"POINT (8.356281558000035 49.006510638000066)",Unfall 151273 (2020) Kat:2, Licht: 0,151273,2,5,9,06,05,4,0,0,0,1,0,1,0,0
"POINT (8.386610778000033 49.059406589000048)",Unfall 151280 (2020) Kat:3, Licht: 2,151280,3,7,8,06,22,7,0,2,0,1,0,0,0,0
"POINT (8.374458804000028 49.008440966000080)",Unfall 151282 (2020) Kat:3, Licht: 0,151282,3,3,5,07,16,4,0,0,1,1,0,0,0,0
"POINT (8.331879187000027 49.012648334000062)",Unfall 151313 (2020) Kat:2, Licht: 0,151313,2,4,6,06,12,3,0,0,0,0,1,0,1,0
"POINT (8.420260714000051 49.004349351000030)",Unfall 151333 (2020) Kat:3, Licht: 0,151333,3,2,5,07,07,4,0,0,1,1,0,0,0,0
"POINT (8.465299797000057 49.002096894000033)",Unfall 151351 (2020) Kat:3, Licht: 0,151351,3,7,0,06,15,2,0,0,1,0,0,0,0,0
"POINT (8.404946095000071 49.010161367000080)",Unfall 151362 (2020) Kat:2, Licht: 0,151362,2,5,1,06,07,3,0,0,1,1,0,0,0,0
"POINT (8.396655194000061 49.053460721000079)",Unfall 151385 (2020) Kat:3, Licht: 0,151385,3,7,6,07,17,4,0,0,1,0,1,0,0,0
"POINT (8.369144156000061 49.013683460000038)",Unfall 151390 (2020) Kat:3, Licht: 0,151390,3,3,0,06,16,2,0,0,0,1,0,1,0,0
"POINT (8.450006623000036 49.024448727000049)",Unfall 151438 (2020) Kat:3, Licht: 0,151438,3,3,0,07,19,4,0,0,1,1,0,0,0,0
"POINT (8.446592802000055 49.036384960000078)",Unfall 151442 (2020) Kat:2, Licht: 0,151442,2,2,5,06,14,2,0,0,0,1,0,0,0,1
"POINT (8.455473927000071 49.027960255000039)",Unfall 151445 (2020) Kat:3, Licht: 0,151445,3,2,0,06,13,6,0,0,1,0,0,0,0,0
"POINT (8.479436888000066 49.000375722000058)",Unfall 151453 (2020) Kat:3, Licht: 0,151453,3,5,1,06,08,6,0,0,1,1,0,0,0,0
"POINT (8.464819448000071 49.027835104000076)",Unfall 151458 (2020) Kat:2, Licht: 0,151458,2,3,5,06,15,6,0,0,1,0,0,0,0,0
"POINT (8.460332804000075 49.000879522000048)",Unfall 151462 (2020) Kat:3, Licht: 0,151462,3,3,5,06,14,6,0,0,1,0,0,0,0,0
"POINT (8.393508400000030 49.010528600000043)",Unfall 151469 (2020) Kat:3, Licht: 0,151469,3,3,5,06,10,3,0,0,1,1,0,0,0,0
"POINT (8.409479474000023 49.010155513000029)",Unfall 151495 (2020) Kat:2, Licht: 0,151495,2,6,0,06,18,2,0,0,0,1,0,1,0,0
"POINT (8.385139723000066 48.991363554000031)",Unfall 151554 (2020) Kat:3, Licht: 0,151554,3,1,6,07,20,1,0,0,1,0,1,0,0,0
"POINT (8.399922383000046 49.008051823000073)",Unfall 151556 (2020) Kat:3, Licht: 0,151556,3,7,5,07,19,1,0,0,1,0,0,0,0,1
"POINT (8.453711553000062 49.025468843000056)",Unfall 151564 (2020) Kat:3, Licht: 0,151564,3,5,1,07,20,5,0,0,1,1,0,0,0,0
"POINT (8.321366333000071 49.041303656000082)",Unfall 151567 (2020) Kat:3, Licht: 0,151567,3,3,5,07,15,5,0,0,0,1,0,1,0,0
"POINT (8.488329328000077 48.999110681000047)",Unfall 151573 (2020) Kat:2, Licht: 0,151573,2,1,0,07,20,5,0,0,1,0,0,0,0,0
"POINT (8.440668960000039 49.019832196000038)",Unfall 151577 (2020) Kat:3, Licht: 0,151577,3,3,5,07,10,5,0,0,0,1,0,0,0,0
"POINT (8.393005856000059 49.010099174000061)",Unfall 151585 (2020) Kat:3, Licht: 0,151585,3,4,6,07,11,5,0,0,1,0,1,0,0,0
"POINT (8.415919187000043 49.010905122000054)",Unfall 151606 (2020) Kat:3, Licht: 0,151606,3,6,2,07,08,2,0,0,1,1,0,0,0,0
"POINT (8.391174594000063 48.992293927000048)",Unfall 151631 (2020) Kat:3, Licht: 0,151631,3,7,1,07,13,7,0,0,1,1,0,0,0,0
"POINT (8.388395460000027 49.029864867000072)",Unfall 151633 (2020) Kat:3, Licht: 0,151633,3,3,5,07,14,7,0,0,1,1,0,0,0,0
"POINT (8.385232547000044 49.004341618000069)",Unfall 151634 (2020) Kat:2, Licht: 2,151634,2,2,2,07,21,7,0,2,1,0,0,0,0,0
"POINT (8.383721014000059 49.048074588000077)",Unfall 151637 (2020) Kat:3, Licht: 0,151637,3,3,5,07,17,7,0,0,0,1,0,0,0,1
"POINT (8.387833882000052 49.014660709000054)",Unfall 151714 (2020) Kat:3, Licht: 0,151714,3,2,5,07,10,2,0,0,1,1,0,0,0,0
"POINT (8.378758007000045 49.043872360000080)",Unfall 151719 (2020) Kat:3, Licht: 0,151719,3,3,5,07,11,6,0,0,1,1,0,0,0,0
"POINT (8.362249845000065 48.998406695000028)",Unfall 151720 (2020) Kat:3, Licht: 0,151720,3,5,1,07,07,6,0,0,1,1,0,0,0,0
"POINT (8.403309977000049 48.999246830000061)",Unfall 151722 (2020) Kat:3, Licht: 0,151722,3,3,5,07,12,6,0,0,1,1,0,0,0,0
"POINT (8.416441294000038 49.008564490000026)",Unfall 151852 (2020) Kat:3, Licht: 0,151852,3,7,0,07,19,5,0,0,1,0,0,0,0,0
"POINT (8.389766816000076 49.044814531000043)",Unfall 151863 (2020) Kat:3, Licht: 0,151863,3,3,5,07,11,3,0,0,1,1,0,0,0,0
"POINT (8.472281967000072 48.999194102000047)",Unfall 151872 (2020) Kat:3, Licht: 2,151872,3,7,0,07,21,3,0,2,0,0,0,0,0,1
"POINT (8.405625257000054 49.003956425000069)",Unfall 151873 (2020) Kat:2, Licht: 0,151873,2,7,0,07,17,3,0,0,1,0,0,0,0,0
"POINT (8.417546329000061 49.008853577000082)",Unfall 151876 (2020) Kat:3, Licht: 0,151876,3,3,5,07,18,6,0,0,0,0,0,0,0,1
"POINT (8.333143936000056 49.024539485000048)",Unfall 151954 (2020) Kat:3, Licht: 0,151954,3,1,8,07,13,5,0,0,0,1,0,0,0,0
"POINT (8.391528830000027 49.001954824000052)",Unfall 151981 (2020) Kat:3, Licht: 2,151981,3,7,0,07,22,6,0,2,1,0,0,0,0,0
"POINT (8.379860280000059 49.005076051000060)",Unfall 152028 (2020) Kat:3, Licht: 2,152028,3,7,0,07,02,6,0,2,1,0,0,0,0,0
"POINT (8.407898786000033 49.004245637000054)",Unfall 152063 (2020) Kat:3, Licht: 0,152063,3,3,5,07,07,4,1,0,0,0,0,1,0,1
"POINT (8.403406097000072 48.999267936000081)",Unfall 152076 (2020) Kat:3, Licht: 0,152076,3,6,4,07,09,4,1,0,1,0,0,0,0,0
"POINT (8.405523207000044 49.003931895000051)",Unfall 152077 (2020) Kat:3, Licht: 0,152077,3,1,0,07,09,2,0,0,1,0,0,0,0,0
"POINT (8.419313316000057 49.005743279000058)",Unfall 152115 (2020) Kat:3, Licht: 0,152115,3,3,5,07,15,4,1,0,0,1,0,0,0,0
"POINT (8.335653164000064 48.994552044000045)",Unfall 152125 (2020) Kat:3, Licht: 2,152125,3,5,1,07,22,1,0,2,0,1,0,1,0,0
"POINT (8.332829715000059 48.995589766000080)",Unfall 152128 (2020) Kat:2, Licht: 0,152128,2,3,5,07,17,1,0,0,1,1,0,0,0,0
"POINT (8.335709276000046 48.993160953000029)",Unfall 152133 (2020) Kat:3, Licht: 0,152133,3,2,2,07,12,1,0,0,1,0,0,1,0,0
"POINT (8.389935150000042 49.010233726000081)",Unfall 152167 (2020) Kat:3, Licht: 0,152167,3,7,0,07,11,4,1,0,1,0,0,0,0,0
"POINT (8.358857040000032 49.014677998000082)",Unfall 152184 (2020) Kat:3, Licht: 0,152184,3,3,5,07,07,2,0,0,1,1,0,0,0,0
"POINT (8.399227681000070 49.009812212000043)",Unfall 152223 (2020) Kat:3, Licht: 0,152223,3,1,0,07,09,4,1,0,0,0,0,0,0,1
"POINT (8.423857829000042 49.008177882000041)",Unfall 152228 (2020) Kat:3, Licht: 0,152228,3,5,1,07,15,3,0,0,1,1,0,0,0,0
"POINT (8.362425722000069 48.987452346000055)",Unfall 152232 (2020) Kat:3, Licht: 0,152232,3,6,2,07,14,5,1,0,0,1,0,0,0,0
"POINT (8.462288067000031 48.997005934000072)",Unfall 152235 (2020) Kat:3, Licht: 0,152235,3,7,0,07,17,4,0,0,1,0,0,0,0,0
"POINT (8.387989271000038 48.999877554000079)",Unfall 152236 (2020) Kat:3, Licht: 0,152236,3,3,5,07,12,2,0,0,1,1,0,0,0,0
"POINT (8.371681906000049 49.007583023000052)",Unfall 152275 (2020) Kat:3, Licht: 0,152275,3,3,5,07,19,4,0,0,1,1,0,0,0,0
"POINT (8.408321124000054 49.011017201000072)",Unfall 152284 (2020) Kat:3, Licht: 0,152284,3,6,2,07,11,5,1,0,0,1,0,1,0,0