WKT,Name,OBJECTID,UKATEGORIE,UTYP1,UART,UMONAT,USTUNDE,UWOCHENTAG,STRZUSTAND,ULICHTVERH,ISTRAD,ISTPKW,ISTFUSS,ISTKRAD,ISTGKFZ,ISTSONSTIG
"POINT (8.375594389000071 49.019070102000057)",Unfall 152296 (2020) Kat:3, Licht: 0,152296,3,3,5,07,10,7,0,0,1,1,0,0,0,0
"POINT (8.439688014000069 49.008877049000034)",Unfall 152306 (2020) Kat:3, Licht: 0,152306,3,2,5,07,20,7,0,0,1,1,0,0,0,0
"POINT (8.370349668000074 49.010015981000038)",Unfall 152322 (2020) Kat:3, Licht: 2,152322,3,3,5,07,22,3,0,2,0,1,0,0,0,0
"POINT (8.423838295000053 49.007608192000077)",Unfall 152335 (2020) Kat:3, Licht: 0,152335,3,6,2,07,17,2,0,0,0,1,0,1,0,0
"POINT (8.477211189000059 49.000464902000033)",Unfall 152341 (2020) Kat:3, Licht: 0,152341,3,7,0,07,16,2,0,0,1,0,0,0,0,0
"POINT (8.415024661000075 49.004082993000054)",Unfall 152390 (2020) Kat:3, Licht: 0,152390,3,3,0,07,21,2,0,0,0,1,0,1,0,0
"POINT (8.397197941000059 48.987617793000027)",Unfall 152415 (2020) Kat:3, Licht: 2,152415,3,6,4,07,02,1,0,2,1,0,0,0,0,0
"POINT (8.407657202000053 49.001450686000055)",Unfall 152432 (2020) Kat:3, Licht: 1,152432,3,7,0,07,21,2,0,1,1,0,0,0,0,0
"POINT (8.385246838000057 49.017369568000049)",Unfall 152443 (2020) Kat:3, Licht: 0,152443,3,2,5,07,11,2,0,0,1,1,0,0,0,0
"POINT (8.378017101000069 49.051980147000052)",Unfall 152459 (2020) Kat:3, Licht: 0,152459,3,3,5,07,14,7,0,0,0,1,0,0,0,0
"POINT (8.422018147000074 49.000707528000078)",Unfall 152499 (2020) Kat:3, Licht: 0,152499,3,1,0,07,14,2,0,0,0,0,0,1,0,0
"POINT (8.457152951000069 49.045390524000027)",Unfall 152503 (2020) Kat:3, Licht: 0,152503,3,7,5,07,17,6,0,0,1,1,0,0,0,0
"POINT (8.422984523000025 49.012344875000053)",Unfall 152509 (2020) Kat:3, Licht: 0,152509,3,6,2,07,16,6,0,0,1,1,0,0,0,0
"POINT (8.391376289000050 49.010172827000076)",Unfall 152510 (2020) Kat:2, Licht: 1,152510,2,7,0,07,04,7,0,1,1,0,0,0,0,0
"POINT (8.432389386000068 49.020450655000047)",Unfall 152512 (2020) Kat:3, Licht: 0,152512,3,3,5,07,11,7,0,0,1,1,0,0,0,0
"POINT (8.369765804000053 49.016539501000068)",Unfall 152520 (2020) Kat:2, Licht: 0,152520,2,2,4,07,19,6,0,0,1,1,0,0,0,0
"POINT (8.385508434000030 49.056221112000060)",Unfall 152521 (2020) Kat:3, Licht: 1,152521,3,3,5,07,20,7,0,1,1,1,0,0,0,0
"POINT (8.415823079000063 49.005466922000039)",Unfall 152526 (2020) Kat:2, Licht: 0,152526,2,7,0,07,17,6,0,0,1,0,1,0,0,0
"POINT (8.371961666000061 49.009447001000069)",Unfall 152537 (2020) Kat:3, Licht: 0,152537,3,6,4,07,17,2,0,0,1,1,0,0,0,0
"POINT (8.424604041000066 49.010136097000043)",Unfall 152549 (2020) Kat:3, Licht: 0,152549,3,3,5,07,13,2,0,0,1,1,0,0,0,0
"POINT (8.398954634000063 49.046401511000056)",Unfall 152577 (2020) Kat:3, Licht: 0,152577,3,6,3,07,18,1,0,0,1,0,0,0,0,0
"POINT (8.451474985000061 49.029564191000077)",Unfall 152578 (2020) Kat:3, Licht: 0,152578,3,3,5,07,19,1,0,0,1,1,0,0,0,0
"POINT (8.363268462000065 48.994097520000025)",Unfall 152646 (2020) Kat:3, Licht: 2,152646,3,7,0,07,00,7,0,2,1,0,0,0,0,0
"POINT (8.362430278000034 48.985161601000073)",Unfall 152648 (2020) Kat:3, Licht: 0,152648,3,4,6,07,12,7,0,0,0,1,1,0,0,0
"POINT (8.387977304000060 49.014654620000044)",Unfall 152649 (2020) Kat:3, Licht: 0,152649,3,2,5,07,16,7,0,0,1,1,0,0,0,0
"POINT (8.392271438000023 49.028146075000052)",Unfall 152650 (2020) Kat:2, Licht: 2,152650,2,7,9,07,00,7,0,2,0,1,0,0,0,0
"POINT (8.379679651000060 49.053176146000055)",Unfall 152652 (2020) Kat:3, Licht: 0,152652,3,5,1,07,12,7,0,0,1,1,0,0,0,0
"POINT (8.451319839000064 49.011005112000078)",Unfall 152672 (2020) Kat:3, Licht: 0,152672,3,6,2,07,16,2,0,0,0,1,0,0,0,0
"POINT (8.371997543000020 49.028124152000032)",Unfall 152680 (2020) Kat:3, Licht: 0,152680,3,3,5,07,19,2,0,0,1,0,0,0,0,0
"POINT (8.362168297000039 49.048565981000081)",Unfall 152722 (2020) Kat:3, Licht: 0,152722,3,3,5,07,19,6,0,0,1,1,0,0,0,0
"POINT (8.361871305000022 49.016253916000039)",Unfall 152726 (2020) Kat:3, Licht: 0,152726,3,3,5,07,11,6,0,0,0,1,0,1,0,0
"POINT (8.368377206000048 49.035014550000028)",Unfall 152728 (2020) Kat:3, Licht: 0,152728,3,3,2,07,17,6,0,0,1,1,0,0,0,0
"POINT (8.386863056000038 49.004341663000048)",Unfall 152730 (2020) Kat:3, Licht: 0,152730,3,7,0,07,16,6,0,0,1,0,0,0,0,0
"POINT (8.395319918000041 48.987598761000072)",Unfall 152766 (2020) Kat:2, Licht: 2,152766,2,7,1,07,23,4,0,2,1,1,0,0,0,0
"POINT (8.427221650000035 49.007148060000077)",Unfall 152768 (2020) Kat:3, Licht: 0,152768,3,6,1,07,17,4,0,0,1,1,0,0,0,0
"POINT (8.359683683000071 48.995293118000063)",Unfall 152826 (2020) Kat:2, Licht: 0,152826,2,3,5,07,19,5,0,0,0,1,0,1,0,0
"POINT (8.413270862000047 49.021666815000060)",Unfall 152830 (2020) Kat:3, Licht: 0,152830,3,3,5,07,17,5,0,0,1,1,0,0,0,0
"POINT (8.355092850000062 49.032973192000043)",Unfall 152834 (2020) Kat:3, Licht: 0,152834,3,3,5,07,15,5,0,0,1,1,0,0,0,0
"POINT (8.457134408000059 49.029405661000055)",Unfall 152837 (2020) Kat:3, Licht: 0,152837,3,3,5,07,13,2,0,0,1,1,0,0,0,0
"POINT (8.398045867000064 49.005304104000061)",Unfall 152842 (2020) Kat:3, Licht: 0,152842,3,2,5,07,11,5,0,0,1,1,0,0,0,0
"POINT (8.389790114000050 49.009585517000062)",Unfall 152846 (2020) Kat:3, Licht: 0,152846,3,6,2,07,12,4,0,0,0,1,0,0,0,0
"POINT (8.398046209000029 49.005287666000072)",Unfall 152926 (2020) Kat:2, Licht: 0,152926,2,2,6,07,09,5,0,0,0,1,1,0,0,0
"POINT (8.406208122000066 48.968005042000073)",Unfall 152947 (2020) Kat:3, Licht: 0,152947,3,3,5,07,08,4,0,0,0,1,0,0,0,0
"POINT (8.368862359000048 49.011322482000026)",Unfall 152981 (2020) Kat:3, Licht: 0,152981,3,1,0,07,13,6,0,0,0,0,0,1,0,0
"POINT (8.414290586000050 49.001430303000063)",Unfall 152992 (2020) Kat:3, Licht: 2,152992,3,7,0,07,01,6,0,2,1,0,0,0,0,0
"POINT (8.356965560000049 49.005097385000056)",Unfall 152993 (2020) Kat:3, Licht: 0,152993,3,3,5,07,13,5,0,0,0,1,0,0,0,0
"POINT (8.337408704000040 48.994868878000034)",Unfall 152997 (2020) Kat:3, Licht: 0,152997,3,3,5,07,15,4,0,0,1,0,0,1,0,0
"POINT (8.468022465000047 49.020843928000033)",Unfall 153035 (2020) Kat:2, Licht: 0,153035,2,6,1,07,07,6,0,0,0,1,0,1,0,0
"POINT (8.410268827000039 49.009381594000047)",Unfall 153043 (2020) Kat:3, Licht: 0,153043,3,3,5,07,14,6,0,0,1,1,0,0,0,0
"POINT (8.384824044000027 49.020390808000059)",Unfall 153067 (2020) Kat:3, Licht: 0,153067,3,3,5,08,18,7,0,0,0,1,0,0,0,1
"POINT (8.378025515000047 49.051940189000049)",Unfall 153080 (2020) Kat:3, Licht: 0,153080,3,3,5,07,15,6,0,0,1,1,0,0,0,0
"POINT (8.394152783000038 49.013083202000075)",Unfall 153091 (2020) Kat:2, Licht: 0,153091,2,3,5,08,19,2,1,0,1,1,0,0,0,0
"POINT (8.460414876000073 48.997360083000046)",Unfall 153102 (2020) Kat:3, Licht: 0,153102,3,7,2,08,08,6,0,0,0,0,0,1,0,1
"POINT (8.368812571000035 48.999313913000037)",Unfall 153106 (2020) Kat:2, Licht: 0,153106,2,1,0,08,11,4,0,0,1,0,0,0,0,0
"POINT (8.389538634000076 49.007500434000065)",Unfall 153110 (2020) Kat:3, Licht: 0,153110,3,3,5,08,07,5,0,0,1,1,0,0,0,0
"POINT (8.408261464000077 49.011063116000059)",Unfall 153143 (2020) Kat:3, Licht: 0,153143,3,2,5,08,12,4,0,0,1,1,0,0,0,0
"POINT (8.405599544000040 49.024154016000068)",Unfall 153192 (2020) Kat:3, Licht: 0,153192,3,6,2,08,10,4,0,0,0,1,0,0,0,0
"POINT (8.346296393000046 49.015987285000051)",Unfall 153198 (2020) Kat:3, Licht: 0,153198,3,7,8,08,06,1,0,0,0,0,0,1,0,0
"POINT (8.403642256000069 49.003834180000069)",Unfall 153200 (2020) Kat:2, Licht: 2,153200,2,7,0,08,02,1,1,2,1,0,0,0,0,0
"POINT (8.466254729000070 48.999687010000059)",Unfall 153202 (2020) Kat:3, Licht: 2,153202,3,5,1,08,22,1,0,2,1,1,0,0,0,0
"POINT (8.397864987000048 49.016079367000032)",Unfall 153204 (2020) Kat:3, Licht: 0,153204,3,6,2,08,19,6,0,0,0,1,0,0,0,0
"POINT (8.379039655000042 49.007463183000027)",Unfall 153213 (2020) Kat:3, Licht: 0,153213,3,7,0,08,14,5,0,0,1,0,0,0,0,0
"POINT (8.359566138000048 49.010521540000070)",Unfall 153247 (2020) Kat:3, Licht: 0,153247,3,3,5,08,12,4,0,0,1,1,0,0,0,0
"POINT (8.496946518000073 49.005144818000076)",Unfall 153297 (2020) Kat:3, Licht: 0,153297,3,2,2,08,11,4,0,0,1,1,0,0,0,0
"POINT (8.403589745000033 49.005304224000042)",Unfall 153336 (2020) Kat:3, Licht: 0,153336,3,4,6,08,18,2,1,0,1,0,1,0,0,0
"POINT (8.457030146000022 49.000787664000029)",Unfall 153390 (2020) Kat:3, Licht: 0,153390,3,7,2,08,09,4,0,0,0,1,0,1,0,0
"POINT (8.450600024000039 49.009890874000064)",Unfall 153391 (2020) Kat:3, Licht: 0,153391,3,3,5,08,15,4,0,0,1,1,0,0,0,0
"POINT (8.429255291000061 49.009930728000029)",Unfall 153447 (2020) Kat:3, Licht: 0,153447,3,7,1,08,14,3,0,0,0,1,0,1,0,0
"POINT (8.344089210000050 49.007169427000065)",Unfall 153448 (2020) Kat:3, Licht: 2,153448,3,7,0,08,23,5,0,2,1,0,0,0,0,0
"POINT (8.469092703000058 48.994680769000070)",Unfall 153449 (2020) Kat:2, Licht: 0,153449,2,2,2,08,12,3,0,0,1,0,0,0,0,0
"POINT (8.431456670000046 48.996865648000039)",Unfall 153451 (2020) Kat:3, Licht: 0,153451,3,2,5,08,09,5,0,0,1,1,0,0,0,0
"POINT (8.405543731000023 49.024159167000050)",Unfall 153523 (2020) Kat:3, Licht: 2,153523,3,6,2,08,05,2,0,2,0,1,0,1,0,0
"POINT (8.389734679000071 49.009639540000080)",Unfall 153599 (2020) Kat:3, Licht: 0,153599,3,3,0,08,16,2,0,0,1,1,0,0,0,0
"POINT (8.384776413000054 48.990439050000077)",Unfall 153625 (2020) Kat:3, Licht: 2,153625,3,3,5,08,00,7,0,2,1,0,0,0,0,1
"POINT (8.445165126000063 48.996597204000068)",Unfall 153637 (2020) Kat:3, Licht: 0,153637,3,3,5,08,11,3,0,0,0,1,0,1,0,0
"POINT (8.496985296000048 49.005181482000069)",Unfall 153641 (2020) Kat:2, Licht: 0,153641,2,4,6,08,19,5,0,0,0,1,1,0,0,0
"POINT (8.375238569000032 49.015176871000051)",Unfall 153695 (2020) Kat:3, Licht: 0,153695,3,6,2,08,15,1,0,0,1,1,0,0,0,0
"POINT (8.369643926000038 49.017716182000072)",Unfall 153746 (2020) Kat:3, Licht: 0,153746,3,5,1,08,11,3,0,0,1,1,0,0,0,0
"POINT (8.404321869000057 49.009570777000079)",Unfall 153750 (2020) Kat:3, Licht: 0,153750,3,7,0,08,14,5,0,0,1,0,0,0,0,0
"POINT (8.415579319000074 49.008072199000026)",Unfall 153758 (2020) Kat:2, Licht: 0,153758,2,5,1,08,16,2,0,0,0,1,0,1,0,0
"POINT (8.398649776000070 48.993717537000066)",Unfall 153793 (2020) Kat:3, Licht: 0,153793,3,7,0,08,11,6,0,0,0,1,1,0,0,0
"POINT (8.458023520000040 48.989549828000065)",Unfall 153797 (2020) Kat:3, Licht: 0,153797,3,3,5,08,18,3,0,0,0,1,0,1,0,0
"POINT (8.387197357000048 49.007636769000044)",Unfall 153799 (2020) Kat:2, Licht: 0,153799,2,2,4,08,15,6,0,0,1,1,0,0,0,0
"POINT (8.461903278000023 48.956177631000060)",Unfall 153805 (2020) Kat:2, Licht: 0,153805,2,1,1,08,17,1,0,0,0,1,0,1,0,0
"POINT (8.391041991000066 49.007052656000042)",Unfall 153811 (2020) Kat:3, Licht: 0,153811,3,7,1,08,16,6,0,0,1,1,0,0,0,0
"POINT (8.430915970000058 49.034775958000068)",Unfall 153845 (2020) Kat:3, Licht: 0,153845,3,6,2,08,17,4,0,0,0,1,0,0,0,1
"POINT (8.410528163000038 49.003074047000041)",Unfall 153853 (2020) Kat:3, Licht: 2,153853,3,7,0,08,03,5,0,2,1,0,0,0,0,0
"POINT (8.416815805000056 49.008912695000049)",Unfall 153880 (2020) Kat:2, Licht: 0,153880,2,6,2,08,09,5,0,0,1,0,0,0,0,0
"POINT (8.396197171000040 48.984109326000066)",Unfall 153893 (2020) Kat:3, Licht: 0,153893,3,3,5,08,18,1,0,0,0,1,0,1,0,0
"POINT (8.379463951000048 49.013242884000078)",Unfall 153954 (2020) Kat:3, Licht: 0,153954,3,2,4,08,06,4,0,0,1,0,0,0,1,0
"POINT (8.405438697000022 49.010199123000064)",Unfall 153957 (2020) Kat:3, Licht: 0,153957,3,2,4,08,18,4,0,0,1,1,0,0,0,0
"POINT (8.405568940000023 49.024156881000067)",Unfall 153958 (2020) Kat:3, Licht: 0,153958,3,7,0,08,09,4,1,0,0,0,0,1,0,0
"POINT (8.383414406000043 49.004401770000072)",Unfall 153959 (2020) Kat:3, Licht: 2,153959,3,7,0,08,23,4,0,2,0,1,0,0,0,0
"POINT (8.381883679000055 49.010442969000053)",Unfall 153961 (2020) Kat:3, Licht: 0,153961,3,4,6,08,11,6,0,0,1,0,1,0,0,0
"POINT (8.454449725000075 48.996370686000034)",Unfall 153962 (2020) Kat:2, Licht: 0,153962,2,2,4,08,14,4,0,0,1,1,0,0,0,0
"POINT (8.396911400000022 48.999821460000078)",Unfall 153963 (2020) Kat:3, Licht: 0,153963,3,2,4,08,16,4,0,0,1,1,0,0,0,0
"POINT (8.364670088000025 49.019668787000057)",Unfall 153964 (2020) Kat:2, Licht: 2,153964,2,2,3,08,21,4,0,2,1,1,0,0,0,0
"POINT (8.379313647000060 49.014967463000062)",Unfall 153967 (2020) Kat:3, Licht: 0,153967,3,2,4,08,19,4,0,0,1,1,0,0,0,0
"POINT (8.350967036000043 49.035322043000065)",Unfall 153968 (2020) Kat:3, Licht: 0,153968,3,6,2,08,12,6,0,0,0,1,0,0,0,0
"POINT (8.417838719000031 49.006948302000069)",Unfall 153982 (2020) Kat:3, Licht: 0,153982,3,5,1,08,16,6,0,0,1,1,0,0,0,0
"POINT (8.497962885000050 49.004426563000038)",Unfall 154007 (2020) Kat:2, Licht: 2,154007,2,7,8,08,03,7,0,2,1,0,0,0,0,0
"POINT (8.355125380000061 49.020755133000080)",Unfall 154010 (2020) Kat:3, Licht: 0,154010,3,7,6,08,11,7,0,0,0,1,1,0,0,0
"POINT (8.384799978000046 49.007749145000048)",Unfall 154025 (2020) Kat:2, Licht: 0,154025,2,5,0,08,18,3,0,0,1,1,0,0,0,0
"POINT (8.481251929000052 49.001112458000080)",Unfall 154082 (2020) Kat:3, Licht: 0,154082,3,3,5,08,13,2,0,0,0,1,0,0,0,0
"POINT (8.430537325000046 49.013964955000063)",Unfall 154109 (2020) Kat:3, Licht: 2,154109,3,3,5,08,01,7,0,2,1,0,0,0,0,1
"POINT (8.457949974000030 49.040808336000055)",Unfall 154139 (2020) Kat:3, Licht: 2,154139,3,1,9,09,03,6,0,2,0,1,0,0,0,0
"POINT (8.374886286000049 49.011730176000071)",Unfall 154145 (2020) Kat:3, Licht: 2,154145,3,1,0,09,01,3,1,2,0,0,0,0,0,1
"POINT (8.365650131000052 49.004036982000059)",Unfall 154155 (2020) Kat:2, Licht: 2,154155,2,6,2,09,03,3,0,2,1,1,0,0,0,0
"POINT (8.403846457000043 48.992298957000060)",Unfall 154156 (2020) Kat:3, Licht: 0,154156,3,2,3,09,18,4,0,0,0,1,0,0,0,0
"POINT (8.408499783000025 49.001472597000031)",Unfall 154164 (2020) Kat:3, Licht: 0,154164,3,3,5,09,16,6,0,0,1,1,0,0,0,0
"POINT (8.407986343000061 49.010883174000071)",Unfall 154240 (2020) Kat:3, Licht: 0,154240,3,6,3,08,14,2,0,0,1,1,0,0,0,0
"POINT (8.395577871000057 48.989151781000032)",Unfall 154246 (2020) Kat:2, Licht: 0,154246,2,6,4,09,08,6,0,0,1,0,0,0,0,0
"POINT (8.387967376000063 49.014655053000070)",Unfall 154247 (2020) Kat:3, Licht: 0,154247,3,2,3,08,18,2,0,0,1,1,0,0,0,0
"POINT (8.352316248000022 49.018831661000036)",Unfall 154272 (2020) Kat:3, Licht: 0,154272,3,3,5,09,12,6,0,0,1,1,0,0,0,0
"POINT (8.412042141000029 48.995324922000066)",Unfall 154287 (2020) Kat:3, Licht: 0,154287,3,2,5,09,07,2,0,0,1,1,0,0,0,0
"POINT (8.391655219000029 49.006853536000051)",Unfall 154311 (2020) Kat:3, Licht: 2,154311,3,5,1,08,02,1,0,2,1,1,0,0,0,0
"POINT (8.334832584000026 48.994939163000026)",Unfall 154314 (2020) Kat:3, Licht: 0,154314,3,3,5,09,17,6,0,0,1,1,0,0,0,0
"POINT (8.424315623000041 49.003850014000079)",Unfall 154315 (2020) Kat:3, Licht: 2,154315,3,3,5,08,20,1,1,2,0,1,0,1,0,0
"POINT (8.457177398000056 48.978206695000040)",Unfall 154318 (2020) Kat:2, Licht: 0,154318,2,2,6,08,12,1,0,0,0,1,1,0,0,0
"POINT (8.387899263000065 49.014658025000074)",Unfall 154323 (2020) Kat:3, Licht: 0,154323,3,2,5,09,14,6,0,0,0,1,0,0,0,0
"POINT (8.354222796000045 48.997090535000041)",Unfall 154325 (2020) Kat:3, Licht: 0,154325,3,3,5,08,14,1,1,0,0,1,0,0,0,0
"POINT (8.379969688000074 49.000695139000072)",Unfall 154411 (2020) Kat:3, Licht: 0,154411,3,7,2,09,09,5,0,0,1,1,0,0,0,0
"POINT (8.469656855000039 48.996767023000075)",Unfall 154412 (2020) Kat:3, Licht: 0,154412,3,2,0,09,18,5,0,0,1,1,0,0,0,0
"POINT (8.384400697000046 49.012691485000062)",Unfall 154413 (2020) Kat:3, Licht: 0,154413,3,3,5,09,16,5,0,0,0,1,0,0,0,0
"POINT (8.368851770000049 49.011174296000036)",Unfall 154490 (2020) Kat:3, Licht: 0,154490,3,2,6,09,12,6,0,0,0,1,1,0,0,0
"POINT (8.414342173000023 49.001000424000040)",Unfall 154499 (2020) Kat:3, Licht: 0,154499,3,3,5,09,17,6,0,0,0,1,0,1,0,0
"POINT (8.424247685000069 49.006113176000042)",Unfall 154500 (2020) Kat:3, Licht: 2,154500,3,5,1,09,21,6,0,2,0,1,0,0,0,0
"POINT (8.421725759000026 49.017801732000066)",Unfall 154502 (2020) Kat:3, Licht: 0,154502,3,3,5,09,10,6,0,0,1,0,0,1,0,0
"POINT (8.424001930000031 49.007548359000054)",Unfall 154509 (2020) Kat:3, Licht: 0,154509,3,2,5,09,13,6,0,0,1,0,0,0,0,1
"POINT (8.396923862000051 48.999817731000064)",Unfall 154513 (2020) Kat:3, Licht: 0,154513,3,3,5,09,07,4,0,0,1,0,0,0,1,0
"POINT (8.437409324000043 49.005253825000068)",Unfall 154514 (2020) Kat:3, Licht: 0,154514,3,6,3,09,17,4,0,0,1,0,0,0,0,0
"POINT (8.430895588000055 49.034568006000029)",Unfall 154516 (2020) Kat:3, Licht: 0,154516,3,2,4,09,16,4,0,0,1,1,0,0,0,0
"POINT (8.471207226000047 48.987888895000026)",Unfall 154581 (2020) Kat:3, Licht: 0,154581,3,5,1,09,18,3,0,0,1,1,0,0,0,0
"POINT (8.454324736000046 48.989633480000066)",Unfall 154582 (2020) Kat:3, Licht: 1,154582,3,5,1,09,19,3,0,1,1,1,0,0,0,0
"POINT (8.399937517000069 49.008047039000076)",Unfall 154584 (2020) Kat:3, Licht: 0,154584,3,3,5,09,15,3,0,0,1,1,0,0,0,0
"POINT (8.445502370000042 49.034991477000062)",Unfall 154585 (2020) Kat:2, Licht: 0,154585,2,3,5,09,11,3,0,0,1,1,0,0,0,0
"POINT (8.331885086000057 49.018358275000026)",Unfall 154651 (2020) Kat:3, Licht: 0,154651,3,1,0,09,16,5,0,0,1,0,0,0,0,0
"POINT (8.375562547000072 49.015163599000061)",Unfall 154654 (2020) Kat:3, Licht: 2,154654,3,2,5,09,19,2,0,2,0,1,0,0,0,1
"POINT (8.406859658000030 48.976545629000043)",Unfall 154658 (2020) Kat:3, Licht: 0,154658,3,3,5,09,12,2,0,0,0,1,0,0,0,1
"POINT (8.432145935000051 49.009114216000057)",Unfall 154730 (2020) Kat:3, Licht: 0,154730,3,1,0,09,10,4,0,0,1,0,0,0,0,0
"POINT (8.492244283000048 49.007595351000077)",Unfall 154758 (2020) Kat:3, Licht: 0,154758,3,6,2,09,07,3,0,0,1,0,0,0,0,1
"POINT (8.431579101000068 48.993190395000056)",Unfall 154815 (2020) Kat:2, Licht: 0,154815,2,7,0,09,14,5,0,0,0,1,0,0,0,0
"POINT (8.424110293000069 49.018333379000069)",Unfall 154869 (2020) Kat:3, Licht: 0,154869,3,3,5,09,07,3,0,0,1,0,0,0,0,0
"POINT (8.372550659000069 49.005658201000074)",Unfall 154871 (2020) Kat:3, Licht: 0,154871,3,3,5,09,17,2,0,0,1,0,0,0,0,0
"POINT (8.348401131000060 48.996675730000049)",Unfall 154912 (2020) Kat:2, Licht: 2,154912,2,7,2,09,23,2,0,2,0,1,0,0,0,1
"POINT (8.389635191000025 49.018815903000075)",Unfall 154921 (2020) Kat:3, Licht: 0,154921,3,2,5,09,15,3,0,0,1,1,0,0,0,0
"POINT (8.440773915000023 49.043235880000054)",Unfall 154967 (2020) Kat:3, Licht: 0,154967,3,6,2,09,16,3,0,0,0,1,0,0,0,1
"POINT (8.392817309000066 49.007257221000032)",Unfall 154980 (2020) Kat:3, Licht: 0,154980,3,5,1,09,13,4,0,0,1,0,0,0,0,0
"POINT (8.407931808000058 48.972551321000026)",Unfall 155004 (2020) Kat:3, Licht: 0,155004,3,6,2,09,07,2,0,0,1,1,0,0,0,0
"POINT (8.429610686000046 49.004223954000054)",Unfall 155006 (2020) Kat:3, Licht: 0,155006,3,3,5,09,17,2,0,0,1,1,0,0,0,0
"POINT (8.430740576000062 49.013498465000055)",Unfall 155007 (2020) Kat:3, Licht: 0,155007,3,7,0,09,09,2,0,0,1,0,0,0,0,0
"POINT (8.389749821000066 49.010180743000035)",Unfall 155009 (2020) Kat:3, Licht: 0,155009,3,2,0,09,13,2,0,0,1,1,0,0,0,0
"POINT (8.427016085000048 49.007186269000044)",Unfall 155010 (2020) Kat:2, Licht: 0,155010,2,6,2,09,14,2,0,0,1,0,0,0,0,0
"POINT (8.401793671000064 49.010510429000078)",Unfall 155017 (2020) Kat:2, Licht: 0,155017,2,2,5,09,12,3,0,0,1,0,0,0,0,1
"POINT (8.420598332000054 49.023269531000039)",Unfall 155020 (2020) Kat:3, Licht: 0,155020,3,6,2,09,13,3,0,0,0,1,0,0,0,0
"POINT (8.396129424000037 49.002277171000060)",Unfall 155037 (2020) Kat:2, Licht: 0,155037,2,7,0,09,07,4,0,0,1,0,0,0,0,0
"POINT (8.399027195000031 49.008334832000060)",Unfall 155040 (2020) Kat:3, Licht: 0,155040,3,1,0,09,16,6,0,0,1,0,0,0,0,0
"POINT (8.420279910000033 49.008311937000030)",Unfall 155045 (2020) Kat:3, Licht: 0,155045,3,6,3,09,11,6,0,0,1,0,0,0,0,1
"POINT (8.410227327000030 49.008773265000059)",Unfall 155051 (2020) Kat:3, Licht: 2,155051,3,6,0,09,20,6,0,2,1,0,0,0,0,1
"POINT (8.417228453000064 49.000703871000042)",Unfall 155054 (2020) Kat:2, Licht: 0,155054,2,3,5,09,18,6,0,0,1,1,0,0,0,0
"POINT (8.374844872000040 49.013708661000067)",Unfall 155088 (2020) Kat:3, Licht: 2,155088,3,7,0,09,03,1,0,2,0,1,0,0,0,0
"POINT (8.340835180000056 49.003502135000076)",Unfall 155091 (2020) Kat:3, Licht: 2,155091,3,5,1,09,06,1,0,2,0,1,0,0,0,0
"POINT (8.448165763000077 49.033738810000045)",Unfall 155132 (2020) Kat:3, Licht: 2,155132,3,7,0,09,22,4,0,2,1,0,0,0,0,0
"POINT (8.385913091000020 49.014765210000064)",Unfall 155202 (2020) Kat:3, Licht: 0,155202,3,6,2,09,12,2,0,0,1,1,0,0,0,0
"POINT (8.398431694000067 49.004026876000069)",Unfall 155225 (2020) Kat:3, Licht: 0,155225,3,7,8,09,13,6,0,0,0,0,0,0,0,1
"POINT (8.361306194000065 49.011222382000028)",Unfall 155276 (2020) Kat:3, Licht: 0,155276,3,2,5,09,17,3,0,0,1,1,0,0,0,0
"POINT (8.408269786000062 49.011056632000077)",Unfall 155285 (2020) Kat:3, Licht: 2,155285,3,3,0,09,01,7,0,2,0,1,0,0,0,0
"POINT (8.397532341000044 49.012511643000039)",Unfall 155289 (2020) Kat:3, Licht: 0,155289,3,6,3,09,14,6,0,0,1,0,0,0,1,0
"POINT (8.448762708000061 48.992296869000029)",Unfall 155296 (2020) Kat:3, Licht: 2,155296,3,2,5,09,06,5,1,2,1,1,0,0,0,0
"POINT (8.447356230000025 48.996169660000078)",Unfall 155303 (2020) Kat:3, Licht: 0,155303,3,4,6,09,17,2,0,0,0,1,1,0,0,0
"POINT (8.425122104000025 49.010176916000034)",Unfall 155304 (2020) Kat:3, Licht: 0,155304,3,2,5,09,16,5,0,0,1,1,0,0,0,0
"POINT (8.397956709000027 49.002856316000077)",Unfall 155375 (2020) Kat:3, Licht: 0,155375,3,3,5,09,17,7,0,0,0,1,0,0,0,0
"POINT (8.399439684000072 49.008204427000067)",Unfall 155393 (2020) Kat:3, Licht: 2,155393,3,6,6,09,23,6,0,2,1,0,1,0,0,0
"POINT (8.352051102000075 48.989561685000069)",Unfall 155440 (2020) Kat:3, Licht: 0,155440,3,6,4,09,08,6,1,0,1,0,0,0,0,0
"POINT (8.398940750000065 49.009825873000068)",Unfall 155467 (2020) Kat:3, Licht: 0,155467,3,6,6,10,11,2,0,0,1,0,1,0,0,0
"POINT (8.425873812000020 49.007394341000065)",Unfall 155470 (2020) Kat:3, Licht: 2,155470,3,6,2,10,19,2,1,2,0,1,0,0,0,0