WKT,Name,OBJECTID,UKATEGORIE,UTYP1,UART,UMONAT,USTUNDE,UWOCHENTAG,STRZUSTAND,ULICHTVERH,ISTRAD,ISTPKW,ISTFUSS,ISTKRAD,ISTGKFZ,ISTSONSTIG
"POINT (8.365228501000047 49.011458059000063)",Unfall 155515 (2020) Kat:3, Licht: 2,155515,3,6,3,10,19,1,0,2,0,1,0,0,0,1
"POINT (8.423904124000046 49.009522826000079)",Unfall 155542 (2020) Kat:3, Licht: 0,155542,3,7,5,10,15,3,1,0,1,1,0,0,0,0
"POINT (8.403333096000040 48.972347989000070)",Unfall 155637 (2020) Kat:3, Licht: 0,155637,3,3,5,09,13,4,0,0,1,1,0,0,0,0
"POINT (8.404261405000057 48.997604696000053)",Unfall 155649 (2020) Kat:3, Licht: 0,155649,3,2,5,09,12,4,0,0,1,1,0,0,0,0
"POINT (8.391983228000072 49.002927446000058)",Unfall 155655 (2020) Kat:2, Licht: 0,155655,2,3,5,09,17,4,0,0,1,0,0,0,0,1
"POINT (8.366813483000044 49.010506183000075)",Unfall 155657 (2020) Kat:2, Licht: 0,155657,2,3,5,09,08,4,0,0,1,1,0,0,0,0
"POINT (8.357902533000072 49.012155991000043)",Unfall 155659 (2020) Kat:3, Licht: 0,155659,3,2,5,09,18,4,0,0,1,1,0,0,0,0
"POINT (8.465457530000037 49.000491880000027)",Unfall 155680 (2020) Kat:3, Licht: 0,155680,3,6,2,10,16,5,1,0,0,1,0,0,0,0
"POINT (8.442427137000038 49.004317296000067)",Unfall 155684 (2020) Kat:3, Licht: 0,155684,3,7,5,10,16,5,1,0,0,1,0,0,0,1
"POINT (8.457466493000027 49.019789621000029)",Unfall 155685 (2020) Kat:3, Licht: 0,155685,3,6,2,10,17,5,0,0,0,1,0,0,0,0
"POINT (8.424126293000029 49.002988253000069)",Unfall 155688 (2020) Kat:3, Licht: 1,155688,3,6,3,10,19,5,0,1,0,1,0,0,0,0
"POINT (8.448064213000066 49.005884999000045)",Unfall 155692 (2020) Kat:1, Licht: 0,155692,1,3,5,10,15,5,0,0,1,1,0,0,0,0
"POINT (8.359719108000036 49.011002246000032)",Unfall 155694 (2020) Kat:3, Licht: 0,155694,3,6,3,10,13,5,0,0,0,1,0,0,0,0
"POINT (8.462261413000022 48.999449300000038)",Unfall 155707 (2020) Kat:2, Licht: 2,155707,2,7,0,10,18,3,0,2,0,0,0,1,0,0
"POINT (8.416432526000051 49.009651026000029)",Unfall 155721 (2020) Kat:3, Licht: 0,155721,3,7,6,10,07,2,0,0,1,0,1,0,0,0
"POINT (8.443150867000043 49.017166815000053)",Unfall 155722 (2020) Kat:3, Licht: 0,155722,3,3,5,10,10,6,0,0,0,0,0,1,0,1
"POINT (8.458738077000021 48.985511870000039)",Unfall 155725 (2020) Kat:3, Licht: 0,155725,3,3,5,10,10,2,0,0,1,1,0,0,0,0
"POINT (8.368930617000046 48.982361393000076)",Unfall 155771 (2020) Kat:2, Licht: 0,155771,2,4,6,10,14,4,0,0,0,1,1,0,0,0
"POINT (8.403513166000039 48.999264127000060)",Unfall 155773 (2020) Kat:3, Licht: 0,155773,3,2,5,10,14,6,0,0,0,1,0,0,0,0
"POINT (8.337349165000035 49.004333769000027)",Unfall 155824 (2020) Kat:3, Licht: 0,155824,3,3,5,10,11,7,0,0,1,1,0,0,0,0
"POINT (8.455449215000044 49.027982417000032)",Unfall 155827 (2020) Kat:3, Licht: 2,155827,3,3,5,10,19,6,1,2,1,1,0,0,0,0
"POINT (8.396860494000066 48.999836706000053)",Unfall 155903 (2020) Kat:2, Licht: 0,155903,2,4,6,10,07,5,1,0,0,0,1,1,0,0
"POINT (8.364944951000041 49.030750303000048)",Unfall 155929 (2020) Kat:3, Licht: 0,155929,3,2,5,10,11,7,0,0,1,1,0,0,0,0
"POINT (8.438824249000049 49.006809156000031)",Unfall 155936 (2020) Kat:3, Licht: 0,155936,3,3,5,10,10,7,1,0,0,1,0,0,0,0
"POINT (8.373271400000022 48.982466604000081)",Unfall 155944 (2020) Kat:3, Licht: 0,155944,3,2,5,10,17,7,0,0,1,0,0,0,0,1
"POINT (8.407678409000027 49.011517286000071)",Unfall 155954 (2020) Kat:3, Licht: 2,155954,3,1,9,10,04,7,1,2,0,1,0,0,0,0
"POINT (8.474478712000064 49.001190835000045)",Unfall 155962 (2020) Kat:3, Licht: 0,155962,3,3,5,10,14,3,0,0,0,1,0,0,0,0
"POINT (8.397619102000022 48.964396430000079)",Unfall 155965 (2020) Kat:3, Licht: 0,155965,3,4,6,10,18,7,0,0,0,1,1,0,0,0
"POINT (8.392011038000021 49.010144920000073)",Unfall 156010 (2020) Kat:3, Licht: 0,156010,3,4,6,10,13,3,0,0,0,0,1,0,0,1
"POINT (8.396162485000048 48.981666336000046)",Unfall 156031 (2020) Kat:3, Licht: 0,156031,3,3,5,10,11,1,0,0,1,0,0,0,0,0
"POINT (8.365463041000055 49.015904597000031)",Unfall 156053 (2020) Kat:3, Licht: 0,156053,3,3,5,10,12,5,0,0,1,1,0,0,0,0
"POINT (8.354582458000039 49.009873849000030)",Unfall 156060 (2020) Kat:3, Licht: 0,156060,3,3,5,10,08,5,0,0,1,1,0,0,0,0
"POINT (8.425043504000030 49.018538600000056)",Unfall 156066 (2020) Kat:3, Licht: 0,156066,3,3,5,10,14,3,0,0,1,0,0,0,0,0
"POINT (8.377949915000045 49.013386741000033)",Unfall 156116 (2020) Kat:3, Licht: 0,156116,3,5,1,10,13,3,0,0,1,1,0,0,0,0
"POINT (8.433901261000074 49.005906182000047)",Unfall 156127 (2020) Kat:3, Licht: 2,156127,3,6,2,10,06,6,1,2,0,1,0,0,0,0
"POINT (8.374780007000027 49.010860788000059)",Unfall 156137 (2020) Kat:2, Licht: 0,156137,2,7,0,10,11,2,0,0,0,1,0,0,0,0
"POINT (8.388984011000048 49.040619432000028)",Unfall 156232 (2020) Kat:3, Licht: 2,156232,3,6,6,10,19,2,0,2,0,1,1,0,0,0
"POINT (8.409908565000023 48.996134961000052)",Unfall 156234 (2020) Kat:3, Licht: 0,156234,3,3,5,10,16,2,1,0,0,1,0,0,0,0
"POINT (8.380525191000061 48.996319980000067)",Unfall 156269 (2020) Kat:3, Licht: 0,156269,3,3,5,10,11,1,0,0,0,1,0,0,0,0
"POINT (8.403751346000036 49.008144003000041)",Unfall 156271 (2020) Kat:3, Licht: 2,156271,3,2,5,10,19,1,0,2,1,1,0,0,0,0
"POINT (8.365691700000070 48.997956510000051)",Unfall 156281 (2020) Kat:2, Licht: 0,156281,2,7,0,10,14,4,0,0,1,0,0,0,0,0
"POINT (8.356635678000032 49.028016940000043)",Unfall 156310 (2020) Kat:3, Licht: 0,156310,3,7,9,10,16,7,1,0,0,0,0,1,0,0
"POINT (8.369327967000061 49.045756146000031)",Unfall 156311 (2020) Kat:3, Licht: 0,156311,3,3,6,10,13,7,0,0,0,1,1,0,0,0
"POINT (8.342539914000042 48.995132324000053)",Unfall 156340 (2020) Kat:3, Licht: 2,156340,3,3,0,10,05,4,0,2,0,1,0,1,0,0
"POINT (8.385083541000029 49.018612725000025)",Unfall 156381 (2020) Kat:2, Licht: 2,156381,2,6,6,10,23,6,1,2,1,0,1,0,0,0
"POINT (8.414031437000062 49.021212116000072)",Unfall 156383 (2020) Kat:3, Licht: 0,156383,3,1,0,10,13,6,1,0,0,0,0,1,0,0
"POINT (8.365981869000052 49.018715261000068)",Unfall 156384 (2020) Kat:3, Licht: 0,156384,3,7,0,10,16,6,1,0,1,0,0,0,0,0
"POINT (8.360177653000051 49.031627634000074)",Unfall 156387 (2020) Kat:3, Licht: 0,156387,3,6,2,10,12,6,0,0,0,1,0,0,0,1
"POINT (8.400099916000045 49.011479887000064)",Unfall 156389 (2020) Kat:3, Licht: 0,156389,3,6,2,10,15,6,1,0,0,1,0,0,0,0
"POINT (8.416735046000042 49.008727708000038)",Unfall 156440 (2020) Kat:3, Licht: 2,156440,3,3,5,10,18,4,0,2,1,1,0,0,0,0
"POINT (8.384630366000067 49.014767229000029)",Unfall 156458 (2020) Kat:3, Licht: 0,156458,3,3,5,10,07,5,0,0,1,1,0,0,0,0
"POINT (8.450100383000063 49.024838942000031)",Unfall 156503 (2020) Kat:3, Licht: 0,156503,3,3,5,11,10,5,0,0,0,0,0,0,0,1
"POINT (8.468491323000023 48.998838959000068)",Unfall 156532 (2020) Kat:3, Licht: 0,156532,3,6,2,11,14,6,0,0,1,0,0,0,0,1
"POINT (8.474767900000074 48.992183836000038)",Unfall 156561 (2020) Kat:3, Licht: 0,156561,3,6,3,11,13,2,0,0,1,1,0,0,0,0
"POINT (8.394932989000040 49.008472052000059)",Unfall 156566 (2020) Kat:3, Licht: 2,156566,3,7,6,10,16,6,0,2,0,1,1,0,0,0
"POINT (8.435113574000070 49.005680732000030)",Unfall 156567 (2020) Kat:3, Licht: 2,156567,3,6,4,10,23,7,0,2,1,0,0,0,0,0
"POINT (8.354950777000056 49.009583884000051)",Unfall 156577 (2020) Kat:3, Licht: 0,156577,3,7,0,10,10,7,0,0,1,0,0,0,0,0
"POINT (8.400986663000026 49.009727206000036)",Unfall 156610 (2020) Kat:3, Licht: 0,156610,3,7,0,11,14,5,0,0,1,0,0,0,0,0
"POINT (8.409738769000057 48.999030941000058)",Unfall 156640 (2020) Kat:3, Licht: 2,156640,3,6,2,11,17,6,0,2,1,0,0,0,0,1
"POINT (8.381816168000057 49.010019636000038)",Unfall 156705 (2020) Kat:2, Licht: 2,156705,2,7,1,11,18,4,0,2,0,1,0,1,0,0
"POINT (8.381293905000064 48.996107559000052)",Unfall 156751 (2020) Kat:3, Licht: 0,156751,3,6,2,11,07,6,0,0,0,1,0,0,0,0
"POINT (8.389308635000020 49.036020702000030)",Unfall 156752 (2020) Kat:3, Licht: 0,156752,3,2,5,11,14,6,0,0,1,0,0,0,0,0
"POINT (8.423661050000021 49.024996044000034)",Unfall 156756 (2020) Kat:2, Licht: 2,156756,2,3,0,11,22,6,1,2,1,1,0,0,0,0
"POINT (8.482468165000057 49.012948247000054)",Unfall 156758 (2020) Kat:2, Licht: 2,156758,2,1,9,11,18,6,0,2,0,0,0,1,0,0
"POINT (8.375580735000028 49.010871025000029)",Unfall 156818 (2020) Kat:3, Licht: 0,156818,3,6,2,11,13,1,0,0,0,1,0,1,0,0
"POINT (8.364048971000045 49.002425167000069)",Unfall 156819 (2020) Kat:3, Licht: 0,156819,3,1,6,11,09,5,0,0,1,0,0,0,0,1
"POINT (8.403303408000056 48.999263441000039)",Unfall 156821 (2020) Kat:2, Licht: 0,156821,2,3,5,11,15,5,0,0,0,0,0,1,1,0
"POINT (8.396831331000044 48.999905189000060)",Unfall 156822 (2020) Kat:3, Licht: 0,156822,3,3,5,11,14,5,1,0,1,1,0,0,0,0
"POINT (8.403105179000022 49.000695527000062)",Unfall 156823 (2020) Kat:3, Licht: 2,156823,3,3,5,11,20,5,0,2,1,1,0,0,0,0
"POINT (8.354972235000048 49.032904651000081)",Unfall 156826 (2020) Kat:3, Licht: 2,156826,3,7,8,11,18,5,1,2,0,1,0,0,0,0
"POINT (8.389878361000058 49.044719993000058)",Unfall 156845 (2020) Kat:3, Licht: 0,156845,3,4,6,11,15,7,0,0,0,1,1,0,0,0
"POINT (8.386990596000032 49.019680847000075)",Unfall 156913 (2020) Kat:3, Licht: 2,156913,3,7,0,11,17,7,1,2,0,0,0,0,0,1
"POINT (8.423584428000027 49.009504628000059)",Unfall 156917 (2020) Kat:3, Licht: 0,156917,3,3,5,11,15,7,0,0,1,1,0,0,0,0
"POINT (8.359541010000044 49.010537060000047)",Unfall 156921 (2020) Kat:3, Licht: 0,156921,3,6,3,11,16,7,0,0,0,1,0,1,0,0
"POINT (8.387403031000076 49.033943485000066)",Unfall 156929 (2020) Kat:3, Licht: 0,156929,3,7,0,11,15,3,0,0,1,0,0,0,0,0
"POINT (8.410450033000075 49.001954804000036)",Unfall 156931 (2020) Kat:3, Licht: 0,156931,3,5,2,11,12,3,0,0,1,1,0,0,0,0
"POINT (8.362587289000032 49.011408292000056)",Unfall 156932 (2020) Kat:2, Licht: 0,156932,2,7,0,11,12,3,0,0,0,0,0,0,0,1
"POINT (8.379589164000038 49.005152990000056)",Unfall 156978 (2020) Kat:3, Licht: 0,156978,3,7,0,11,09,1,0,0,1,0,0,0,0,0
"POINT (8.427730269000051 49.013059557000076)",Unfall 156993 (2020) Kat:3, Licht: 0,156993,3,1,0,11,08,2,0,0,1,0,0,0,0,0
"POINT (8.378908745000047 49.013310015000059)",Unfall 157031 (2020) Kat:3, Licht: 1,157031,3,7,0,11,07,5,1,1,1,0,0,0,0,0
"POINT (8.460152068000070 48.995077011000035)",Unfall 157034 (2020) Kat:3, Licht: 0,157034,3,5,1,11,16,5,1,0,0,1,0,0,0,0
"POINT (8.440200185000037 49.006549129000064)",Unfall 157038 (2020) Kat:3, Licht: 1,157038,3,2,2,11,16,5,1,1,0,1,0,0,0,0
"POINT (8.424197619000040 49.006563217000064)",Unfall 157043 (2020) Kat:2, Licht: 1,157043,2,4,6,11,07,5,1,1,0,1,1,0,0,0
"POINT (8.364633100000049 49.019843047000052)",Unfall 157046 (2020) Kat:2, Licht: 0,157046,2,7,0,11,09,4,0,0,0,0,0,0,0,1
"POINT (8.436228638000046 49.039254104000065)",Unfall 157076 (2020) Kat:3, Licht: 0,157076,3,7,0,11,07,3,0,0,1,0,0,0,0,0
"POINT (8.342077433000043 49.031347240000059)",Unfall 157131 (2020) Kat:3, Licht: 0,157131,3,3,5,11,11,2,1,0,0,1,0,0,0,0
"POINT (8.394176805000029 49.008069263000039)",Unfall 157132 (2020) Kat:3, Licht: 0,157132,3,3,5,11,15,3,0,0,1,1,0,0,0,0
"POINT (8.368781984000066 49.065373722000061)",Unfall 157138 (2020) Kat:3, Licht: 2,157138,3,5,1,11,18,4,0,2,1,0,0,0,1,0
"POINT (8.395703376000029 48.994137205000072)",Unfall 157163 (2020) Kat:2, Licht: 0,157163,2,6,4,11,09,2,0,0,1,0,0,0,0,0
"POINT (8.365900070000066 49.011280637000027)",Unfall 157248 (2020) Kat:3, Licht: 2,157248,3,6,3,11,18,3,0,2,1,1,0,0,0,0
"POINT (8.384309522000024 48.990332721000073)",Unfall 157269 (2020) Kat:3, Licht: 2,157269,3,4,6,11,17,7,0,2,1,0,1,0,0,0
"POINT (8.398046438000051 49.005276599000069)",Unfall 157270 (2020) Kat:3, Licht: 0,157270,3,4,6,12,10,6,0,0,0,1,1,0,0,0
"POINT (8.423825115000057 49.007777623000038)",Unfall 157307 (2020) Kat:3, Licht: 0,157307,3,4,5,11,14,2,0,0,0,0,1,0,0,1
"POINT (8.385637188000032 49.010352487000034)",Unfall 157327 (2020) Kat:3, Licht: 0,157327,3,7,5,12,12,4,0,0,1,1,0,0,0,0
"POINT (8.447319845000038 49.036737204000076)",Unfall 157335 (2020) Kat:2, Licht: 0,157335,2,4,6,11,11,6,0,0,0,0,1,0,0,1
"POINT (8.448019773000056 49.005868870000029)",Unfall 157368 (2020) Kat:2, Licht: 0,157368,2,3,5,12,13,5,0,0,1,0,0,0,1,0
"POINT (8.408178729000042 49.010971363000067)",Unfall 157375 (2020) Kat:3, Licht: 2,157375,3,7,0,12,19,6,1,2,1,0,0,0,0,0
"POINT (8.389025545000038 49.002322279000055)",Unfall 157401 (2020) Kat:3, Licht: 0,157401,3,5,1,12,13,5,0,0,1,1,0,0,0,0
"POINT (8.398062470000070 49.005609909000043)",Unfall 157437 (2020) Kat:3, Licht: 2,157437,3,3,5,11,19,1,0,2,0,1,0,1,0,0
"POINT (8.339293744000031 48.992927505000068)",Unfall 157458 (2020) Kat:2, Licht: 0,157458,2,3,5,11,14,5,0,0,1,0,0,0,0,0
"POINT (8.374783889000071 49.024669517000063)",Unfall 157537 (2020) Kat:3, Licht: 0,157537,3,5,1,12,14,2,0,0,0,1,0,0,0,0
"POINT (8.338255705000051 49.031249605000028)",Unfall 157572 (2020) Kat:3, Licht: 0,157572,3,7,6,12,10,6,0,0,0,0,1,0,0,1
"POINT (8.408861085000069 48.999062000000038)",Unfall 157592 (2020) Kat:3, Licht: 0,157592,3,2,2,12,09,5,0,0,1,1,0,0,0,0
"POINT (8.360484868000071 49.014788612000075)",Unfall 157593 (2020) Kat:3, Licht: 2,157593,3,3,5,12,07,5,0,2,1,1,0,0,0,0
"POINT (8.502122702000065 49.004073982000079)",Unfall 157614 (2020) Kat:3, Licht: 2,157614,3,2,2,12,19,1,0,2,0,1,1,0,0,0
"POINT (8.393325140000059 49.010084490000054)",Unfall 157682 (2020) Kat:3, Licht: 0,157682,3,7,0,12,08,2,0,0,1,0,0,0,0,0
"POINT (8.408186728000032 49.011121348000074)",Unfall 157696 (2020) Kat:3, Licht: 0,157696,3,6,2,12,07,4,0,0,0,1,0,0,0,0
"POINT (8.355923110000049 49.021733457000039)",Unfall 157699 (2020) Kat:2, Licht: 0,157699,2,2,6,12,10,4,0,0,0,1,1,0,0,0
"POINT (8.456039923000049 49.028249925000068)",Unfall 157764 (2020) Kat:3, Licht: 2,157764,3,1,0,12,19,7,1,2,1,0,0,0,0,0
"POINT (8.379862295000066 49.010592062000057)",Unfall 157774 (2020) Kat:3, Licht: 2,157774,3,3,5,12,22,7,1,2,0,1,0,0,0,1
"POINT (8.444361569000023 49.005666622000035)",Unfall 157798 (2020) Kat:3, Licht: 1,157798,3,7,0,12,07,3,1,1,1,0,0,0,0,0
"POINT (8.340966302000027 49.030893591000051)",Unfall 157880 (2020) Kat:2, Licht: 0,157880,2,1,5,12,13,2,0,0,0,0,0,0,0,1
"POINT (8.490771964000032 49.007785440000077)",Unfall 157890 (2020) Kat:3, Licht: 0,157890,3,1,9,12,08,5,2,0,1,0,0,0,0,0
"POINT (8.476629838000065 49.000259327000038)",Unfall 157934 (2020) Kat:3, Licht: 2,157934,3,7,8,12,06,2,1,2,1,0,0,0,0,0
"POINT (8.371643231000064 49.007561080000073)",Unfall 157966 (2020) Kat:3, Licht: 0,157966,3,3,5,12,11,7,0,0,1,1,0,0,0,0
"POINT (8.498055700000066 49.004336614000067)",Unfall 157971 (2020) Kat:3, Licht: 2,157971,3,3,5,12,17,4,0,2,1,1,0,0,0,0
"POINT (8.392696371000056 48.996779419000063)",Unfall 157973 (2020) Kat:2, Licht: 0,157973,2,4,6,12,15,4,1,0,1,0,0,0,0,1
"POINT (8.404461847000050 48.995837369000071)",Unfall 157976 (2020) Kat:3, Licht: 1,157976,3,3,5,12,07,4,1,1,0,1,0,0,0,0
"POINT (8.365410199000053 49.011300603000052)",Unfall 157979 (2020) Kat:3, Licht: 0,157979,3,6,2,12,12,4,1,0,0,1,0,0,0,0
"POINT (8.351795784000046 49.001048606000040)",Unfall 157985 (2020) Kat:3, Licht: 0,157985,3,7,0,12,15,2,1,0,0,0,0,1,0,0
"POINT (8.443183268000041 49.037329010000064)",Unfall 157987 (2020) Kat:3, Licht: 0,157987,3,7,0,12,13,5,1,0,1,0,0,0,0,0
"POINT (8.375216922000050 49.015090480000026)",Unfall 158032 (2020) Kat:3, Licht: 2,158032,3,7,8,12,17,2,1,2,0,1,0,0,0,0
"POINT (8.436409247000029 48.991412909000076)",Unfall 71598 (2021) Kat:3, Licht: 0,71598,3,1,8,02,09,4,2,0,0,1,0,0,0,0
"POINT (8.386242555000024 48.991031236000026)",Unfall 71601 (2021) Kat:3, Licht: 2,71601,3,6,2,01,08,5,0,2,0,1,0,0,0,0
"POINT (8.499192968000045 48.974428403000047)",Unfall 71631 (2021) Kat:3, Licht: 1,71631,3,1,8,01,16,3,1,1,0,1,0,0,0,0
"POINT (8.453006518000052 49.043335479000064)",Unfall 71796 (2021) Kat:3, Licht: 0,71796,3,6,2,02,13,2,1,0,0,1,0,0,0,0
"POINT (8.387235611000051 49.005519281000034)",Unfall 71826 (2021) Kat:3, Licht: 0,71826,3,6,3,01,14,2,0,0,1,1,0,0,0,0
"POINT (8.441892979000045 49.004290837000042)",Unfall 71993 (2021) Kat:2, Licht: 0,71993,2,7,0,01,15,5,1,0,1,0,0,0,0,0
"POINT (8.423747273000060 49.003492811000058)",Unfall 72019 (2021) Kat:3, Licht: 2,72019,3,3,5,01,21,6,1,2,1,1,0,0,0,0
"POINT (8.397083910000049 49.021187775000044)",Unfall 72066 (2021) Kat:2, Licht: 2,72066,2,7,1,02,23,7,1,2,0,1,0,0,0,1
"POINT (8.430950040000027 49.048395983000034)",Unfall 72201 (2021) Kat:3, Licht: 2,72201,3,7,7,02,17,3,1,2,0,1,0,0,0,0
"POINT (8.400739239000075 48.989332442000034)",Unfall 72207 (2021) Kat:3, Licht: 0,72207,3,6,3,01,11,1,0,0,0,1,0,0,0,0
"POINT (8.353473127000029 49.008193692000077)",Unfall 72247 (2021) Kat:3, Licht: 2,72247,3,3,5,01,20,2,1,2,1,1,0,0,0,0
"POINT (8.354627228000027 49.010541651000040)",Unfall 72260 (2021) Kat:3, Licht: 0,72260,3,6,3,01,13,6,1,0,0,1,0,0,0,1
"POINT (8.424261921000038 49.002959208000050)",Unfall 72424 (2021) Kat:3, Licht: 0,72424,3,3,5,01,15,2,1,0,0,1,0,0,0,0
"POINT (8.436250101000041 49.015805115000035)",Unfall 72460 (2021) Kat:3, Licht: 0,72460,3,2,2,01,10,6,1,0,0,1,0,0,0,0
"POINT (8.442319917000020 49.004337192000037)",Unfall 72503 (2021) Kat:2, Licht: 0,72503,2,4,6,01,12,6,1,0,0,0,1,0,0,1
"POINT (8.453221376000045 49.002302416000077)",Unfall 72517 (2021) Kat:3, Licht: 0,72517,3,3,5,01,10,5,1,0,1,1,0,0,0,0
"POINT (8.384699361000060 49.005430556000078)",Unfall 72549 (2021) Kat:3, Licht: 0,72549,3,6,3,02,12,3,1,0,0,1,0,0,1,0
"POINT (8.403706729000021 48.992155224000044)",Unfall 72640 (2021) Kat:2, Licht: 2,72640,2,2,5,01,17,3,0,2,1,1,0,0,0,0
"POINT (8.434213808000038 49.003581871000051)",Unfall 72676 (2021) Kat:2, Licht: 2,72676,2,7,0,01,18,3,1,2,1,0,0,0,0,0
"POINT (8.408852555000067 48.960791804000053)",Unfall 72714 (2021) Kat:3, Licht: 0,72714,3,1,8,02,14,7,0,0,0,1,0,0,0,0
"POINT (8.478574613000035 49.020959062000031)",Unfall 72850 (2021) Kat:3, Licht: 0,72850,3,3,5,01,14,6,1,0,0,1,0,0,0,0
"POINT (8.436430761000054 48.987493720000032)",Unfall 72943 (2021) Kat:3, Licht: 2,72943,3,6,2,01,06,2,1,2,0,1,0,0,0,0
"POINT (8.350956694000047 49.035390855000060)",Unfall 72971 (2021) Kat:3, Licht: 0,72971,3,2,0,01,16,2,0,0,1,1,0,0,0,0
"POINT (8.348931887000049 49.004723443000046)",Unfall 73049 (2021) Kat:2, Licht: 0,73049,2,5,1,03,10,2,0,0,0,1,0,0,0,0
"POINT (8.396760794000045 49.023443849000046)",Unfall 73082 (2021) Kat:3, Licht: 0,73082,3,3,5,02,13,5,0,0,0,1,0,0,0,0
"POINT (8.404038690000050 48.981138946000044)",Unfall 73085 (2021) Kat:3, Licht: 0,73085,3,6,2,02,09,2,0,0,0,0,0,1,0,1
"POINT (8.461935392000044 48.982363959000054)",Unfall 73100 (2021) Kat:3, Licht: 0,73100,3,3,5,03,14,3,0,0,0,1,0,0,0,0
"POINT (8.362277287000040 49.039128891000075)",Unfall 73118 (2021) Kat:3, Licht: 0,73118,3,6,2,02,10,6,0,0,0,1,0,0,0,0
"POINT (8.424261921000038 49.002959208000050)",Unfall 73126 (2021) Kat:3, Licht: 2,73126,3,3,5,02,06,5,0,2,0,1,0,1,0,0
"POINT (8.348374276000072 49.004162914000062)",Unfall 73153 (2021) Kat:3, Licht: 0,73153,3,6,2,03,11,3,0,0,0,1,0,0,0,0
"POINT (8.393471969000075 48.994739222000078)",Unfall 73171 (2021) Kat:3, Licht: 0,73171,3,2,5,03,12,4,0,0,1,1,0,0,0,0
"POINT (8.488792202000070 49.006430937000061)",Unfall 73215 (2021) Kat:3, Licht: 0,73215,3,6,2,03,15,4,0,0,0,1,0,0,0,0
"POINT (8.497660630000041 48.947332036000034)",Unfall 73243 (2021) Kat:3, Licht: 2,73243,3,6,2,03,20,7,1,2,0,1,0,1,0,0
"POINT (8.374532054000042 49.060572596000043)",Unfall 73290 (2021) Kat:3, Licht: 1,73290,3,1,9,03,18,3,0,1,0,0,0,1,0,0
"POINT (8.447002648000023 49.022655811000050)",Unfall 73326 (2021) Kat:3, Licht: 2,73326,3,3,5,02,18,3,0,2,0,1,0,0,0,1
"POINT (8.469395047000035 49.019008723000070)",Unfall 73330 (2021) Kat:3, Licht: 0,73330,3,7,9,02,09,5,1,0,0,1,0,0,0,0
"POINT (8.386674459000062 49.004187862000038)",Unfall 73332 (2021) Kat:3, Licht: 0,73332,3,6,2,02,16,4,0,0,0,1,0,0,0,0
"POINT (8.364367856000058 49.005668782000043)",Unfall 73339 (2021) Kat:3, Licht: 0,73339,3,6,2,03,08,2,1,0,0,1,0,0,0,0
"POINT (8.470751969000048 49.025498871000082)",Unfall 73420 (2021) Kat:3, Licht: 0,73420,3,3,5,03,11,1,0,0,0,1,0,0,0,0
"POINT (8.369316946000026 49.000111601000071)",Unfall 73424 (2021) Kat:2, Licht: 0,73424,2,6,2,02,10,3,0,0,0,0,0,0,1,0
"POINT (8.440135044000044 49.006561420000025)",Unfall 73453 (2021) Kat:3, Licht: 0,73453,3,3,5,03,09,3,0,0,0,1,0,0,0,1
"POINT (8.387900270000046 49.014694357000053)",Unfall 73481 (2021) Kat:3, Licht: 2,73481,3,2,5,02,19,1,0,2,0,1,0,0,0,0
"POINT (8.354890520000026 49.010317950000058)",Unfall 73525 (2021) Kat:2, Licht: 0,73525,2,7,8,03,16,2,0,0,0,1,0,0,0,0
"POINT (8.352748628000029 49.013653985000076)",Unfall 73603 (2021) Kat:3, Licht: 0,73603,3,3,5,02,09,3,1,0,0,1,0,0,0,0
"POINT (8.447459769000034 49.003252680000060)",Unfall 73654 (2021) Kat:3, Licht: 0,73654,3,2,2,03,15,6,0,0,0,1,0,0,0,1
"POINT (8.352736204000053 49.013908698000080)",Unfall 73656 (2021) Kat:3, Licht: 0,73656,3,6,2,03,11,4,1,0,0,1,0,0,0,0
"POINT (8.447781976000044 49.023768287000053)",Unfall 73721 (2021) Kat:3, Licht: 0,73721,3,6,2,02,12,7,0,0,0,1,0,1,0,0
"POINT (8.438373523000053 49.011756182000056)",Unfall 73797 (2021) Kat:3, Licht: 1,73797,3,6,4,02,18,5,0,1,1,0,0,0,0,0
"POINT (8.354317189000028 49.010641493000037)",Unfall 73870 (2021) Kat:3, Licht: 0,73870,3,6,3,02,15,4,0,0,0,1,0,0,0,0
"POINT (8.394343937000031 49.002115326000080)",Unfall 73917 (2021) Kat:3, Licht: 0,73917,3,6,6,03,09,4,0,0,1,0,1,0,0,0
"POINT (8.435780669000053 48.989916243000039)",Unfall 73951 (2021) Kat:3, Licht: 0,73951,3,6,2,02,10,5,0,0,0,1,0,0,1,0
"POINT (8.468383439000036 48.963865246000069)",Unfall 74018 (2021) Kat:3, Licht: 0,74018,3,6,2,02,17,3,0,0,0,1,0,0,1,0
"POINT (8.484813553000038 48.992903005000073)",Unfall 74039 (2021) Kat:3, Licht: 0,74039,3,6,2,02,08,5,0,0,0,1,0,0,0,0
"POINT (8.442035365000038 48.997631965000039)",Unfall 74130 (2021) Kat:3, Licht: 2,74130,3,6,2,02,19,3,0,2,0,1,0,0,0,0
"POINT (8.440385924000054 49.006695095000055)",Unfall 74151 (2021) Kat:3, Licht: 0,74151,3,7,8,03,17,1,0,0,0,1,0,0,0,0