WKT,Name,OBJECTID,UKATEGORIE,UTYP1,UART,UMONAT,USTUNDE,UWOCHENTAG,STRZUSTAND,ULICHTVERH,ISTRAD,ISTPKW,ISTFUSS,ISTKRAD,ISTGKFZ,ISTSONSTIG
"POINT (8.379767473000072 49.005616900000064)",Unfall 74237 (2021) Kat:2, Licht: 1,74237,2,2,5,03,18,7,1,1,1,1,0,0,0,0
"POINT (8.492224411000052 48.946599860000049)",Unfall 74255 (2021) Kat:2, Licht: 0,74255,2,1,9,03,06,2,1,0,0,1,0,0,0,0
"POINT (8.391557831000057 49.005406488000062)",Unfall 74370 (2021) Kat:3, Licht: 0,74370,3,6,2,05,15,5,1,0,0,1,0,0,0,0
"POINT (8.387423245000036 49.010262014000034)",Unfall 74705 (2021) Kat:3, Licht: 2,74705,3,6,2,03,22,4,0,2,0,1,0,1,0,1
"POINT (8.479058715000065 48.999698721000073)",Unfall 74715 (2021) Kat:3, Licht: 0,74715,3,7,0,03,16,4,0,0,1,0,0,0,0,0
"POINT (8.387899727000047 49.014674748000061)",Unfall 74762 (2021) Kat:3, Licht: 0,74762,3,2,5,04,18,2,0,0,0,1,0,0,0,0
"POINT (8.431478864000042 49.002396699000030)",Unfall 74838 (2021) Kat:3, Licht: 2,74838,3,6,9,04,20,7,0,2,0,1,0,0,0,0
"POINT (8.433270223000022 49.003144499000030)",Unfall 74867 (2021) Kat:3, Licht: 0,74867,3,6,4,05,13,3,0,0,1,0,0,0,0,0
"POINT (8.438714209000068 49.016987227000072)",Unfall 74896 (2021) Kat:2, Licht: 0,74896,2,4,6,04,13,5,0,0,0,0,1,0,0,1
"POINT (8.500746079000066 48.943770426000071)",Unfall 74925 (2021) Kat:3, Licht: 0,74925,3,6,2,04,15,5,0,0,0,1,0,0,0,0
"POINT (8.356855107000058 49.024155119000056)",Unfall 74965 (2021) Kat:3, Licht: 0,74965,3,6,2,03,11,7,0,0,0,1,0,0,0,0
"POINT (8.413719449000041 49.060933067000065)",Unfall 75056 (2021) Kat:3, Licht: 2,75056,3,7,8,04,21,6,0,2,0,1,0,0,0,0
"POINT (8.356330313000058 49.022253977000048)",Unfall 75061 (2021) Kat:3, Licht: 0,75061,3,6,2,03,12,5,0,0,0,1,0,0,0,0
"POINT (8.471687640000027 49.020585677000042)",Unfall 75190 (2021) Kat:3, Licht: 0,75190,3,6,2,04,08,6,0,0,0,1,0,0,0,1
"POINT (8.440048853000064 49.006642822000060)",Unfall 75265 (2021) Kat:3, Licht: 0,75265,3,6,2,04,08,3,0,0,0,1,0,0,0,0
"POINT (8.461342448000039 48.967724868000062)",Unfall 75354 (2021) Kat:3, Licht: 1,75354,3,7,8,04,19,5,0,1,0,0,0,1,0,0
"POINT (8.541290429000071 48.960021518000076)",Unfall 75443 (2021) Kat:3, Licht: 0,75443,3,7,2,03,14,2,0,0,0,1,0,0,0,0
"POINT (8.387515681000025 49.011106098000027)",Unfall 75563 (2021) Kat:3, Licht: 0,75563,3,1,0,04,09,5,0,0,0,0,0,0,0,1
"POINT (8.387064988000077 49.006647222000026)",Unfall 75576 (2021) Kat:3, Licht: 0,75576,3,2,5,04,11,7,0,0,1,0,0,1,0,0
"POINT (8.355260274000045 49.019274564000057)",Unfall 75603 (2021) Kat:3, Licht: 0,75603,3,3,5,04,13,7,0,0,1,1,0,0,0,0
"POINT (8.387899952000055 49.014682875000062)",Unfall 75630 (2021) Kat:3, Licht: 0,75630,3,2,5,05,13,4,0,0,0,1,0,0,0,0
"POINT (8.404898668000044 48.966073676000065)",Unfall 75645 (2021) Kat:3, Licht: 0,75645,3,6,2,04,15,5,0,0,0,1,0,0,0,0
"POINT (8.387557348000030 48.957908669000062)",Unfall 75795 (2021) Kat:2, Licht: 0,75795,2,6,2,04,14,5,0,0,0,0,0,0,1,0
"POINT (8.445158002000028 49.020985781000036)",Unfall 75827 (2021) Kat:3, Licht: 0,75827,3,3,5,04,11,6,0,0,1,1,0,0,0,0
"POINT (8.454298982000068 48.971541357000035)",Unfall 75835 (2021) Kat:3, Licht: 0,75835,3,6,2,03,16,4,0,0,0,1,0,0,0,0
"POINT (8.459451884000032 48.970309271000076)",Unfall 75840 (2021) Kat:3, Licht: 0,75840,3,6,3,04,11,6,0,0,0,1,0,0,0,0
"POINT (8.353119234000076 49.013556871000048)",Unfall 75871 (2021) Kat:3, Licht: 0,75871,3,6,2,03,08,6,0,0,0,1,0,0,0,0
"POINT (8.387895519000040 49.014613271000030)",Unfall 76011 (2021) Kat:3, Licht: 0,76011,3,2,5,04,11,2,0,0,1,1,0,0,0,0
"POINT (8.361603033000051 49.036994474000039)",Unfall 76022 (2021) Kat:2, Licht: 0,76022,2,6,2,03,15,1,0,0,0,1,0,0,0,0
"POINT (8.503022114000032 49.004918434000047)",Unfall 76047 (2021) Kat:3, Licht: 0,76047,3,6,4,04,11,6,0,0,0,1,0,0,0,0
"POINT (8.344841865000035 49.030829415000028)",Unfall 76048 (2021) Kat:3, Licht: 0,76048,3,7,0,04,10,5,0,0,0,0,0,1,0,0
"POINT (8.453047125000069 49.002467863000049)",Unfall 76081 (2021) Kat:3, Licht: 0,76081,3,3,5,06,08,2,0,0,1,1,0,0,0,0
"POINT (8.482428723000055 49.001938077000034)",Unfall 76185 (2021) Kat:3, Licht: 0,76185,3,6,2,06,14,5,0,0,0,1,0,0,0,0
"POINT (8.405605709000042 48.961962302000074)",Unfall 76236 (2021) Kat:3, Licht: 0,76236,3,6,2,06,12,3,0,0,0,1,0,1,0,0
"POINT (8.356118692000052 49.021675675000040)",Unfall 76252 (2021) Kat:3, Licht: 0,76252,3,6,2,06,16,3,0,0,0,1,0,0,0,0
"POINT (8.453213165000022 48.971743535000030)",Unfall 76316 (2021) Kat:3, Licht: 0,76316,3,6,2,06,15,3,0,0,0,1,0,0,0,0
"POINT (8.495104185000059 49.005131489000064)",Unfall 76345 (2021) Kat:3, Licht: 0,76345,3,7,5,06,14,2,0,0,0,1,0,0,0,1
"POINT (8.371622270000046 48.990939514000047)",Unfall 76351 (2021) Kat:3, Licht: 0,76351,3,2,5,05,14,6,0,0,1,1,0,0,0,0
"POINT (8.403322781000043 49.067355638000038)",Unfall 76394 (2021) Kat:3, Licht: 0,76394,3,6,2,05,15,3,0,0,0,1,0,0,0,0
"POINT (8.439221658000065 49.010894563000079)",Unfall 76488 (2021) Kat:3, Licht: 0,76488,3,3,5,06,14,4,0,0,1,1,0,0,0,0
"POINT (8.426870197000028 49.000243102000070)",Unfall 76540 (2021) Kat:3, Licht: 1,76540,3,2,5,06,20,1,1,1,1,1,0,0,0,0
"POINT (8.452718252000068 48.971613065000042)",Unfall 76609 (2021) Kat:3, Licht: 0,76609,3,6,2,06,08,4,1,0,0,1,0,0,0,0
"POINT (8.403552371000046 48.988213063000046)",Unfall 76618 (2021) Kat:3, Licht: 0,76618,3,3,5,06,18,3,1,0,1,1,0,0,0,0
"POINT (8.445193345000064 48.987606491000065)",Unfall 76717 (2021) Kat:2, Licht: 0,76717,2,2,5,06,18,7,0,0,0,1,0,0,0,0
"POINT (8.439897794000046 49.006434576000061)",Unfall 76733 (2021) Kat:3, Licht: 2,76733,3,6,1,06,22,1,0,2,0,1,0,0,0,0
"POINT (8.345071900000050 49.001518188000034)",Unfall 76748 (2021) Kat:3, Licht: 0,76748,3,3,5,05,14,3,0,0,0,1,0,0,1,0
"POINT (8.396497210000064 49.023384321000037)",Unfall 76761 (2021) Kat:3, Licht: 0,76761,3,2,5,06,10,6,0,0,1,1,0,0,0,0
"POINT (8.387505607000037 49.011040610000066)",Unfall 76793 (2021) Kat:3, Licht: 0,76793,3,6,2,05,16,2,0,0,0,1,0,0,0,0
"POINT (8.470090809000055 49.019650503000037)",Unfall 76893 (2021) Kat:2, Licht: 0,76893,2,6,1,05,06,6,0,0,0,1,0,0,1,0
"POINT (8.357318616000043 49.011398090000057)",Unfall 77140 (2021) Kat:3, Licht: 0,77140,3,6,6,06,08,2,0,0,0,0,1,0,0,1
"POINT (8.458961619000036 49.030810684000073)",Unfall 77159 (2021) Kat:3, Licht: 0,77159,3,3,5,05,15,2,0,0,1,1,0,0,0,0
"POINT (8.396769743000050 49.023326311000062)",Unfall 77207 (2021) Kat:3, Licht: 0,77207,3,2,3,05,12,6,0,0,1,1,0,0,0,0
"POINT (8.382667445000038 49.037374964000037)",Unfall 77235 (2021) Kat:3, Licht: 0,77235,3,3,5,06,14,7,0,0,0,1,0,0,0,0
"POINT (8.355115486000045 49.019280707000064)",Unfall 77270 (2021) Kat:3, Licht: 0,77270,3,3,5,06,17,6,0,0,0,1,0,1,0,0
"POINT (8.373221549000050 48.981310502000042)",Unfall 77457 (2021) Kat:3, Licht: 0,77457,3,6,2,05,15,4,0,0,0,1,0,0,0,0
"POINT (8.432839008000030 49.047571445000074)",Unfall 77464 (2021) Kat:2, Licht: 0,77464,2,3,5,06,18,3,0,0,1,1,0,0,0,0
"POINT (8.476259552000045 48.970615462000069)",Unfall 77501 (2021) Kat:3, Licht: 0,77501,3,6,2,06,15,7,0,0,0,1,0,0,0,0
"POINT (8.441674557000056 49.004456941000058)",Unfall 77544 (2021) Kat:3, Licht: 0,77544,3,7,0,06,14,3,0,0,0,0,1,0,0,1
"POINT (8.362265141000023 49.039100930000075)",Unfall 77556 (2021) Kat:3, Licht: 0,77556,3,6,2,05,07,6,0,0,0,1,0,0,0,1
"POINT (8.322219460000042 49.037101001000053)",Unfall 77697 (2021) Kat:2, Licht: 0,77697,2,3,5,06,06,3,0,0,1,1,0,0,0,0
"POINT (8.323826430000054 49.036783939000031)",Unfall 77732 (2021) Kat:3, Licht: 0,77732,3,6,1,06,08,2,0,0,0,1,0,0,0,0
"POINT (8.365923541000029 49.046942793000028)",Unfall 77831 (2021) Kat:3, Licht: 0,77831,3,6,2,06,18,3,0,0,0,1,0,0,0,0
"POINT (8.387038790000076 49.006436908000069)",Unfall 77861 (2021) Kat:3, Licht: 0,77861,3,2,2,05,13,2,1,0,0,1,0,0,0,0
"POINT (8.447755440000037 49.023709155000063)",Unfall 77903 (2021) Kat:3, Licht: 0,77903,3,6,2,06,17,7,0,0,0,1,0,1,0,0
"POINT (8.366131112000062 49.047600466000063)",Unfall 77914 (2021) Kat:3, Licht: 0,77914,3,6,3,06,18,3,0,0,0,1,0,0,0,0
"POINT (8.485934651000036 49.007073404000039)",Unfall 77946 (2021) Kat:3, Licht: 0,77946,3,3,5,05,16,1,0,0,0,1,0,1,0,0
"POINT (8.430898402000025 48.993080598000063)",Unfall 78005 (2021) Kat:2, Licht: 0,78005,2,6,2,05,16,6,0,0,0,1,0,0,0,0
"POINT (8.426724091000040 49.000638846000072)",Unfall 78059 (2021) Kat:3, Licht: 0,78059,3,2,2,05,12,1,0,0,0,1,0,0,0,0
"POINT (8.462192335000054 48.982711020000067)",Unfall 78180 (2021) Kat:3, Licht: 0,78180,3,7,0,06,12,1,0,0,1,0,0,0,0,0
"POINT (8.453368536000028 48.971585860000062)",Unfall 78181 (2021) Kat:3, Licht: 0,78181,3,6,2,05,17,6,0,0,0,1,0,0,0,0
"POINT (8.349319873000070 48.999696981000056)",Unfall 78216 (2021) Kat:3, Licht: 0,78216,3,6,2,06,16,1,0,0,0,1,0,0,0,0
"POINT (8.497675664000042 48.944846357000074)",Unfall 78281 (2021) Kat:2, Licht: 0,78281,2,6,2,06,05,4,0,0,0,0,0,1,1,0
"POINT (8.345001421000063 49.001441379000028)",Unfall 78287 (2021) Kat:3, Licht: 0,78287,3,4,6,06,14,4,0,0,0,0,1,0,0,1
"POINT (8.344546540000067 49.001097506000065)",Unfall 78306 (2021) Kat:3, Licht: 0,78306,3,6,2,05,12,3,0,0,0,1,0,0,0,0
"POINT (8.358785187000024 49.010241127000029)",Unfall 78537 (2021) Kat:3, Licht: 0,78537,3,2,0,05,13,6,0,0,0,1,0,0,0,1
"POINT (8.492138514000033 49.047003140000072)",Unfall 78539 (2021) Kat:3, Licht: 0,78539,3,6,2,06,07,6,0,0,0,1,0,0,1,0
"POINT (8.375895113000070 49.042616082000052)",Unfall 78595 (2021) Kat:3, Licht: 0,78595,3,2,0,07,09,7,0,0,1,0,0,0,0,1
"POINT (8.391599633000055 49.052678579000030)",Unfall 78674 (2021) Kat:3, Licht: 0,78674,3,6,2,07,19,1,0,0,0,1,0,0,0,0
"POINT (8.470685173000049 49.025524982000036)",Unfall 78717 (2021) Kat:3, Licht: 0,78717,3,2,5,07,16,2,0,0,1,1,0,0,0,0
"POINT (8.354240722000043 49.017675408000059)",Unfall 78800 (2021) Kat:3, Licht: 0,78800,3,6,2,06,09,3,0,0,0,1,0,0,0,0
"POINT (8.424351527000056 49.002956111000060)",Unfall 78839 (2021) Kat:3, Licht: 0,78839,3,6,3,07,14,3,1,0,0,1,0,0,0,0
"POINT (8.362938326000062 49.006551392000063)",Unfall 78858 (2021) Kat:3, Licht: 0,78858,3,6,2,07,07,2,1,0,0,1,0,0,0,0
"POINT (8.436673682000048 48.984826292000037)",Unfall 78908 (2021) Kat:3, Licht: 0,78908,3,6,2,06,12,4,1,0,0,1,0,0,0,1
"POINT (8.415267372000073 48.993732183000077)",Unfall 78936 (2021) Kat:3, Licht: 0,78936,3,6,2,06,09,4,1,0,0,1,0,0,0,0
"POINT (8.340974869000036 49.030885025000032)",Unfall 79194 (2021) Kat:1, Licht: 0,79194,1,3,5,07,08,3,1,0,0,0,1,0,0,1
"POINT (8.477173151000045 48.997743885000034)",Unfall 79218 (2021) Kat:3, Licht: 0,79218,3,2,5,07,20,3,0,0,0,1,0,0,0,0
"POINT (8.491444512000044 48.947578556000053)",Unfall 79287 (2021) Kat:3, Licht: 0,79287,3,7,8,07,12,2,0,0,0,0,0,0,1,0
"POINT (8.371396327000070 48.998280952000073)",Unfall 79320 (2021) Kat:3, Licht: 0,79320,3,6,2,07,10,2,0,0,0,1,0,0,0,0
"POINT (8.356893559000071 49.023793125000054)",Unfall 79380 (2021) Kat:3, Licht: 0,79380,3,6,2,07,16,2,0,0,0,1,0,0,1,1
"POINT (8.459263970000052 49.009221749000062)",Unfall 79400 (2021) Kat:3, Licht: 0,79400,3,6,2,07,13,6,1,0,0,1,0,0,0,0
"POINT (8.412789026000041 48.962348571000064)",Unfall 79415 (2021) Kat:3, Licht: 0,79415,3,6,2,06,08,4,0,0,0,1,0,0,0,0
"POINT (8.398236779000058 49.014291368000045)",Unfall 79424 (2021) Kat:3, Licht: 0,79424,3,2,5,07,18,3,0,0,1,1,0,0,0,0
"POINT (8.437178142000050 49.005107716000055)",Unfall 79472 (2021) Kat:3, Licht: 0,79472,3,2,5,06,09,4,1,0,1,1,0,0,0,0
"POINT (8.445147372000065 48.987577413000054)",Unfall 79515 (2021) Kat:2, Licht: 0,79515,2,2,5,07,10,6,0,0,0,1,0,0,0,0
"POINT (8.354220095000073 49.011011073000077)",Unfall 79546 (2021) Kat:3, Licht: 0,79546,3,7,9,07,07,3,0,0,0,1,0,0,0,0
"POINT (8.445158002000028 49.020985781000036)",Unfall 79570 (2021) Kat:2, Licht: 0,79570,2,3,5,06,13,4,0,0,1,1,0,0,0,0
"POINT (8.360599254000022 49.008151101000067)",Unfall 79624 (2021) Kat:3, Licht: 0,79624,3,6,3,07,18,4,0,0,0,1,0,0,1,0
"POINT (8.442129856000065 49.008177212000078)",Unfall 79662 (2021) Kat:3, Licht: 0,79662,3,6,2,07,08,3,0,0,0,1,0,0,0,0
"POINT (8.500784874000033 48.943757418000075)",Unfall 79670 (2021) Kat:2, Licht: 0,79670,2,1,8,07,07,2,0,0,0,1,0,0,0,0
"POINT (8.348001572000044 49.019092588000035)",Unfall 79792 (2021) Kat:3, Licht: 0,79792,3,6,2,07,14,6,0,0,0,1,0,0,0,0
"POINT (8.471407147000036 48.975641640000049)",Unfall 79844 (2021) Kat:1, Licht: 2,79844,1,6,4,08,23,1,1,2,0,1,0,0,0,1
"POINT (8.424225661000037 49.002963921000060)",Unfall 79847 (2021) Kat:3, Licht: 1,79847,3,3,5,08,21,4,0,1,0,1,0,0,0,0
"POINT (8.351962241000024 49.019078900000068)",Unfall 79883 (2021) Kat:2, Licht: 0,79883,2,7,5,07,18,3,0,0,1,0,0,0,0,1
"POINT (8.367453039000054 49.002363145000061)",Unfall 79915 (2021) Kat:3, Licht: 0,79915,3,6,2,08,10,5,0,0,0,1,0,0,1,0
"POINT (8.480759224000053 49.000799674000064)",Unfall 79930 (2021) Kat:3, Licht: 0,79930,3,7,6,07,07,5,0,0,1,0,1,0,0,0
"POINT (8.438998882000021 48.990391369000065)",Unfall 79934 (2021) Kat:3, Licht: 0,79934,3,1,8,08,06,1,1,0,0,1,0,0,0,0
"POINT (8.487264253000035 49.005664247000027)",Unfall 79954 (2021) Kat:2, Licht: 0,79954,2,7,0,08,16,2,0,0,0,1,0,0,0,0
"POINT (8.452393558000040 49.043141160000062)",Unfall 79973 (2021) Kat:2, Licht: 0,79973,2,1,8,08,18,2,1,0,0,1,0,0,0,0
"POINT (8.344811199000048 49.030842357000040)",Unfall 80053 (2021) Kat:2, Licht: 0,80053,2,3,5,07,15,4,1,0,1,1,0,0,0,0
"POINT (8.453275715000075 49.002293663000046)",Unfall 80079 (2021) Kat:3, Licht: 0,80079,3,3,5,07,16,5,0,0,1,1,0,0,0,0
"POINT (8.395496145000038 49.030383674000063)",Unfall 80123 (2021) Kat:3, Licht: 0,80123,3,6,2,07,17,5,0,0,0,1,0,0,0,0
"POINT (8.437094610000031 49.014092121000033)",Unfall 80137 (2021) Kat:3, Licht: 1,80137,3,7,0,08,19,3,1,1,1,0,0,0,0,1
"POINT (8.362276536000024 49.039127161000067)",Unfall 80193 (2021) Kat:3, Licht: 0,80193,3,6,2,07,13,5,0,0,0,1,0,0,1,0
"POINT (8.350325607000059 49.014737220000029)",Unfall 80234 (2021) Kat:3, Licht: 0,80234,3,6,2,08,16,4,0,0,0,1,0,0,0,0
"POINT (8.350120957000058 49.005436911000061)",Unfall 80286 (2021) Kat:3, Licht: 0,80286,3,6,2,07,13,6,0,0,0,1,0,0,0,0
"POINT (8.354628831000070 49.017936951000081)",Unfall 80288 (2021) Kat:3, Licht: 2,80288,3,1,8,08,00,6,0,2,0,1,0,0,0,0
"POINT (8.454558346000056 49.002217351000070)",Unfall 80353 (2021) Kat:3, Licht: 0,80353,3,3,5,08,17,2,0,0,1,1,0,0,0,0
"POINT (8.434584127000051 48.971497688000056)",Unfall 80362 (2021) Kat:3, Licht: 0,80362,3,1,8,08,09,4,0,0,0,1,0,0,0,0
"POINT (8.437560804000043 49.005225692000067)",Unfall 80395 (2021) Kat:3, Licht: 0,80395,3,3,5,08,12,1,1,0,0,1,0,0,0,0
"POINT (8.420013678000032 49.004108589000055)",Unfall 80440 (2021) Kat:3, Licht: 0,80440,3,6,2,08,18,2,0,0,0,1,0,0,0,0
"POINT (8.397097249000069 49.021104167000033)",Unfall 80457 (2021) Kat:3, Licht: 0,80457,3,6,2,08,15,4,0,0,0,1,0,0,0,0
"POINT (8.363097825000068 49.006452983000031)",Unfall 80477 (2021) Kat:3, Licht: 0,80477,3,6,2,07,16,6,0,0,0,1,0,0,0,0
"POINT (8.415739819000066 49.005299894000075)",Unfall 80540 (2021) Kat:3, Licht: 0,80540,3,3,5,08,15,6,0,0,1,1,0,0,0,0
"POINT (8.458080683000048 48.970913739000082)",Unfall 80596 (2021) Kat:3, Licht: 0,80596,3,1,9,08,16,3,0,0,0,1,0,0,0,0
"POINT (8.460596743000053 49.010405120000030)",Unfall 80721 (2021) Kat:3, Licht: 0,80721,3,6,2,08,11,4,0,0,0,1,0,0,0,0
"POINT (8.454667521000033 48.971521937000034)",Unfall 80872 (2021) Kat:3, Licht: 0,80872,3,6,2,08,15,2,0,0,0,1,0,0,0,1
"POINT (8.452769112000055 48.971610745000078)",Unfall 80879 (2021) Kat:3, Licht: 0,80879,3,6,3,08,09,3,0,0,0,1,0,0,1,0
"POINT (8.397992709000050 49.016148264000037)",Unfall 80997 (2021) Kat:3, Licht: 0,80997,3,3,5,08,17,5,0,0,0,1,0,1,0,0
"POINT (8.468327679000026 49.015298688000030)",Unfall 81050 (2021) Kat:3, Licht: 0,81050,3,6,2,07,09,3,0,0,0,1,0,0,0,0
"POINT (8.394069141000045 49.000746131000028)",Unfall 81108 (2021) Kat:3, Licht: 0,81108,3,2,5,07,15,4,1,0,1,1,0,0,0,0
"POINT (8.479630963000034 49.029014415000063)",Unfall 81110 (2021) Kat:3, Licht: 0,81110,3,6,2,08,15,1,1,0,0,1,0,0,0,0
"POINT (8.359997748000069 49.031339486000036)",Unfall 81130 (2021) Kat:3, Licht: 0,81130,3,6,2,08,11,5,0,0,0,1,0,0,0,0
"POINT (8.396533585000043 49.023442052000064)",Unfall 81164 (2021) Kat:3, Licht: 0,81164,3,2,2,08,18,1,1,0,0,1,0,0,0,1
"POINT (8.477454175000048 49.013191430000063)",Unfall 81219 (2021) Kat:3, Licht: 2,81219,3,2,5,07,22,2,0,2,0,1,0,0,0,0
"POINT (8.380941189000055 48.992150082000080)",Unfall 81243 (2021) Kat:3, Licht: 1,81243,3,7,0,08,20,7,0,1,0,1,0,1,0,0
"POINT (8.444675543000074 48.972178450000058)",Unfall 81356 (2021) Kat:3, Licht: 0,81356,3,6,2,08,16,1,1,0,0,1,0,0,0,0
"POINT (8.489752651000060 49.043833305000078)",Unfall 81443 (2021) Kat:3, Licht: 0,81443,3,6,2,07,07,5,0,0,0,1,0,0,0,0
"POINT (8.426623279000069 49.000850272000037)",Unfall 81512 (2021) Kat:3, Licht: 0,81512,3,3,5,07,07,3,0,0,1,1,0,0,0,0
"POINT (8.387331184000061 49.009038024000063)",Unfall 81533 (2021) Kat:3, Licht: 0,81533,3,6,2,08,09,4,0,0,0,1,0,0,0,0
"POINT (8.370197872000062 48.999335607000035)",Unfall 81547 (2021) Kat:2, Licht: 0,81547,2,6,2,08,11,7,0,0,0,1,0,1,0,0
"POINT (8.481814672000041 48.956079316000057)",Unfall 81554 (2021) Kat:2, Licht: 0,81554,2,6,2,08,08,2,0,0,0,1,0,0,1,0
"POINT (8.445148856000060 48.987578304000067)",Unfall 81557 (2021) Kat:3, Licht: 0,81557,3,2,5,07,09,5,0,0,0,1,0,0,0,0
"POINT (8.394917208000038 49.033099942000035)",Unfall 81604 (2021) Kat:3, Licht: 0,81604,3,6,2,08,15,2,1,0,0,1,0,0,0,0
"POINT (8.436057664000032 49.015601561000040)",Unfall 81607 (2021) Kat:3, Licht: 0,81607,3,3,5,08,16,4,0,0,0,1,0,0,0,0
"POINT (8.398486780000042 49.013169998000080)",Unfall 81609 (2021) Kat:2, Licht: 0,81609,2,4,6,08,11,6,0,0,1,0,1,0,0,0
"POINT (8.492431004000025 48.943975834000071)",Unfall 81647 (2021) Kat:3, Licht: 0,81647,3,6,2,07,16,5,0,0,0,1,0,0,0,0
"POINT (8.436372072000040 48.990081206000070)",Unfall 81671 (2021) Kat:3, Licht: 0,81671,3,6,2,08,12,6,0,0,0,1,0,0,0,0
"POINT (8.387506682000037 49.011047599000051)",Unfall 81824 (2021) Kat:3, Licht: 0,81824,3,2,5,10,13,6,0,0,1,1,0,0,0,0
"POINT (8.395543476000057 49.030108160000054)",Unfall 81921 (2021) Kat:2, Licht: 0,81921,2,2,5,09,10,2,0,0,1,1,0,0,0,0
"POINT (8.403970440000023 48.990547274000050)",Unfall 82048 (2021) Kat:3, Licht: 2,82048,3,7,8,09,03,1,0,2,0,1,0,0,0,0
"POINT (8.393268396000053 48.989189157000055)",Unfall 82132 (2021) Kat:3, Licht: 0,82132,3,7,0,09,16,5,0,0,0,1,1,0,0,0
"POINT (8.387899636000043 49.014671474000068)",Unfall 82185 (2021) Kat:3, Licht: 0,82185,3,2,5,10,16,1,1,0,0,1,0,0,0,0
"POINT (8.463474413000029 49.012856078000027)",Unfall 82204 (2021) Kat:3, Licht: 0,82204,3,6,2,10,12,4,0,0,0,1,0,0,0,0
"POINT (8.434555472000056 49.003744046000065)",Unfall 82222 (2021) Kat:3, Licht: 0,82222,3,6,2,09,19,4,0,0,0,1,0,0,0,0
"POINT (8.399087001000055 49.012147302000074)",Unfall 82256 (2021) Kat:3, Licht: 2,82256,3,2,5,09,00,1,0,2,0,1,0,0,0,0
"POINT (8.405627026000047 48.961774939000065)",Unfall 82263 (2021) Kat:3, Licht: 0,82263,3,3,5,09,16,6,0,0,0,1,0,0,0,0
"POINT (8.354779921000045 49.014502104000030)",Unfall 82320 (2021) Kat:3, Licht: 2,82320,3,3,5,10,20,4,0,2,0,1,0,0,0,0
"POINT (8.415631389000055 49.005324985000073)",Unfall 82440 (2021) Kat:3, Licht: 2,82440,3,2,2,09,19,2,0,2,0,1,0,0,0,0
"POINT (8.436606840000024 48.982672518000072)",Unfall 82453 (2021) Kat:3, Licht: 0,82453,3,6,3,09,10,5,0,0,0,1,0,0,1,0
"POINT (8.387172318000069 49.007620575000033)",Unfall 82462 (2021) Kat:3, Licht: 2,82462,3,3,5,10,06,7,0,2,0,1,0,0,0,0
"POINT (8.365885941000045 49.004387409000060)",Unfall 82465 (2021) Kat:3, Licht: 2,82465,3,6,2,09,21,6,0,2,0,1,0,0,0,0
"POINT (8.403780628000050 48.984852041000067)",Unfall 82487 (2021) Kat:3, Licht: 0,82487,3,4,0,09,10,1,0,0,1,0,1,0,0,0
"POINT (8.365409446000058 49.004872464000073)",Unfall 82502 (2021) Kat:3, Licht: 0,82502,3,3,5,09,15,4,0,0,0,1,0,0,0,1
"POINT (8.452717020000023 48.971613121000075)",Unfall 82551 (2021) Kat:3, Licht: 1,82551,3,6,2,09,07,5,1,1,0,1,0,0,0,0
"POINT (8.452712604000055 48.971613322000053)",Unfall 82575 (2021) Kat:3, Licht: 0,82575,3,6,3,09,16,4,0,0,0,1,0,0,0,0
"POINT (8.454189503000066 49.005440406000048)",Unfall 82626 (2021) Kat:3, Licht: 0,82626,3,6,2,10,14,6,0,0,0,1,0,0,1,0
"POINT (8.494089869000049 49.015695035000078)",Unfall 82663 (2021) Kat:2, Licht: 0,82663,2,2,5,09,12,1,0,0,0,1,0,0,0,0
"POINT (8.427290157000073 49.000107194000066)",Unfall 82822 (2021) Kat:3, Licht: 0,82822,3,2,0,10,13,6,0,0,1,0,0,0,0,1
"POINT (8.395255812000073 49.031787296000061)",Unfall 82864 (2021) Kat:3, Licht: 0,82864,3,6,1,09,16,3,0,0,0,1,0,0,0,0
"POINT (8.394307395000055 49.001722336000057)",Unfall 82912 (2021) Kat:3, Licht: 0,82912,3,7,0,10,18,1,0,0,0,1,0,0,0,0
"POINT (8.447130532000074 48.986429870000052)",Unfall 82967 (2021) Kat:3, Licht: 2,82967,3,3,5,10,19,3,1,2,0,1,0,0,1,0
"POINT (8.467517654000062 49.016723004000028)",Unfall 83017 (2021) Kat:3, Licht: 0,83017,3,6,2,09,14,6,0,0,0,1,0,0,0,0
"POINT (8.455161190000069 49.002114006000056)",Unfall 83070 (2021) Kat:3, Licht: 2,83070,3,7,6,09,22,3,0,2,0,0,1,0,0,1
"POINT (8.436937639000064 48.978607038000064)",Unfall 83117 (2021) Kat:3, Licht: 0,83117,3,6,3,09,13,1,0,0,0,1,0,0,0,0
"POINT (8.394957752000039 49.033471385000041)",Unfall 83127 (2021) Kat:3, Licht: 0,83127,3,2,2,09,13,3,0,0,0,1,0,0,0,0
"POINT (8.423895014000038 49.003187621000052)",Unfall 83142 (2021) Kat:3, Licht: 0,83142,3,3,5,09,14,5,0,0,0,1,0,1,0,0
"POINT (8.397325398000021 49.019674148000036)",Unfall 83174 (2021) Kat:3, Licht: 0,83174,3,6,0,09,15,7,0,0,1,1,0,0,0,0
"POINT (8.305024275000051 49.036683244000074)",Unfall 83194 (2021) Kat:2, Licht: 0,83194,2,7,0,10,17,6,0,0,1,0,0,0,0,0
"POINT (8.344904159000066 49.001321407000034)",Unfall 83216 (2021) Kat:2, Licht: 2,83216,2,4,6,09,06,4,1,2,0,0,1,0,0,1
"POINT (8.393600926000033 48.994590413000026)",Unfall 83256 (2021) Kat:2, Licht: 0,83256,2,2,6,09,17,6,0,0,0,0,1,0,0,1