WKT,Name,OBJECTID,UKATEGORIE,UTYP1,UART,UMONAT,USTUNDE,UWOCHENTAG,STRZUSTAND,ULICHTVERH,ISTRAD,ISTPKW,ISTFUSS,ISTKRAD,ISTGKFZ,ISTSONSTIG
"POINT (8.493247986000029 48.935864785000035)",Unfall 83314 (2021) Kat:3, Licht: 0,83314,3,6,2,09,12,2,0,0,0,1,0,0,0,0
"POINT (8.389774545000023 49.018978736000065)",Unfall 83464 (2021) Kat:3, Licht: 2,83464,3,7,0,09,06,6,0,2,0,0,0,1,0,0
"POINT (8.342868256000031 49.028990764000071)",Unfall 83475 (2021) Kat:3, Licht: 0,83475,3,6,2,10,16,3,0,0,0,1,0,0,0,0
"POINT (8.370390392000047 48.991332434000071)",Unfall 83525 (2021) Kat:3, Licht: 2,83525,3,7,0,09,21,4,0,2,1,0,0,0,0,1
"POINT (8.371139160000041 48.998506119000069)",Unfall 83588 (2021) Kat:3, Licht: 0,83588,3,5,2,10,16,1,0,0,0,1,0,0,0,0
"POINT (8.370194557000048 48.991411912000046)",Unfall 83603 (2021) Kat:2, Licht: 0,83603,2,6,4,09,17,5,0,0,1,0,0,0,0,1
"POINT (8.481638197000052 48.955994355000030)",Unfall 83621 (2021) Kat:3, Licht: 0,83621,3,6,3,09,10,3,0,0,0,1,0,0,1,0
"POINT (8.440847602000076 49.043284010000036)",Unfall 83642 (2021) Kat:3, Licht: 0,83642,3,3,5,10,08,2,1,0,0,1,0,0,0,0
"POINT (8.365262704000031 49.004903820000038)",Unfall 83672 (2021) Kat:3, Licht: 2,83672,3,6,2,09,21,4,0,2,0,1,0,0,0,0
"POINT (8.386509032000049 49.003121172000078)",Unfall 83701 (2021) Kat:3, Licht: 0,83701,3,6,2,09,15,4,0,0,0,1,0,0,0,0
"POINT (8.353987786000062 49.015877032000049)",Unfall 83716 (2021) Kat:3, Licht: 0,83716,3,7,0,10,18,7,0,0,1,0,0,0,0,0
"POINT (8.396472857000049 49.023360586000081)",Unfall 83763 (2021) Kat:3, Licht: 0,83763,3,6,2,10,11,3,0,0,0,1,0,0,0,0
"POINT (8.386010287000033 48.998642929000027)",Unfall 83819 (2021) Kat:3, Licht: 0,83819,3,2,2,09,08,3,0,0,0,1,0,0,0,0
"POINT (8.373082327000077 48.985788126000045)",Unfall 83872 (2021) Kat:3, Licht: 0,83872,3,6,2,10,16,6,0,0,0,1,0,0,0,1
"POINT (8.322152051000046 49.036962353000035)",Unfall 83940 (2021) Kat:2, Licht: 0,83940,2,3,5,09,15,6,0,0,1,1,0,0,0,0
"POINT (8.459819791000029 49.033227612000076)",Unfall 83946 (2021) Kat:3, Licht: 0,83946,3,6,6,09,15,5,0,0,1,0,1,0,0,0
"POINT (8.350285587000030 49.005563097000049)",Unfall 83977 (2021) Kat:2, Licht: 0,83977,2,3,5,09,11,4,0,0,0,1,0,1,0,0
"POINT (8.358509672000025 49.010209187000044)",Unfall 84009 (2021) Kat:3, Licht: 0,84009,3,6,2,09,13,6,0,0,0,1,0,0,0,0
"POINT (8.344650348000073 49.001228545000060)",Unfall 84036 (2021) Kat:2, Licht: 2,84036,2,3,5,10,21,5,0,2,0,1,0,0,0,0
"POINT (8.436262466000073 48.989988682000046)",Unfall 84065 (2021) Kat:3, Licht: 1,84065,3,3,5,10,07,5,0,1,0,1,0,0,1,0
"POINT (8.426666828000066 49.000862534000078)",Unfall 84079 (2021) Kat:3, Licht: 0,84079,3,6,2,09,10,7,0,0,0,1,0,0,1,0
"POINT (8.481433235000054 49.001235930000064)",Unfall 84085 (2021) Kat:3, Licht: 2,84085,3,6,2,09,20,3,0,2,1,1,0,0,0,0
"POINT (8.412233093000054 49.005804194000063)",Unfall 84155 (2021) Kat:3, Licht: 0,84155,3,7,0,09,18,4,0,0,1,0,0,0,0,0
"POINT (8.451172761000066 49.035098967000067)",Unfall 84157 (2021) Kat:3, Licht: 0,84157,3,6,2,10,09,2,0,0,0,1,0,0,0,0
"POINT (8.392215198000031 49.058020166000063)",Unfall 84170 (2021) Kat:2, Licht: 0,84170,2,3,5,09,14,2,0,0,1,1,0,0,0,0
"POINT (8.459291013000040 48.970209081000064)",Unfall 84199 (2021) Kat:3, Licht: 0,84199,3,6,2,10,08,3,1,0,0,1,0,0,0,0
"POINT (8.444776583000021 48.987833411000054)",Unfall 84234 (2021) Kat:3, Licht: 0,84234,3,7,2,10,17,2,0,0,0,1,0,0,0,0
"POINT (8.394688799000050 49.005020582000043)",Unfall 84290 (2021) Kat:3, Licht: 0,84290,3,4,0,10,17,5,0,0,0,0,1,0,0,1
"POINT (8.394515364000029 49.003389403000028)",Unfall 84338 (2021) Kat:3, Licht: 0,84338,3,3,5,11,12,6,1,0,1,1,0,0,0,0
"POINT (8.479902732000028 49.000255933000062)",Unfall 84356 (2021) Kat:3, Licht: 1,84356,3,7,6,10,07,2,0,1,0,0,1,0,0,1
"POINT (8.387443708000035 49.010554411000044)",Unfall 84381 (2021) Kat:3, Licht: 2,84381,3,2,5,10,06,3,1,2,0,1,0,0,0,0
"POINT (8.403609476000042 48.989274884000054)",Unfall 84394 (2021) Kat:2, Licht: 0,84394,2,2,5,10,13,6,0,0,1,1,0,0,0,0
"POINT (8.352731408000068 49.014942198000028)",Unfall 84440 (2021) Kat:3, Licht: 2,84440,3,6,2,10,07,3,1,2,0,1,0,0,0,0
"POINT (8.446395682000059 49.043661312000040)",Unfall 84470 (2021) Kat:3, Licht: 0,84470,3,6,2,10,11,7,0,0,0,1,0,0,0,0
"POINT (8.354436861000067 49.017604358000028)",Unfall 84482 (2021) Kat:3, Licht: 2,84482,3,7,5,11,18,6,0,2,0,1,0,0,0,0
"POINT (8.450253966000048 48.971005426000033)",Unfall 84554 (2021) Kat:2, Licht: 2,84554,2,4,6,11,18,7,1,2,0,1,1,0,0,0
"POINT (8.426733204000072 49.000737670000035)",Unfall 84617 (2021) Kat:2, Licht: 2,84617,2,2,5,10,07,3,0,2,1,0,0,0,0,1
"POINT (8.387017977000028 49.006271027000025)",Unfall 84631 (2021) Kat:3, Licht: 2,84631,3,6,2,10,18,6,0,2,0,1,0,0,0,0
"POINT (8.455492693000053 49.006028592000064)",Unfall 84651 (2021) Kat:3, Licht: 0,84651,3,6,2,10,07,3,1,0,0,1,0,0,0,1
"POINT (8.387013336000052 49.004841072000033)",Unfall 84661 (2021) Kat:2, Licht: 2,84661,2,7,0,11,05,1,0,2,0,0,0,0,0,1
"POINT (8.451176073000056 49.035113216000070)",Unfall 84672 (2021) Kat:3, Licht: 2,84672,3,6,2,10,23,5,0,2,0,1,0,0,0,0
"POINT (8.403655203000028 48.989382307000028)",Unfall 84674 (2021) Kat:3, Licht: 2,84674,3,2,2,10,19,3,0,2,0,1,0,0,0,0
"POINT (8.386933172000056 49.005485554000074)",Unfall 84710 (2021) Kat:3, Licht: 0,84710,3,2,5,10,07,3,1,0,0,1,0,0,0,0
"POINT (8.395882521000033 49.028176458000075)",Unfall 84762 (2021) Kat:3, Licht: 1,84762,3,6,2,10,17,5,0,1,0,1,0,0,0,0
"POINT (8.348512145000029 49.033854870000027)",Unfall 84897 (2021) Kat:3, Licht: 2,84897,3,7,0,10,18,3,0,2,0,0,0,0,0,1
"POINT (8.415575964000027 49.005337338000061)",Unfall 84903 (2021) Kat:3, Licht: 0,84903,3,2,0,10,07,4,0,0,1,1,0,0,0,0
"POINT (8.488028128000053 49.009216547000051)",Unfall 84907 (2021) Kat:3, Licht: 0,84907,3,6,2,10,13,6,0,0,0,1,0,1,0,0
"POINT (8.426667522000059 49.000717509000026)",Unfall 84921 (2021) Kat:3, Licht: 0,84921,3,2,5,10,10,4,0,0,0,1,0,0,0,0
"POINT (8.460659105000047 48.969458866000082)",Unfall 84981 (2021) Kat:3, Licht: 0,84981,3,6,2,10,15,6,0,0,0,1,0,0,0,1
"POINT (8.424244522000038 49.002961470000059)",Unfall 84999 (2021) Kat:3, Licht: 0,84999,3,3,5,10,17,2,0,0,0,1,0,0,0,0
"POINT (8.403637557000025 48.989340853000044)",Unfall 85031 (2021) Kat:2, Licht: 0,85031,2,2,5,10,14,1,0,0,1,1,0,0,0,0
"POINT (8.393804787000022 48.998385485000028)",Unfall 85100 (2021) Kat:3, Licht: 2,85100,3,2,5,10,21,7,0,2,0,1,0,0,0,1
"POINT (8.398216727000033 49.014495438000040)",Unfall 85124 (2021) Kat:3, Licht: 1,85124,3,6,2,11,18,7,0,1,0,1,0,0,0,0
"POINT (8.471790391000070 49.021066051000048)",Unfall 85127 (2021) Kat:3, Licht: 0,85127,3,6,2,10,14,4,0,0,0,1,0,0,1,0
"POINT (8.392236150000031 49.058091946000047)",Unfall 85176 (2021) Kat:2, Licht: 2,85176,2,3,5,10,06,4,1,2,0,1,0,0,0,0
"POINT (8.386695870000040 49.004369855000050)",Unfall 85179 (2021) Kat:3, Licht: 0,85179,3,7,0,10,16,5,0,0,1,0,0,0,0,0
"POINT (8.380793361000030 48.958963022000034)",Unfall 85213 (2021) Kat:3, Licht: 0,85213,3,7,3,10,08,6,1,0,0,1,0,0,1,0
"POINT (8.436798004000025 48.983346246000053)",Unfall 85240 (2021) Kat:3, Licht: 2,85240,3,6,2,11,18,6,0,2,0,1,0,0,0,1
"POINT (8.442251177000060 49.004349947000037)",Unfall 85263 (2021) Kat:3, Licht: 2,85263,3,7,6,10,17,7,1,2,1,0,1,0,0,0
"POINT (8.395388437000065 49.031012734000058)",Unfall 85286 (2021) Kat:3, Licht: 0,85286,3,6,2,10,13,6,0,0,0,1,0,0,0,1
"POINT (8.430384458000049 48.997478502000035)",Unfall 85287 (2021) Kat:3, Licht: 0,85287,3,6,2,10,10,5,0,0,0,1,0,0,0,0
"POINT (8.463002780000068 49.012666569000032)",Unfall 85308 (2021) Kat:3, Licht: 2,85308,3,3,5,10,06,2,0,2,0,1,0,0,1,0
"POINT (8.395534754000039 49.030158175000054)",Unfall 85309 (2021) Kat:3, Licht: 0,85309,3,2,5,10,16,5,0,0,1,0,0,0,1,0
"POINT (8.356467602000066 49.022629144000064)",Unfall 85327 (2021) Kat:3, Licht: 0,85327,3,6,2,10,07,3,1,0,0,1,0,0,0,0
"POINT (8.508824127000025 48.954211525000062)",Unfall 85589 (2021) Kat:3, Licht: 2,85589,3,7,1,12,16,3,0,2,0,1,0,0,0,1
"POINT (8.394156862000045 49.033120853000071)",Unfall 85637 (2021) Kat:3, Licht: 0,85637,3,3,5,12,15,3,0,0,0,1,0,0,0,0
"POINT (8.322275818000037 49.037095169000054)",Unfall 85681 (2021) Kat:3, Licht: 2,85681,3,2,5,12,17,2,0,2,1,1,0,0,0,0
"POINT (8.396504784000058 48.994367126000043)",Unfall 85745 (2021) Kat:3, Licht: 2,85745,3,6,2,11,18,6,0,2,0,1,0,0,0,0
"POINT (8.439494091000029 49.006346688000065)",Unfall 85751 (2021) Kat:3, Licht: 2,85751,3,3,5,11,17,5,0,2,1,1,0,0,0,0
"POINT (8.491079949000039 49.045445131000065)",Unfall 85834 (2021) Kat:3, Licht: 0,85834,3,6,2,12,13,1,1,0,0,1,0,0,0,0
"POINT (8.396688548000043 48.994300887000065)",Unfall 85852 (2021) Kat:3, Licht: 0,85852,3,6,1,12,16,3,0,0,0,1,0,0,0,0
"POINT (8.340998811000077 49.030861085000026)",Unfall 85877 (2021) Kat:3, Licht: 2,85877,3,2,5,11,21,5,1,2,0,1,0,1,0,0
"POINT (8.395573756000033 49.029935652000063)",Unfall 86051 (2021) Kat:3, Licht: 1,86051,3,7,0,11,16,3,0,1,0,0,0,1,0,0
"POINT (8.366741068000067 49.049374106000073)",Unfall 86062 (2021) Kat:3, Licht: 0,86062,3,6,3,12,14,6,0,0,0,1,0,0,1,0
"POINT (8.424287103000040 49.002957121000065)",Unfall 86065 (2021) Kat:3, Licht: 0,86065,3,3,5,11,15,2,1,0,0,1,0,0,0,0
"POINT (8.366443650000065 49.048817055000029)",Unfall 86112 (2021) Kat:3, Licht: 2,86112,3,6,2,12,07,3,0,2,0,1,0,0,0,0
"POINT (8.357381479000026 49.011356305000049)",Unfall 86113 (2021) Kat:2, Licht: 0,86113,2,4,6,12,10,3,0,0,0,0,1,0,1,0
"POINT (8.403969837000034 48.991167090000033)",Unfall 86189 (2021) Kat:3, Licht: 2,86189,3,3,5,12,18,5,1,2,1,1,0,0,0,0
"POINT (8.386837626000045 49.005399110000042)",Unfall 86216 (2021) Kat:3, Licht: 0,86216,3,2,5,11,16,3,0,0,1,1,0,0,0,0
"POINT (8.362436172000059 49.039080288000036)",Unfall 86288 (2021) Kat:3, Licht: 0,86288,3,2,3,12,10,3,0,0,0,1,0,0,1,0
"POINT (8.396279315000072 49.025922069000046)",Unfall 86366 (2021) Kat:3, Licht: 0,86366,3,6,2,12,15,2,0,0,0,1,0,0,0,1
"POINT (8.376810512000077 48.967364677000035)",Unfall 86405 (2021) Kat:3, Licht: 1,86405,3,6,2,11,17,5,0,1,0,1,0,0,0,0
"POINT (8.486035065000067 49.037884460000043)",Unfall 86448 (2021) Kat:3, Licht: 0,86448,3,6,2,11,16,2,0,0,0,0,0,0,1,0
"POINT (8.453024549000077 49.002471519000039)",Unfall 86471 (2021) Kat:3, Licht: 2,86471,3,3,5,12,17,3,0,2,1,1,0,0,0,0
"POINT (8.451771730000075 49.002535921000060)",Unfall 86570 (2021) Kat:3, Licht: 2,86570,3,2,5,12,07,4,0,2,1,0,0,0,0,1
"POINT (8.469683897000039 49.015380177000054)",Unfall 86591 (2021) Kat:3, Licht: 0,86591,3,1,8,11,12,2,1,0,0,1,0,0,0,0
"POINT (8.507750589000068 48.953859590000036)",Unfall 86720 (2021) Kat:3, Licht: 0,86720,3,6,2,11,13,6,0,0,0,1,0,0,0,0
"POINT (8.373856679000028 49.060342874000071)",Unfall 86738 (2021) Kat:3, Licht: 2,86738,3,6,2,12,07,3,0,2,0,1,0,0,0,0
"POINT (8.404017661000069 48.990625124000076)",Unfall 86759 (2021) Kat:2, Licht: 2,86759,2,2,5,12,20,5,1,2,0,1,0,0,0,1
"POINT (8.434042782000063 48.991525141000068)",Unfall 86788 (2021) Kat:3, Licht: 2,86788,3,6,2,12,18,2,0,2,0,1,0,0,0,0
"POINT (8.424351527000056 49.002956111000060)",Unfall 86804 (2021) Kat:3, Licht: 2,86804,3,3,5,11,19,2,1,2,0,1,0,0,0,0
"POINT (8.392688357000054 49.045664111000065)",Unfall 86825 (2021) Kat:2, Licht: 2,86825,2,3,5,12,03,7,1,2,0,1,0,0,0,0
"POINT (8.400674392000042 49.065779166000027)",Unfall 86874 (2021) Kat:3, Licht: 2,86874,3,7,9,12,21,2,2,2,0,1,0,0,0,0
"POINT (8.445133435000059 49.020962978000057)",Unfall 86909 (2021) Kat:3, Licht: 2,86909,3,6,2,12,18,3,0,2,0,1,0,0,0,0
"POINT (8.462145469000063 48.982438505000061)",Unfall 86982 (2021) Kat:3, Licht: 0,86982,3,6,2,11,08,4,1,0,0,1,0,0,0,0
"POINT (8.510624174000043 49.026840750000076)",Unfall 87057 (2021) Kat:3, Licht: 0,87057,3,3,5,11,09,5,0,0,0,1,0,0,0,0
"POINT (8.404055308000068 48.991170612000076)",Unfall 87160 (2021) Kat:3, Licht: 0,87160,3,6,2,11,07,2,1,0,0,1,0,0,0,0
"POINT (8.490357937000056 49.044735217000039)",Unfall 87172 (2021) Kat:3, Licht: 0,87172,3,6,2,12,09,3,0,0,0,1,0,0,1,0
"POINT (8.403702954000039 48.991964232000043)",Unfall 87206 (2021) Kat:3, Licht: 2,87206,3,6,2,12,17,5,1,2,0,1,0,0,0,0
"POINT (8.399094652000031 49.012139567000077)",Unfall 87423 (2021) Kat:3, Licht: 1,87423,3,2,6,12,07,4,0,1,0,1,1,0,0,0
"POINT (8.486581648000026 49.038706879000074)",Unfall 87649 (2021) Kat:2, Licht: 0,87649,2,6,2,12,12,3,1,0,0,1,0,0,1,0
"POINT (8.431164022000075 48.993048926000029)",Unfall 87935 (2021) Kat:3, Licht: 1,87935,3,3,5,12,07,5,1,1,0,1,0,0,0,0
"POINT (8.456738890000054 49.007008747000043)",Unfall 87988 (2021) Kat:3, Licht: 2,87988,3,6,2,12,07,6,0,2,0,1,0,0,1,0
"POINT (8.405891715000052 48.959964960000036)",Unfall 88157 (2021) Kat:3, Licht: 1,88157,3,2,5,12,16,1,1,1,0,1,0,0,0,0
"POINT (8.404560806000063 48.990131418000033)",Unfall 88356 (2021) Kat:3, Licht: 0,88356,3,6,3,12,08,2,0,0,0,1,0,0,0,1
"POINT (8.463022809000051 49.012425223000037)",Unfall 88464 (2021) Kat:3, Licht: 0,88464,3,1,8,12,08,4,1,0,0,1,0,0,0,0
"POINT (8.438655070000038 49.011401701000068)",Unfall 88562 (2021) Kat:3, Licht: 2,88562,3,1,8,12,00,1,1,2,0,1,0,0,0,0
"POINT (8.485406012000055 49.037308508000081)",Unfall 88664 (2021) Kat:3, Licht: 2,88664,3,6,1,12,17,5,1,2,0,1,0,0,0,0
"POINT (8.379317833000073 49.015009819000056)",Unfall 178534 (2021) Kat:3, Licht: 0,178534,3,3,5,02,08,2,1,0,1,1,0,0,0,0
"POINT (8.360508152000023 49.014786692000030)",Unfall 178591 (2021) Kat:3, Licht: 1,178591,3,3,5,01,17,2,0,1,1,1,0,0,0,0
"POINT (8.455393780000065 48.991205989000036)",Unfall 178596 (2021) Kat:3, Licht: 0,178596,3,2,2,01,15,6,0,0,0,1,0,1,0,0
"POINT (8.473265254000069 49.034734484000069)",Unfall 178601 (2021) Kat:3, Licht: 0,178601,3,3,5,01,15,4,1,0,0,1,0,0,0,1
"POINT (8.384627423000040 49.004365331000031)",Unfall 178613 (2021) Kat:3, Licht: 2,178613,3,1,0,01,19,3,1,2,0,0,0,0,0,1
"POINT (8.346725456000058 49.033600176000050)",Unfall 178638 (2021) Kat:3, Licht: 0,178638,3,1,0,01,07,4,2,0,1,0,0,0,0,0
"POINT (8.364705158000049 49.019720690000042)",Unfall 178698 (2021) Kat:3, Licht: 0,178698,3,2,5,02,12,6,1,0,0,1,0,0,0,1
"POINT (8.385758418000023 48.993954395000060)",Unfall 178704 (2021) Kat:3, Licht: 0,178704,3,3,5,01,09,3,1,0,0,1,0,0,0,0
"POINT (8.362427860000025 48.985802479000029)",Unfall 178707 (2021) Kat:2, Licht: 0,178707,2,3,5,02,11,5,0,0,0,1,0,1,0,0
"POINT (8.407912696000039 49.004179345000068)",Unfall 178709 (2021) Kat:3, Licht: 0,178709,3,3,5,01,11,2,0,0,1,1,0,0,0,0
"POINT (8.468771061000041 48.997947397000075)",Unfall 178726 (2021) Kat:3, Licht: 1,178726,3,7,6,02,17,3,0,1,0,1,1,0,0,0
"POINT (8.365847753000025 49.004014676000054)",Unfall 178739 (2021) Kat:3, Licht: 0,178739,3,2,5,01,08,4,1,0,1,1,0,0,0,0
"POINT (8.439798988000064 49.012104931000067)",Unfall 178763 (2021) Kat:3, Licht: 0,178763,3,3,5,01,13,4,1,0,0,1,0,0,0,0
"POINT (8.352303044000053 49.001253785000074)",Unfall 178802 (2021) Kat:3, Licht: 0,178802,3,7,5,01,16,6,1,0,1,0,0,0,0,1
"POINT (8.418773316000056 49.009653120000053)",Unfall 178812 (2021) Kat:3, Licht: 0,178812,3,6,2,02,11,4,2,0,1,1,0,0,0,1
"POINT (8.418834357000037 49.004695321000042)",Unfall 178882 (2021) Kat:2, Licht: 2,178882,2,5,1,01,06,2,0,2,1,1,0,0,0,0
"POINT (8.393342681000036 49.011600938000072)",Unfall 178886 (2021) Kat:3, Licht: 0,178886,3,7,1,01,12,7,1,0,1,1,0,0,0,0
"POINT (8.471478082000033 49.006677415000070)",Unfall 178927 (2021) Kat:3, Licht: 0,178927,3,5,1,02,09,2,2,0,1,0,0,0,1,0
"POINT (8.470429300000035 48.970976784000072)",Unfall 178929 (2021) Kat:2, Licht: 0,178929,2,1,8,01,13,1,2,0,0,1,0,0,0,0
"POINT (8.375359143000026 49.016844457000047)",Unfall 178937 (2021) Kat:3, Licht: 0,178937,3,3,5,01,12,6,0,0,1,1,0,0,0,0
"POINT (8.381899188000034 49.010539263000055)",Unfall 178973 (2021) Kat:3, Licht: 0,178973,3,2,5,02,08,6,0,0,1,0,0,0,0,1
"POINT (8.380806801000062 48.998969156000044)",Unfall 178985 (2021) Kat:2, Licht: 2,178985,2,4,6,01,06,5,1,2,0,1,1,0,0,0
"POINT (8.462758489000066 49.001694422000071)",Unfall 179006 (2021) Kat:3, Licht: 2,179006,3,2,6,02,22,6,1,2,0,1,1,0,0,0
"POINT (8.400442037000062 49.009750613000051)",Unfall 179009 (2021) Kat:3, Licht: 0,179009,3,6,6,01,15,3,0,0,1,0,1,0,0,0
"POINT (8.375481786000023 49.019017046000045)",Unfall 179020 (2021) Kat:3, Licht: 0,179020,3,3,5,02,16,4,2,0,1,1,0,0,0,0
"POINT (8.382167930000037 49.048934041000052)",Unfall 179034 (2021) Kat:3, Licht: 0,179034,3,2,5,01,13,6,0,0,1,1,0,0,0,0
"POINT (8.366743802000030 49.009856997000043)",Unfall 179061 (2021) Kat:3, Licht: 0,179061,3,3,5,01,16,2,1,0,1,0,0,0,0,1
"POINT (8.472395336000034 49.003520723000065)",Unfall 179069 (2021) Kat:3, Licht: 0,179069,3,7,0,02,13,5,0,0,1,0,0,0,0,0
"POINT (8.362428719000036 48.985503069000060)",Unfall 179141 (2021) Kat:3, Licht: 0,179141,3,2,1,01,15,2,0,0,0,1,0,0,0,0
"POINT (8.389371593000021 49.003595265000058)",Unfall 179162 (2021) Kat:3, Licht: 0,179162,3,3,5,01,12,5,0,0,0,1,0,0,0,0
"POINT (8.375108278000027 49.013594374000036)",Unfall 179165 (2021) Kat:3, Licht: 0,179165,3,7,0,02,07,3,1,0,1,0,0,0,0,0
"POINT (8.477507891000073 49.000415835000069)",Unfall 179168 (2021) Kat:3, Licht: 0,179168,3,4,0,02,14,2,1,0,0,0,1,0,0,1
"POINT (8.375505253000028 49.015165946000081)",Unfall 179175 (2021) Kat:3, Licht: 0,179175,3,3,5,01,15,3,1,0,1,1,0,0,0,0
"POINT (8.371457554000074 49.007581219000031)",Unfall 179210 (2021) Kat:2, Licht: 2,179210,2,1,0,01,07,4,2,2,1,0,0,0,0,0
"POINT (8.403621972000053 48.980831821000038)",Unfall 179232 (2021) Kat:3, Licht: 0,179232,3,3,5,01,14,6,1,0,1,1,0,0,0,0
"POINT (8.408264083000063 49.011061075000043)",Unfall 179268 (2021) Kat:3, Licht: 0,179268,3,2,5,01,15,6,1,0,1,1,0,0,0,0
"POINT (8.366252567000060 49.017318855000042)",Unfall 179289 (2021) Kat:3, Licht: 1,179289,3,3,5,01,17,5,1,1,0,1,0,1,0,0
"POINT (8.362504258000058 48.984589652000068)",Unfall 179320 (2021) Kat:3, Licht: 0,179320,3,1,0,02,12,4,2,0,0,1,0,0,0,0
"POINT (8.338948119000065 49.010689235000029)",Unfall 179331 (2021) Kat:3, Licht: 0,179331,3,6,2,02,15,2,1,0,0,1,0,0,0,0
"POINT (8.425102633000051 49.018551394000042)",Unfall 179336 (2021) Kat:2, Licht: 0,179336,2,6,6,02,16,2,1,0,1,0,1,0,0,0
"POINT (8.386840314000040 49.004338295000082)",Unfall 179354 (2021) Kat:3, Licht: 1,179354,3,7,0,02,07,2,1,1,1,0,0,0,0,0
"POINT (8.342866570000069 48.994821134000063)",Unfall 179375 (2021) Kat:2, Licht: 0,179375,2,2,6,02,12,3,1,0,0,1,1,0,0,0
"POINT (8.396493644000032 48.999495746000036)",Unfall 179428 (2021) Kat:3, Licht: 0,179428,3,3,5,01,13,3,0,0,1,1,0,0,0,0
"POINT (8.433836640000038 49.007689742000082)",Unfall 179441 (2021) Kat:3, Licht: 2,179441,3,1,0,01,18,6,1,2,0,0,0,1,0,0
"POINT (8.362625515000047 49.011487617000057)",Unfall 179458 (2021) Kat:3, Licht: 0,179458,3,6,6,01,15,4,0,0,0,0,1,0,0,1
"POINT (8.379278584000076 49.041915687000028)",Unfall 179490 (2021) Kat:3, Licht: 0,179490,3,3,5,01,16,1,0,0,1,1,0,0,0,0
"POINT (8.375387078000074 49.030358599000067)",Unfall 179508 (2021) Kat:3, Licht: 2,179508,3,1,0,01,00,4,2,2,0,0,0,1,0,0
"POINT (8.415083098000025 49.003978139000026)",Unfall 179560 (2021) Kat:3, Licht: 2,179560,3,3,5,01,07,3,0,2,1,1,0,0,0,0
"POINT (8.397900138000068 49.016080074000058)",Unfall 179590 (2021) Kat:2, Licht: 0,179590,2,3,5,02,14,4,1,0,1,1,0,0,0,0
"POINT (8.384583765000059 49.004389031000073)",Unfall 179595 (2021) Kat:3, Licht: 2,179595,3,3,5,01,18,3,1,2,0,1,0,0,0,1
"POINT (8.410182207000048 49.006157395000059)",Unfall 179644 (2021) Kat:3, Licht: 0,179644,3,6,2,02,11,3,0,0,0,1,0,0,0,1
"POINT (8.397822787000052 49.001745615000061)",Unfall 179650 (2021) Kat:3, Licht: 0,179650,3,1,0,03,14,4,1,0,1,0,0,0,0,0
"POINT (8.379003269000066 49.005319260000078)",Unfall 179673 (2021) Kat:3, Licht: 0,179673,3,7,0,03,14,5,1,0,1,0,0,0,0,0
"POINT (8.458390417000032 48.998221694000051)",Unfall 179678 (2021) Kat:3, Licht: 2,179678,3,2,6,03,19,5,1,2,0,0,1,0,0,1
"POINT (8.374587722000058 49.050037312000029)",Unfall 179692 (2021) Kat:3, Licht: 0,179692,3,3,5,02,11,5,1,0,0,1,0,0,0,0
"POINT (8.384308581000028 49.010434677000035)",Unfall 179728 (2021) Kat:2, Licht: 2,179728,2,7,6,03,19,7,0,2,0,1,1,0,0,1
"POINT (8.332498154000064 49.005324474000076)",Unfall 179763 (2021) Kat:3, Licht: 0,179763,3,3,5,03,13,2,0,0,0,1,0,0,0,0
"POINT (8.391113742000073 49.004596729000070)",Unfall 179775 (2021) Kat:3, Licht: 2,179775,3,3,5,03,19,2,0,2,1,1,0,0,0,0
"POINT (8.444472876000020 48.994957918000068)",Unfall 179778 (2021) Kat:3, Licht: 0,179778,3,5,1,03,12,3,0,0,1,1,0,0,0,0
"POINT (8.461634511000057 48.972772998000039)",Unfall 179831 (2021) Kat:3, Licht: 0,179831,3,7,0,03,12,4,0,0,1,0,0,0,0,0
"POINT (8.424305766000032 49.004966032000027)",Unfall 179840 (2021) Kat:3, Licht: 0,179840,3,6,2,03,08,4,0,0,0,1,0,0,0,0
"POINT (8.368944996000039 49.016980469000032)",Unfall 179843 (2021) Kat:3, Licht: 2,179843,3,3,5,02,05,3,0,2,1,0,0,1,0,0
"POINT (8.393544401000042 49.010834451000051)",Unfall 179897 (2021) Kat:3, Licht: 0,179897,3,3,0,03,12,4,0,0,1,1,0,0,0,0
"POINT (8.417840312000067 49.016928080000071)",Unfall 179920 (2021) Kat:3, Licht: 0,179920,3,3,5,03,15,3,0,0,1,1,0,0,0,0
"POINT (8.476715096000021 49.000291095000080)",Unfall 179924 (2021) Kat:3, Licht: 2,179924,3,7,0,02,18,1,0,2,0,0,0,0,0,1
"POINT (8.390523866000024 48.998493728000028)",Unfall 179925 (2021) Kat:3, Licht: 0,179925,3,2,5,03,12,7,0,0,1,1,0,0,0,0
"POINT (8.389793731000054 49.010259085000030)",Unfall 179927 (2021) Kat:2, Licht: 0,179927,2,7,5,03,15,4,0,0,1,1,0,0,0,0
"POINT (8.365223254000057 49.008946428000058)",Unfall 180013 (2021) Kat:3, Licht: 0,180013,3,2,5,02,11,6,0,0,1,1,0,0,0,0
"POINT (8.396200122000039 49.009952336000026)",Unfall 180062 (2021) Kat:3, Licht: 0,180062,3,1,0,02,16,5,1,0,1,0,0,0,0,0
"POINT (8.415994797000053 48.998776045000056)",Unfall 180097 (2021) Kat:3, Licht: 0,180097,3,7,6,03,16,2,0,0,1,0,1,0,0,0