WKT,Name,OBJECTID,UKATEGORIE,UTYP1,UART,UMONAT,USTUNDE,UWOCHENTAG,STRZUSTAND,ULICHTVERH,ISTRAD,ISTPKW,ISTFUSS,ISTKRAD,ISTGKFZ,ISTSONSTIG
"POINT (8.435951395000075 49.039125172000070)",Unfall 180101 (2021) Kat:3, Licht: 0,180101,3,3,5,02,11,2,0,0,0,1,0,0,0,0
"POINT (8.356157832000065 49.003062361000048)",Unfall 180103 (2021) Kat:3, Licht: 0,180103,3,3,5,03,17,6,0,0,0,1,0,0,0,0
"POINT (8.431849932000034 49.008220824000034)",Unfall 180126 (2021) Kat:3, Licht: 1,180126,3,5,1,02,18,1,0,1,1,1,0,0,0,0
"POINT (8.378412529000059 48.988482497000064)",Unfall 180133 (2021) Kat:3, Licht: 0,180133,3,3,2,03,16,2,0,0,1,1,0,0,0,0
"POINT (8.384440283000060 49.012705684000082)",Unfall 180155 (2021) Kat:2, Licht: 0,180155,2,3,5,03,10,4,0,0,1,1,0,0,0,0
"POINT (8.445152891000021 48.996565748000080)",Unfall 180166 (2021) Kat:3, Licht: 0,180166,3,3,5,03,12,2,0,0,0,1,0,0,0,0
"POINT (8.478147641000021 49.004242150000039)",Unfall 180176 (2021) Kat:3, Licht: 0,180176,3,4,6,03,11,7,0,0,0,1,1,0,0,0
"POINT (8.435482310000054 49.015444968000054)",Unfall 180188 (2021) Kat:3, Licht: 0,180188,3,2,5,03,16,4,0,0,1,0,0,0,0,1
"POINT (8.399774685000068 49.010057543000073)",Unfall 180189 (2021) Kat:3, Licht: 0,180189,3,6,2,02,15,4,0,0,0,1,0,0,0,1
"POINT (8.334887844000036 49.007645309000054)",Unfall 180222 (2021) Kat:2, Licht: 0,180222,2,3,5,03,10,5,0,0,0,1,0,1,0,0
"POINT (8.339480337000055 48.997274137000034)",Unfall 180280 (2021) Kat:2, Licht: 0,180280,2,2,5,03,08,4,0,0,1,0,0,0,0,1
"POINT (8.383851128000060 49.056663165000032)",Unfall 180283 (2021) Kat:3, Licht: 0,180283,3,6,2,03,17,2,1,0,0,1,0,0,0,0
"POINT (8.385983079000027 49.010601322000070)",Unfall 180298 (2021) Kat:3, Licht: 1,180298,3,2,5,03,17,3,0,1,1,0,0,0,0,0
"POINT (8.380630163000035 49.021128487000055)",Unfall 180320 (2021) Kat:3, Licht: 0,180320,3,7,6,03,08,3,0,0,1,0,1,0,0,0
"POINT (8.348259894000023 49.006457438000041)",Unfall 180340 (2021) Kat:3, Licht: 0,180340,3,6,2,03,12,7,0,0,0,1,0,0,0,0
"POINT (8.320560741000065 49.043580453000061)",Unfall 180355 (2021) Kat:3, Licht: 1,180355,3,3,8,02,06,5,0,1,0,1,0,0,0,0
"POINT (8.391254746000072 49.005314855000051)",Unfall 180369 (2021) Kat:3, Licht: 0,180369,3,3,5,03,09,3,0,0,1,0,0,0,1,0
"POINT (8.440078964000065 49.009541467000076)",Unfall 180373 (2021) Kat:3, Licht: 0,180373,3,3,0,02,16,6,0,0,0,1,0,1,0,0
"POINT (8.439544212000044 49.008516664000069)",Unfall 180380 (2021) Kat:3, Licht: 0,180380,3,5,1,02,09,6,0,0,0,1,0,0,0,0
"POINT (8.392303693000031 49.001723761000051)",Unfall 180383 (2021) Kat:3, Licht: 2,180383,3,2,5,02,18,5,0,2,1,1,0,0,0,0
"POINT (8.392408462000049 48.980726824000044)",Unfall 180388 (2021) Kat:3, Licht: 0,180388,3,3,5,03,15,4,0,0,1,0,0,0,0,0
"POINT (8.425163850000047 49.014408677000063)",Unfall 180401 (2021) Kat:2, Licht: 0,180401,2,3,5,03,16,4,0,0,1,0,0,0,0,0
"POINT (8.453303598000048 49.000354240000036)",Unfall 180407 (2021) Kat:3, Licht: 0,180407,3,5,1,03,14,3,0,0,1,1,0,0,0,0
"POINT (8.401484048000043 49.007566121000082)",Unfall 180449 (2021) Kat:3, Licht: 0,180449,3,3,5,03,16,7,0,0,1,1,0,0,0,0
"POINT (8.393940349000047 49.045702743000049)",Unfall 180542 (2021) Kat:3, Licht: 2,180542,3,3,5,02,18,2,1,2,1,1,0,0,0,0
"POINT (8.501034733000040 49.005940198000076)",Unfall 180543 (2021) Kat:3, Licht: 1,180543,3,5,1,02,18,1,0,1,1,1,0,0,0,0
"POINT (8.394894915000066 49.007667947000073)",Unfall 180567 (2021) Kat:3, Licht: 0,180567,3,4,6,03,08,4,0,0,1,0,1,0,0,0
"POINT (8.389902125000049 49.024745446000054)",Unfall 180585 (2021) Kat:3, Licht: 0,180585,3,3,5,03,10,3,0,0,1,0,0,0,0,0
"POINT (8.343562712000050 49.013860651000073)",Unfall 180678 (2021) Kat:3, Licht: 0,180678,3,6,2,04,14,3,0,0,0,1,0,0,0,0
"POINT (8.459506180000062 48.999365431000058)",Unfall 180720 (2021) Kat:2, Licht: 0,180720,2,7,6,04,07,5,0,0,1,0,1,0,0,0
"POINT (8.360449140000071 49.011121498000080)",Unfall 180784 (2021) Kat:2, Licht: 0,180784,2,3,5,04,12,7,0,0,1,1,0,0,0,0
"POINT (8.387521379000077 49.010300479000080)",Unfall 180834 (2021) Kat:3, Licht: 0,180834,3,7,9,03,16,4,0,0,0,1,0,0,0,0
"POINT (8.387387032000049 49.008816435000028)",Unfall 180859 (2021) Kat:3, Licht: 0,180859,3,2,5,04,13,3,0,0,1,1,0,0,0,0
"POINT (8.410723739000048 48.997115515000075)",Unfall 180861 (2021) Kat:3, Licht: 0,180861,3,2,5,04,14,6,0,0,1,1,0,0,0,0
"POINT (8.433470909000050 49.036833022000053)",Unfall 180875 (2021) Kat:2, Licht: 0,180875,2,2,5,04,10,5,0,0,1,1,0,0,0,0
"POINT (8.488451837000071 49.002742364000028)",Unfall 180890 (2021) Kat:2, Licht: 0,180890,2,1,0,03,15,4,0,0,1,0,0,0,0,0
"POINT (8.392471526000065 49.008662467000079)",Unfall 180916 (2021) Kat:3, Licht: 0,180916,3,6,2,04,17,4,0,0,1,1,0,0,0,0
"POINT (8.408359939000036 48.997301728000082)",Unfall 180931 (2021) Kat:3, Licht: 2,180931,3,3,5,04,22,5,0,2,0,1,0,0,0,0
"POINT (8.381654360000027 49.035383805000038)",Unfall 180972 (2021) Kat:3, Licht: 0,180972,3,5,1,04,13,7,0,0,1,1,0,0,0,0
"POINT (8.474461916000052 48.999178625000070)",Unfall 180981 (2021) Kat:2, Licht: 0,180981,2,1,0,04,09,5,1,0,1,0,0,0,0,0
"POINT (8.325007660000040 49.004397272000062)",Unfall 181011 (2021) Kat:3, Licht: 0,181011,3,7,0,04,09,1,0,0,1,0,0,0,0,0
"POINT (8.477833134000036 49.000281644000040)",Unfall 181021 (2021) Kat:3, Licht: 0,181021,3,4,6,04,15,3,0,0,0,1,1,0,0,0
"POINT (8.385275766000063 49.020241619000046)",Unfall 181032 (2021) Kat:3, Licht: 0,181032,3,4,6,04,18,5,0,0,0,0,1,1,0,0
"POINT (8.447686607000037 49.039117044000079)",Unfall 181071 (2021) Kat:2, Licht: 0,181071,2,1,0,03,06,3,0,0,0,0,0,1,0,0
"POINT (8.373346509000044 49.028250084000035)",Unfall 181104 (2021) Kat:3, Licht: 0,181104,3,5,1,04,16,7,0,0,1,1,0,0,0,0
"POINT (8.344907820000060 49.030698115000064)",Unfall 181113 (2021) Kat:3, Licht: 0,181113,3,1,9,04,12,5,0,0,0,0,0,1,0,0
"POINT (8.430833817000064 49.032394038000064)",Unfall 181119 (2021) Kat:3, Licht: 0,181119,3,2,2,04,17,3,0,0,0,1,0,0,0,0
"POINT (8.406601015000035 49.001422684000033)",Unfall 181198 (2021) Kat:2, Licht: 0,181198,2,7,0,04,14,4,0,0,1,0,0,0,0,0
"POINT (8.398008657000048 49.002402837000034)",Unfall 181223 (2021) Kat:3, Licht: 0,181223,3,3,5,04,07,3,0,0,1,1,0,0,0,0
"POINT (8.423856924000063 49.007604743000059)",Unfall 181229 (2021) Kat:3, Licht: 0,181229,3,7,0,04,19,3,0,0,1,0,0,0,0,0
"POINT (8.366335421000031 49.011411496000051)",Unfall 181260 (2021) Kat:3, Licht: 0,181260,3,6,2,04,15,5,0,0,0,1,0,0,0,0
"POINT (8.417841546000034 49.016924497000048)",Unfall 181265 (2021) Kat:3, Licht: 0,181265,3,3,5,03,10,3,0,0,1,1,0,0,0,0
"POINT (8.394875186000036 49.007500353000069)",Unfall 181347 (2021) Kat:3, Licht: 0,181347,3,7,6,04,10,3,0,0,0,1,1,0,0,0
"POINT (8.378570370000034 48.988396434000038)",Unfall 181353 (2021) Kat:3, Licht: 0,181353,3,3,5,04,15,4,0,0,1,1,0,0,0,0
"POINT (8.335712819000037 48.993164713000056)",Unfall 181356 (2021) Kat:3, Licht: 0,181356,3,4,6,04,17,6,0,0,1,0,1,0,0,0
"POINT (8.378740656000048 49.046921582000039)",Unfall 181359 (2021) Kat:3, Licht: 0,181359,3,2,0,05,11,3,0,0,1,1,0,0,0,0
"POINT (8.418753395000067 49.007568192000065)",Unfall 181369 (2021) Kat:3, Licht: 0,181369,3,3,5,03,19,1,0,0,1,1,0,0,0,0
"POINT (8.387658468000041 48.995153382000069)",Unfall 181373 (2021) Kat:3, Licht: 0,181373,3,5,1,04,12,4,0,0,0,1,0,1,0,0
"POINT (8.382290265000051 49.043636314000025)",Unfall 181397 (2021) Kat:3, Licht: 0,181397,3,7,0,04,11,5,0,0,0,0,0,1,0,0
"POINT (8.405824203000066 48.992789152000057)",Unfall 181426 (2021) Kat:3, Licht: 0,181426,3,3,5,04,19,5,0,0,0,1,0,0,0,0
"POINT (8.475011534000032 49.001375881000058)",Unfall 181448 (2021) Kat:3, Licht: 0,181448,3,7,0,03,19,4,0,0,1,0,0,0,0,0
"POINT (8.381355935000045 49.004643432000080)",Unfall 181454 (2021) Kat:3, Licht: 0,181454,3,1,0,04,17,2,0,0,0,0,0,1,0,0
"POINT (8.346951653000076 49.010627949000082)",Unfall 181469 (2021) Kat:3, Licht: 0,181469,3,3,5,04,08,2,0,0,0,0,0,1,0,1
"POINT (8.411038049000069 48.994239516000050)",Unfall 181486 (2021) Kat:3, Licht: 0,181486,3,6,9,04,11,7,0,0,0,1,0,0,0,1
"POINT (8.404218129000071 48.997549987000070)",Unfall 181487 (2021) Kat:3, Licht: 0,181487,3,6,2,04,11,2,0,0,0,1,0,1,0,0
"POINT (8.400061682000057 49.059042306000038)",Unfall 181512 (2021) Kat:3, Licht: 0,181512,3,7,1,04,16,7,0,0,1,1,0,0,0,0
"POINT (8.404684187000043 48.971896884000046)",Unfall 181520 (2021) Kat:3, Licht: 0,181520,3,5,5,03,12,1,0,0,1,1,0,0,0,0
"POINT (8.333756153000024 49.011936565000042)",Unfall 181543 (2021) Kat:3, Licht: 0,181543,3,1,1,04,11,3,0,0,0,1,0,0,1,0
"POINT (8.360441387000037 49.011272798000050)",Unfall 181608 (2021) Kat:3, Licht: 0,181608,3,6,2,04,14,4,0,0,0,1,0,0,0,0
"POINT (8.396568203000072 49.009434990000045)",Unfall 181623 (2021) Kat:3, Licht: 0,181623,3,7,0,04,11,2,0,0,1,0,0,0,0,0
"POINT (8.470755650000058 49.001205368000058)",Unfall 181637 (2021) Kat:3, Licht: 0,181637,3,6,0,05,19,2,0,0,1,1,0,0,0,0
"POINT (8.336664249000023 48.994104340000035)",Unfall 181684 (2021) Kat:3, Licht: 0,181684,3,2,0,05,13,7,0,0,0,1,0,1,0,0
"POINT (8.439179496000065 49.007602618000078)",Unfall 181722 (2021) Kat:3, Licht: 0,181722,3,1,0,05,13,5,1,0,0,0,0,1,0,0
"POINT (8.390189124000074 49.026131472000031)",Unfall 181733 (2021) Kat:3, Licht: 0,181733,3,3,5,05,08,3,1,0,0,1,0,0,0,1
"POINT (8.421883896000054 49.010781071000054)",Unfall 181742 (2021) Kat:3, Licht: 0,181742,3,2,2,05,18,2,0,0,0,1,0,0,0,0
"POINT (8.492755795000051 49.006385464000061)",Unfall 181747 (2021) Kat:3, Licht: 0,181747,3,7,1,06,11,6,0,0,0,1,0,0,0,1
"POINT (8.440857590000064 49.028444727000078)",Unfall 181764 (2021) Kat:2, Licht: 0,181764,2,6,2,05,11,4,0,0,1,1,0,0,0,0
"POINT (8.356479103000026 49.007620062000058)",Unfall 181785 (2021) Kat:3, Licht: 0,181785,3,3,5,05,14,3,0,0,1,0,0,0,0,0
"POINT (8.464434866000033 49.000312163000046)",Unfall 181809 (2021) Kat:3, Licht: 0,181809,3,7,0,05,12,4,0,0,0,0,0,0,0,1
"POINT (8.389955841000074 48.994992485000068)",Unfall 181839 (2021) Kat:3, Licht: 0,181839,3,3,5,05,20,6,0,0,0,1,0,0,0,0
"POINT (8.361972630000025 49.009836086000064)",Unfall 181875 (2021) Kat:3, Licht: 0,181875,3,5,1,05,18,7,0,0,0,1,0,1,0,0
"POINT (8.365084935000027 49.010159014000067)",Unfall 181912 (2021) Kat:3, Licht: 0,181912,3,2,5,05,14,4,0,0,1,0,0,0,0,0
"POINT (8.312912109000024 49.036553894000065)",Unfall 181935 (2021) Kat:3, Licht: 0,181935,3,2,2,06,06,3,0,0,0,1,0,1,0,0
"POINT (8.346821927000065 49.003237540000043)",Unfall 181959 (2021) Kat:3, Licht: 0,181959,3,3,5,05,17,3,0,0,1,1,0,0,0,0
"POINT (8.446471127000052 49.036442091000026)",Unfall 181982 (2021) Kat:3, Licht: 0,181982,3,3,5,06,09,4,0,0,0,1,0,0,0,1
"POINT (8.378626972000063 48.997060103000081)",Unfall 182004 (2021) Kat:3, Licht: 0,182004,3,7,1,06,16,2,0,0,0,1,0,0,0,0
"POINT (8.420296295000071 49.000183679000031)",Unfall 182008 (2021) Kat:2, Licht: 0,182008,2,4,6,05,16,2,1,0,0,1,1,0,0,0
"POINT (8.456402940000032 48.985676951000073)",Unfall 182014 (2021) Kat:3, Licht: 0,182014,3,3,5,06,09,3,0,0,1,1,0,0,0,0
"POINT (8.447696508000035 49.003986552000072)",Unfall 182035 (2021) Kat:3, Licht: 0,182035,3,3,5,05,12,4,0,0,1,1,0,0,0,0
"POINT (8.405071468000074 48.966130986000053)",Unfall 182053 (2021) Kat:3, Licht: 0,182053,3,6,2,05,16,5,1,0,0,1,0,0,0,0
"POINT (8.395060669000031 48.998374540000043)",Unfall 182062 (2021) Kat:3, Licht: 0,182062,3,5,1,06,14,3,0,0,1,1,0,0,0,0
"POINT (8.449025000000063 48.992435027000056)",Unfall 182068 (2021) Kat:3, Licht: 0,182068,3,3,0,05,10,7,0,0,1,1,0,0,0,0
"POINT (8.410690487000068 48.999623720000045)",Unfall 182099 (2021) Kat:3, Licht: 0,182099,3,2,5,05,09,2,0,0,1,1,0,0,0,0
"POINT (8.341438851000021 49.031093786000042)",Unfall 182105 (2021) Kat:3, Licht: 0,182105,3,5,0,06,09,3,0,0,1,1,0,0,0,0
"POINT (8.451031683000053 48.995506253000030)",Unfall 182108 (2021) Kat:3, Licht: 0,182108,3,3,5,05,11,4,0,0,1,1,0,0,0,0
"POINT (8.445703101000049 49.036244291000060)",Unfall 182121 (2021) Kat:3, Licht: 0,182121,3,7,1,05,09,6,0,0,0,1,0,0,1,0
"POINT (8.409848702000033 48.996096529000056)",Unfall 182122 (2021) Kat:3, Licht: 0,182122,3,1,0,06,14,1,1,0,0,0,0,0,0,1
"POINT (8.384838401000025 49.017476737000038)",Unfall 182125 (2021) Kat:3, Licht: 0,182125,3,3,5,05,16,2,1,0,1,1,0,0,0,0
"POINT (8.410872647000076 48.997098358000073)",Unfall 182127 (2021) Kat:3, Licht: 0,182127,3,3,5,05,13,5,0,0,1,0,0,0,0,1
"POINT (8.436770008000053 49.007068316000073)",Unfall 182146 (2021) Kat:3, Licht: 0,182146,3,6,0,05,08,6,1,0,1,1,0,0,0,0
"POINT (8.391811349000022 48.990944979000062)",Unfall 182147 (2021) Kat:3, Licht: 0,182147,3,6,4,05,18,4,0,0,1,0,0,0,0,0
"POINT (8.389730190000023 49.009594708000066)",Unfall 182170 (2021) Kat:3, Licht: 2,182170,3,2,5,05,22,6,0,2,0,1,0,0,0,1
"POINT (8.394363672000054 49.005337008000026)",Unfall 182171 (2021) Kat:3, Licht: 0,182171,3,6,2,06,13,6,0,0,0,1,0,0,0,0
"POINT (8.455206988000043 49.002725198000064)",Unfall 182227 (2021) Kat:3, Licht: 0,182227,3,2,5,05,17,1,0,0,0,1,0,1,0,0
"POINT (8.474271257000055 48.999150635000035)",Unfall 182229 (2021) Kat:2, Licht: 0,182229,2,7,0,05,14,1,0,0,1,0,0,0,0,0
"POINT (8.375126343000034 49.009712742000033)",Unfall 182230 (2021) Kat:3, Licht: 0,182230,3,6,2,06,13,5,0,0,1,1,0,0,0,0
"POINT (8.423612205000040 49.009514932000059)",Unfall 182263 (2021) Kat:3, Licht: 0,182263,3,3,5,05,17,6,0,0,1,1,0,0,0,0
"POINT (8.395714176000070 49.053241999000079)",Unfall 182270 (2021) Kat:3, Licht: 2,182270,3,5,9,05,02,4,0,2,0,1,0,0,0,0
"POINT (8.376046633000044 49.006255927000041)",Unfall 182307 (2021) Kat:3, Licht: 0,182307,3,3,5,06,08,3,0,0,1,1,0,0,0,0
"POINT (8.405138355000076 49.010169528000063)",Unfall 182322 (2021) Kat:3, Licht: 2,182322,3,7,0,06,22,3,0,2,1,0,0,0,0,0
"POINT (8.457567651000033 49.029730610000058)",Unfall 182341 (2021) Kat:3, Licht: 0,182341,3,7,6,05,18,1,0,0,0,1,1,0,0,0
"POINT (8.354244126000026 49.017186331000062)",Unfall 182371 (2021) Kat:3, Licht: 0,182371,3,4,6,05,09,6,0,0,0,1,1,0,0,0
"POINT (8.419599660000074 49.009929332000070)",Unfall 182400 (2021) Kat:3, Licht: 0,182400,3,1,0,05,12,5,0,0,1,0,0,0,0,0
"POINT (8.331842306000055 49.005391068000051)",Unfall 182402 (2021) Kat:2, Licht: 0,182402,2,7,0,05,16,5,0,0,1,0,0,0,0,0
"POINT (8.368862364000051 49.012058385000046)",Unfall 182429 (2021) Kat:3, Licht: 0,182429,3,6,8,05,14,2,0,0,1,0,0,0,0,1
"POINT (8.467153887000052 48.999521328000071)",Unfall 182445 (2021) Kat:3, Licht: 0,182445,3,3,5,06,14,5,0,0,1,1,0,0,0,0
"POINT (8.461603165000042 48.996951218000049)",Unfall 182448 (2021) Kat:3, Licht: 0,182448,3,7,6,05,14,3,0,0,1,0,1,0,0,0
"POINT (8.406099299000061 49.009492832000035)",Unfall 182454 (2021) Kat:3, Licht: 2,182454,3,7,0,05,01,7,0,2,1,0,0,0,0,0
"POINT (8.497726253000053 49.004491552000047)",Unfall 182468 (2021) Kat:3, Licht: 0,182468,3,2,2,05,17,6,0,0,0,1,0,0,0,0
"POINT (8.418021646000057 49.010840875000042)",Unfall 182470 (2021) Kat:3, Licht: 0,182470,3,7,0,06,16,6,0,0,1,0,0,0,0,0
"POINT (8.396969058000025 49.023385971000039)",Unfall 182483 (2021) Kat:3, Licht: 0,182483,3,3,5,05,09,4,0,0,1,0,0,0,0,1
"POINT (8.332418329000063 49.005234654000049)",Unfall 182492 (2021) Kat:3, Licht: 0,182492,3,4,6,06,10,6,0,0,0,1,1,0,0,0
"POINT (8.383187571000065 49.048403265000047)",Unfall 182511 (2021) Kat:3, Licht: 0,182511,3,3,5,05,16,6,0,0,1,0,0,0,0,0
"POINT (8.371547852000049 49.005999601000042)",Unfall 182522 (2021) Kat:3, Licht: 0,182522,3,7,1,05,08,4,1,0,1,1,0,0,0,0
"POINT (8.362204771000052 49.009778032000042)",Unfall 182544 (2021) Kat:3, Licht: 0,182544,3,3,5,05,17,2,0,0,0,1,0,1,0,0
"POINT (8.475042526000038 48.997624928000050)",Unfall 182563 (2021) Kat:3, Licht: 0,182563,3,7,5,05,13,6,0,0,1,1,0,0,0,0
"POINT (8.371698863000063 49.008946003000062)",Unfall 182578 (2021) Kat:3, Licht: 0,182578,3,3,0,05,16,1,0,0,0,1,0,1,0,0
"POINT (8.387371013000063 49.007630214000073)",Unfall 182581 (2021) Kat:3, Licht: 0,182581,3,2,0,05,16,3,0,0,1,1,0,0,0,0
"POINT (8.433068897000055 49.014585484000065)",Unfall 182588 (2021) Kat:3, Licht: 0,182588,3,3,5,05,13,6,0,0,0,1,0,1,0,0
"POINT (8.432338896000033 49.020422994000057)",Unfall 182594 (2021) Kat:3, Licht: 0,182594,3,3,0,05,14,1,0,0,1,1,0,0,0,0
"POINT (8.393272511000021 49.006316803000061)",Unfall 182627 (2021) Kat:3, Licht: 0,182627,3,3,5,05,13,6,0,0,1,0,0,0,0,1
"POINT (8.374758185000076 49.028654105000044)",Unfall 182631 (2021) Kat:2, Licht: 0,182631,2,2,5,05,09,3,0,0,1,0,0,0,0,1
"POINT (8.432401384000059 49.014430487000027)",Unfall 182647 (2021) Kat:3, Licht: 0,182647,3,7,0,05,17,1,0,0,1,0,0,0,0,0
"POINT (8.430622518000064 49.029093783000064)",Unfall 182678 (2021) Kat:3, Licht: 0,182678,3,2,2,05,17,1,0,0,0,1,0,0,0,0
"POINT (8.448284275000049 49.005384686000070)",Unfall 182682 (2021) Kat:2, Licht: 0,182682,2,3,5,06,12,3,0,0,0,1,0,1,0,0
"POINT (8.383350398000061 49.004403673000070)",Unfall 182735 (2021) Kat:3, Licht: 0,182735,3,3,0,06,15,5,0,0,1,1,0,0,0,0
"POINT (8.388200103000031 49.007598910000070)",Unfall 182748 (2021) Kat:3, Licht: 0,182748,3,5,1,06,14,5,0,0,1,1,0,0,0,0
"POINT (8.405866793000030 49.006759990000035)",Unfall 182766 (2021) Kat:3, Licht: 0,182766,3,5,1,06,16,3,1,0,1,1,0,0,0,0
"POINT (8.426923341000077 49.018938725000055)",Unfall 182778 (2021) Kat:3, Licht: 0,182778,3,3,5,06,17,6,0,0,1,0,0,0,0,0
"POINT (8.386906216000057 49.059701752000080)",Unfall 182780 (2021) Kat:3, Licht: 0,182780,3,3,5,06,14,6,0,0,0,1,0,1,0,0
"POINT (8.448031976000038 49.047136296000076)",Unfall 182792 (2021) Kat:3, Licht: 0,182792,3,7,1,06,16,3,0,0,0,1,0,0,0,0
"POINT (8.347288069000058 48.997878095000033)",Unfall 182810 (2021) Kat:3, Licht: 0,182810,3,3,5,06,16,2,0,0,1,1,0,0,0,0
"POINT (8.366750727000067 49.018127071000038)",Unfall 182822 (2021) Kat:3, Licht: 0,182822,3,6,4,06,07,4,1,0,1,0,0,0,0,0
"POINT (8.460661617000028 49.001113677000035)",Unfall 182834 (2021) Kat:3, Licht: 0,182834,3,6,2,06,12,7,0,0,0,0,0,1,0,1
"POINT (8.341654801000061 49.018468361000032)",Unfall 182854 (2021) Kat:3, Licht: 0,182854,3,2,0,06,09,4,0,0,0,1,0,1,0,0
"POINT (8.390907455000047 49.001995220000026)",Unfall 182867 (2021) Kat:3, Licht: 0,182867,3,3,5,06,12,5,0,0,0,1,0,0,0,1
"POINT (8.393248513000060 49.010088014000075)",Unfall 182871 (2021) Kat:3, Licht: 2,182871,3,7,6,06,00,1,0,2,0,0,1,0,0,1
"POINT (8.434429938000051 49.010668201000044)",Unfall 182883 (2021) Kat:3, Licht: 0,182883,3,3,0,06,18,7,0,0,1,1,0,0,0,0
"POINT (8.401434163000033 49.007583804000035)",Unfall 182887 (2021) Kat:3, Licht: 0,182887,3,3,6,06,16,5,0,0,1,0,1,0,0,0
"POINT (8.359426134000046 49.010827943000038)",Unfall 182896 (2021) Kat:3, Licht: 0,182896,3,5,0,06,12,3,0,0,0,1,0,1,0,0
"POINT (8.405852013000072 48.992786706000061)",Unfall 182914 (2021) Kat:3, Licht: 0,182914,3,1,0,06,19,2,1,0,1,0,0,0,0,0
"POINT (8.410562275000075 48.996138944000052)",Unfall 182921 (2021) Kat:3, Licht: 0,182921,3,5,1,06,12,1,0,0,1,1,0,0,0,0
"POINT (8.464057291000074 49.027187216000073)",Unfall 182929 (2021) Kat:2, Licht: 0,182929,2,7,0,06,17,5,0,0,1,0,0,0,0,0
"POINT (8.335677377000025 49.035315148000052)",Unfall 182962 (2021) Kat:3, Licht: 2,182962,3,1,1,06,01,2,0,2,0,1,0,0,0,0
"POINT (8.397932172000026 49.016077009000071)",Unfall 182964 (2021) Kat:3, Licht: 2,182964,3,7,7,06,03,3,0,2,1,0,0,0,0,0
"POINT (8.325576770000055 49.004366839000056)",Unfall 182973 (2021) Kat:3, Licht: 2,182973,3,1,1,06,00,1,0,2,0,1,0,1,0,0
"POINT (8.411676242000055 49.008575248000056)",Unfall 182982 (2021) Kat:3, Licht: 2,182982,3,7,0,06,03,4,0,2,1,0,0,0,0,0
"POINT (8.329376183000022 49.006158539000069)",Unfall 183008 (2021) Kat:3, Licht: 0,183008,3,6,4,06,08,5,0,0,1,1,0,0,0,0
"POINT (8.339651416000038 49.007697047000079)",Unfall 183009 (2021) Kat:3, Licht: 0,183009,3,2,5,06,10,7,0,0,0,1,0,0,0,1
"POINT (8.392350440000030 49.004742350000072)",Unfall 183013 (2021) Kat:3, Licht: 0,183013,3,7,6,06,11,2,0,0,1,0,1,0,0,0
"POINT (8.367836786000055 49.006817133000027)",Unfall 183023 (2021) Kat:3, Licht: 0,183023,3,5,1,06,13,1,0,0,0,1,0,1,0,0
"POINT (8.452386799000067 48.973573928000064)",Unfall 183033 (2021) Kat:2, Licht: 0,183033,2,3,5,06,15,6,0,0,1,0,0,0,0,1
"POINT (8.409979890000045 49.009223322000025)",Unfall 183060 (2021) Kat:3, Licht: 0,183060,3,2,6,06,16,4,0,0,0,1,1,0,0,0
"POINT (8.385492665000072 49.058291261000079)",Unfall 183066 (2021) Kat:2, Licht: 0,183066,2,3,5,06,12,3,0,0,1,1,0,0,0,0
"POINT (8.414827574000071 49.009051942000042)",Unfall 183082 (2021) Kat:3, Licht: 0,183082,3,5,1,06,15,7,0,0,1,1,0,0,0,0
"POINT (8.371753137000042 49.007290163000050)",Unfall 183095 (2021) Kat:3, Licht: 0,183095,3,3,5,06,16,3,0,0,1,1,0,0,0,0
"POINT (8.399577229000045 49.003446011000051)",Unfall 183113 (2021) Kat:3, Licht: 0,183113,3,4,6,06,19,6,0,0,0,0,1,0,0,1
"POINT (8.371853779000048 48.997579991000066)",Unfall 183121 (2021) Kat:3, Licht: 0,183121,3,5,1,06,14,7,0,0,0,1,0,1,0,0
"POINT (8.483124834000023 49.005275732000030)",Unfall 183122 (2021) Kat:3, Licht: 0,183122,3,1,0,06,19,5,1,0,1,0,0,0,0,0
"POINT (8.414899464000030 49.004034519000072)",Unfall 183144 (2021) Kat:3, Licht: 0,183144,3,3,5,06,13,7,0,0,1,1,0,0,0,0
"POINT (8.389591979000045 49.012659521000046)",Unfall 183226 (2021) Kat:3, Licht: 0,183226,3,5,1,06,12,3,0,0,1,1,0,0,0,0
"POINT (8.393554208000069 48.986657970000067)",Unfall 183232 (2021) Kat:3, Licht: 0,183232,3,5,1,06,14,2,0,0,1,1,0,0,0,0
"POINT (8.398227232000067 49.005351287000053)",Unfall 183276 (2021) Kat:3, Licht: 0,183276,3,3,5,06,12,3,0,0,1,1,0,0,0,0
"POINT (8.431937280000056 49.010313848000067)",Unfall 183304 (2021) Kat:3, Licht: 0,183304,3,2,5,06,11,7,0,0,0,1,0,0,0,0
"POINT (8.438713548000067 49.041536379000036)",Unfall 183328 (2021) Kat:3, Licht: 2,183328,3,7,0,06,00,7,0,2,0,0,0,0,0,1
"POINT (8.376598908000062 49.018889664000028)",Unfall 183334 (2021) Kat:3, Licht: 0,183334,3,3,5,06,14,6,0,0,0,1,0,1,0,0