WKT,Name,OBJECTID,UKATEGORIE,UTYP1,UART,UMONAT,USTUNDE,UWOCHENTAG,STRZUSTAND,ULICHTVERH,ISTRAD,ISTPKW,ISTFUSS,ISTKRAD,ISTGKFZ,ISTSONSTIG
"POINT (8.362610295000025 49.010613066000076)",Unfall 183376 (2021) Kat:3, Licht: 0,183376,3,3,5,06,18,4,1,0,0,1,0,1,0,0
"POINT (8.361043752000057 48.996493074000057)",Unfall 183380 (2021) Kat:3, Licht: 0,183380,3,3,5,06,12,6,0,0,1,0,0,0,0,1
"POINT (8.398027903000070 48.994344837000028)",Unfall 183393 (2021) Kat:3, Licht: 0,183393,3,3,5,06,07,5,0,0,0,1,0,0,0,0
"POINT (8.405941329000029 49.001405184000077)",Unfall 183432 (2021) Kat:3, Licht: 0,183432,3,5,1,06,14,3,0,0,1,1,0,0,0,0
"POINT (8.395282564000070 48.987758260000078)",Unfall 183447 (2021) Kat:3, Licht: 2,183447,3,1,1,06,21,3,0,2,1,1,0,0,0,0
"POINT (8.359116590000042 49.010438238000063)",Unfall 183463 (2021) Kat:3, Licht: 0,183463,3,4,0,06,07,6,0,0,0,0,1,0,0,1
"POINT (8.398003502000051 49.003428047000057)",Unfall 183471 (2021) Kat:3, Licht: 0,183471,3,5,1,06,15,1,0,0,1,0,0,0,0,1
"POINT (8.498389677000034 49.014819520000060)",Unfall 183493 (2021) Kat:2, Licht: 0,183493,2,5,1,06,10,4,0,0,1,1,0,0,0,0
"POINT (8.410906445000023 48.997084750000056)",Unfall 183494 (2021) Kat:3, Licht: 0,183494,3,2,5,06,17,5,0,0,1,1,0,0,0,0
"POINT (8.355520191000039 49.002032395000072)",Unfall 183512 (2021) Kat:3, Licht: 0,183512,3,7,8,06,18,6,0,0,0,0,0,1,0,0
"POINT (8.424075029000051 49.002857020000079)",Unfall 183516 (2021) Kat:3, Licht: 0,183516,3,3,5,06,08,4,0,0,0,1,0,1,0,0
"POINT (8.359842407000031 49.013856675000056)",Unfall 183528 (2021) Kat:3, Licht: 0,183528,3,5,1,06,12,3,0,0,1,1,0,0,0,0
"POINT (8.425190698000051 49.018570450000027)",Unfall 183585 (2021) Kat:3, Licht: 0,183585,3,5,1,06,14,6,0,0,1,1,0,0,0,0
"POINT (8.413010785000040 48.997643499000048)",Unfall 183600 (2021) Kat:3, Licht: 0,183600,3,1,0,06,08,2,0,0,1,0,0,0,0,0
"POINT (8.436454203000039 49.005431438000073)",Unfall 183605 (2021) Kat:3, Licht: 0,183605,3,6,1,06,09,3,0,0,0,1,0,0,0,0
"POINT (8.357956676000072 49.012110477000078)",Unfall 183668 (2021) Kat:3, Licht: 0,183668,3,6,2,06,09,4,0,0,1,1,0,0,0,0
"POINT (8.405207332000032 48.997537034000061)",Unfall 183675 (2021) Kat:3, Licht: 0,183675,3,7,0,06,15,1,0,0,1,0,0,0,0,0
"POINT (8.394060878000062 49.014391635000038)",Unfall 183679 (2021) Kat:3, Licht: 0,183679,3,6,6,06,13,6,0,0,1,0,1,0,0,0
"POINT (8.410503403000064 49.000804767000034)",Unfall 183690 (2021) Kat:3, Licht: 0,183690,3,4,6,06,10,2,0,0,0,0,1,0,0,1
"POINT (8.457514566000043 48.996926787000064)",Unfall 183691 (2021) Kat:3, Licht: 0,183691,3,3,5,06,12,5,0,0,0,1,0,0,0,0
"POINT (8.404052215000036 49.003817381000033)",Unfall 183704 (2021) Kat:3, Licht: 0,183704,3,6,2,06,07,3,0,0,1,0,0,0,0,1
"POINT (8.395200300000056 49.009996550000039)",Unfall 183717 (2021) Kat:3, Licht: 0,183717,3,7,0,06,20,7,0,0,1,0,0,0,0,0
"POINT (8.361148411000045 49.014260994000040)",Unfall 183733 (2021) Kat:3, Licht: 0,183733,3,3,5,06,12,5,0,0,1,0,0,0,0,0
"POINT (8.406350114000077 49.001416029000040)",Unfall 183764 (2021) Kat:3, Licht: 0,183764,3,7,6,07,12,6,0,0,0,1,1,0,0,0
"POINT (8.415314171000034 49.020548561000055)",Unfall 183809 (2021) Kat:3, Licht: 1,183809,3,6,2,07,20,5,0,1,0,1,0,1,0,0
"POINT (8.349238658000047 49.014667998000050)",Unfall 183855 (2021) Kat:3, Licht: 0,183855,3,6,2,07,11,3,0,0,0,1,0,1,0,0
"POINT (8.410437511000055 49.002246472000081)",Unfall 183868 (2021) Kat:2, Licht: 0,183868,2,2,5,07,19,6,0,0,1,0,0,0,0,1
"POINT (8.347060486000032 49.014243232000069)",Unfall 183878 (2021) Kat:2, Licht: 0,183878,2,2,5,07,06,4,0,0,0,1,0,1,0,0
"POINT (8.380854513000031 48.998939930000063)",Unfall 183908 (2021) Kat:3, Licht: 0,183908,3,2,0,07,06,2,0,0,1,0,0,0,0,0
"POINT (8.332043914000053 49.008540161000042)",Unfall 183910 (2021) Kat:2, Licht: 0,183910,2,7,0,07,16,5,1,0,1,0,0,0,0,0
"POINT (8.406805460000044 49.001428106000049)",Unfall 183931 (2021) Kat:3, Licht: 0,183931,3,7,0,07,18,3,0,0,1,0,0,0,0,1
"POINT (8.387029686000062 49.031803361000073)",Unfall 183946 (2021) Kat:3, Licht: 0,183946,3,2,5,07,15,2,0,0,1,1,0,0,0,0
"POINT (8.422025935000022 49.009462453000026)",Unfall 183971 (2021) Kat:3, Licht: 0,183971,3,5,1,07,12,6,1,0,1,1,0,0,0,0
"POINT (8.388995697000041 49.010661325000058)",Unfall 184017 (2021) Kat:3, Licht: 0,184017,3,6,2,07,20,5,0,0,0,1,0,0,0,0
"POINT (8.437863980000031 49.009218158000067)",Unfall 184023 (2021) Kat:3, Licht: 0,184023,3,7,6,07,15,2,0,0,0,0,1,0,0,1
"POINT (8.393389778000028 49.027325413000028)",Unfall 184024 (2021) Kat:3, Licht: 0,184024,3,7,0,07,18,7,0,0,1,0,0,0,0,0
"POINT (8.390906650000034 49.001985605000073)",Unfall 184032 (2021) Kat:3, Licht: 0,184032,3,2,2,07,14,6,0,0,1,1,0,0,0,0
"POINT (8.390131338000060 49.009467427000061)",Unfall 184047 (2021) Kat:2, Licht: 0,184047,2,5,1,07,15,3,1,0,1,0,0,0,0,1
"POINT (8.428336503000025 49.011219553000046)",Unfall 184076 (2021) Kat:3, Licht: 0,184076,3,5,1,07,12,2,0,0,1,1,0,0,0,0
"POINT (8.406938714000034 49.004095860000064)",Unfall 184237 (2021) Kat:3, Licht: 0,184237,3,3,5,07,18,5,1,0,1,1,0,0,0,0
"POINT (8.387631586000055 49.012487115000056)",Unfall 184239 (2021) Kat:3, Licht: 0,184239,3,3,5,07,15,4,0,0,0,1,0,0,0,1
"POINT (8.375123658000064 49.014344177000055)",Unfall 184244 (2021) Kat:3, Licht: 0,184244,3,5,1,07,16,4,0,0,1,1,0,0,0,0
"POINT (8.389520848000075 48.993031116000054)",Unfall 184291 (2021) Kat:3, Licht: 0,184291,3,5,1,07,07,4,0,0,1,1,0,0,0,0
"POINT (8.403230979000057 49.003765364000060)",Unfall 184354 (2021) Kat:3, Licht: 0,184354,3,7,0,07,20,5,0,0,1,0,0,0,0,0
"POINT (8.418047081000054 49.011258832000067)",Unfall 184357 (2021) Kat:3, Licht: 0,184357,3,7,1,07,14,7,0,0,0,1,0,0,0,0
"POINT (8.374128887000040 49.013655130000075)",Unfall 184391 (2021) Kat:3, Licht: 0,184391,3,5,1,07,14,6,0,0,0,1,0,0,0,1
"POINT (8.462894923000022 49.000473699000054)",Unfall 184407 (2021) Kat:3, Licht: 0,184407,3,1,0,07,14,3,1,0,1,0,0,0,0,0
"POINT (8.495676480000043 49.023966315000052)",Unfall 184418 (2021) Kat:3, Licht: 0,184418,3,1,0,07,18,2,0,0,1,0,0,0,0,0
"POINT (8.358568623000053 48.995640396000056)",Unfall 184423 (2021) Kat:3, Licht: 0,184423,3,7,1,07,11,5,0,0,0,1,0,0,0,1
"POINT (8.432719381000027 49.004451122000035)",Unfall 184430 (2021) Kat:3, Licht: 0,184430,3,7,2,07,09,2,0,0,0,0,0,0,1,1
"POINT (8.390436547000036 48.982156289000045)",Unfall 184451 (2021) Kat:2, Licht: 0,184451,2,3,5,07,08,4,0,0,1,0,0,0,0,1
"POINT (8.442701799000076 49.004828104000069)",Unfall 184453 (2021) Kat:3, Licht: 0,184453,3,2,5,07,10,7,0,0,1,1,0,0,0,0
"POINT (8.443528413000024 49.034070204000045)",Unfall 184482 (2021) Kat:3, Licht: 0,184482,3,7,0,07,17,2,0,0,1,1,0,0,0,0
"POINT (8.380168356000070 49.010577760000047)",Unfall 184515 (2021) Kat:3, Licht: 0,184515,3,3,5,07,17,1,0,0,1,0,0,0,0,0
"POINT (8.342778542000076 48.994896139000048)",Unfall 184518 (2021) Kat:3, Licht: 0,184518,3,3,5,07,08,1,0,0,0,1,0,0,0,0
"POINT (8.455888245000040 48.988704707000068)",Unfall 184537 (2021) Kat:3, Licht: 0,184537,3,6,6,07,16,4,0,0,0,1,1,0,0,0
"POINT (8.395816355000022 49.010716139000067)",Unfall 184546 (2021) Kat:3, Licht: 0,184546,3,6,6,07,19,1,0,0,0,1,1,0,0,1
"POINT (8.382411580000053 49.010705681000047)",Unfall 184568 (2021) Kat:3, Licht: 0,184568,3,7,6,07,16,6,0,0,0,0,1,0,0,1
"POINT (8.391689873000075 49.010159407000060)",Unfall 184596 (2021) Kat:3, Licht: 0,184596,3,1,0,07,14,5,1,0,1,0,0,0,0,0
"POINT (8.398027164000041 49.002407045000041)",Unfall 184642 (2021) Kat:3, Licht: 0,184642,3,2,5,07,19,3,0,0,0,1,0,0,0,1
"POINT (8.396157198000026 48.965496540000061)",Unfall 184666 (2021) Kat:3, Licht: 0,184666,3,7,2,07,16,2,0,0,0,0,0,1,0,1
"POINT (8.403839167000058 49.006902342000046)",Unfall 184668 (2021) Kat:3, Licht: 0,184668,3,7,0,07,08,6,1,0,1,0,0,0,1,0
"POINT (8.382156095000028 49.010527871000079)",Unfall 184672 (2021) Kat:3, Licht: 1,184672,3,7,0,07,20,7,0,1,0,1,0,1,0,0
"POINT (8.483336583000039 48.947327781000070)",Unfall 184678 (2021) Kat:3, Licht: 0,184678,3,7,6,07,10,5,1,0,0,1,1,0,0,0
"POINT (8.336583449000045 48.994080809000081)",Unfall 184684 (2021) Kat:3, Licht: 0,184684,3,3,5,07,17,6,0,0,1,0,0,0,0,1
"POINT (8.374831124000025 49.013556211000036)",Unfall 184733 (2021) Kat:3, Licht: 0,184733,3,3,5,07,13,4,0,0,1,0,0,0,0,1
"POINT (8.400103463000050 48.994655840000064)",Unfall 184753 (2021) Kat:3, Licht: 2,184753,3,7,0,07,22,3,1,2,1,0,0,0,0,0
"POINT (8.429873365000049 49.006497358000047)",Unfall 184813 (2021) Kat:3, Licht: 0,184813,3,2,5,08,18,3,0,0,1,1,0,0,0,0
"POINT (8.367912688000047 49.008163043000081)",Unfall 184847 (2021) Kat:3, Licht: 0,184847,3,1,2,08,16,4,0,0,1,1,0,0,0,0
"POINT (8.407811764000030 49.004587006000065)",Unfall 184858 (2021) Kat:3, Licht: 0,184858,3,6,3,08,11,3,1,0,1,1,0,0,0,0
"POINT (8.398047464000058 49.005227215000048)",Unfall 184861 (2021) Kat:3, Licht: 0,184861,3,5,1,08,10,5,0,0,0,1,0,0,1,0
"POINT (8.383765384000071 49.014806854000028)",Unfall 184922 (2021) Kat:3, Licht: 0,184922,3,6,2,07,16,5,0,0,1,0,0,0,0,0
"POINT (8.384463821000054 49.014794169000027)",Unfall 184928 (2021) Kat:3, Licht: 0,184928,3,6,2,07,14,5,0,0,0,1,0,0,0,0
"POINT (8.401544795000063 49.007546264000041)",Unfall 184933 (2021) Kat:3, Licht: 0,184933,3,3,5,08,11,3,0,0,1,1,0,0,0,0
"POINT (8.359168958000055 49.018416778000073)",Unfall 184936 (2021) Kat:3, Licht: 0,184936,3,3,5,08,08,7,0,0,1,1,0,0,0,0
"POINT (8.472398787000031 49.003465423000080)",Unfall 184942 (2021) Kat:3, Licht: 0,184942,3,3,5,07,11,7,0,0,1,1,0,0,0,0
"POINT (8.386489472000051 49.029266129000064)",Unfall 184943 (2021) Kat:3, Licht: 0,184943,3,3,5,07,17,2,0,0,1,1,0,0,0,0
"POINT (8.391076624000050 49.010185652000075)",Unfall 184977 (2021) Kat:3, Licht: 0,184977,3,7,0,07,19,5,0,0,1,0,0,0,0,0
"POINT (8.417191570000057 49.005112485000041)",Unfall 184978 (2021) Kat:3, Licht: 0,184978,3,4,6,07,07,5,0,0,1,0,1,0,0,0
"POINT (8.409922601000062 49.008751603000064)",Unfall 185000 (2021) Kat:3, Licht: 0,185000,3,7,6,08,11,1,0,0,0,0,1,0,0,1
"POINT (8.385026755000069 49.020323260000055)",Unfall 185020 (2021) Kat:3, Licht: 0,185020,3,3,5,08,09,6,0,0,1,1,0,0,0,0
"POINT (8.403260809000074 49.002709522000032)",Unfall 185025 (2021) Kat:3, Licht: 0,185025,3,7,0,08,15,6,0,0,0,0,1,0,0,1
"POINT (8.386323246000075 49.028603140000030)",Unfall 185031 (2021) Kat:2, Licht: 0,185031,2,3,5,07,20,4,0,0,1,1,0,0,0,0
"POINT (8.354260733000046 48.997135793000041)",Unfall 185046 (2021) Kat:3, Licht: 0,185046,3,7,0,07,12,6,0,0,1,0,0,0,0,0
"POINT (8.344647320000036 49.017015261000040)",Unfall 185064 (2021) Kat:3, Licht: 0,185064,3,3,5,08,10,5,0,0,0,1,0,0,0,1
"POINT (8.383711186000028 49.053658442000028)",Unfall 185093 (2021) Kat:1, Licht: 0,185093,1,3,5,07,14,5,0,0,1,0,0,0,0,0
"POINT (8.383398425000053 49.010659664000059)",Unfall 185155 (2021) Kat:3, Licht: 0,185155,3,3,5,08,15,1,0,0,1,0,0,0,0,0
"POINT (8.368361633000063 48.992181692000031)",Unfall 185182 (2021) Kat:3, Licht: 0,185182,3,2,2,07,09,5,0,0,0,1,0,0,0,0
"POINT (8.408213811000053 48.993372696000051)",Unfall 185189 (2021) Kat:3, Licht: 0,185189,3,6,2,08,14,5,0,0,0,1,0,1,0,0
"POINT (8.385317578000070 49.014763909000067)",Unfall 185194 (2021) Kat:2, Licht: 0,185194,2,6,3,08,15,1,0,0,1,0,0,0,0,0
"POINT (8.405540812000027 49.003600293000034)",Unfall 185210 (2021) Kat:3, Licht: 0,185210,3,7,1,07,17,2,0,0,1,1,0,0,0,0
"POINT (8.439458701000035 48.997008445000063)",Unfall 185216 (2021) Kat:3, Licht: 0,185216,3,3,5,07,13,6,0,0,1,1,0,0,0,0
"POINT (8.379621759000031 49.009169073000066)",Unfall 185235 (2021) Kat:3, Licht: 0,185235,3,3,5,08,17,3,1,0,0,1,0,0,0,1
"POINT (8.368020408000064 49.007155140000066)",Unfall 185243 (2021) Kat:3, Licht: 0,185243,3,4,2,07,16,1,0,0,1,0,1,0,0,0
"POINT (8.427338953000060 49.000115738000034)",Unfall 185248 (2021) Kat:3, Licht: 0,185248,3,3,5,08,09,4,0,0,1,1,0,0,0,0
"POINT (8.372870693000039 49.008576886000071)",Unfall 185266 (2021) Kat:3, Licht: 0,185266,3,5,1,08,16,2,0,0,1,1,0,0,0,0
"POINT (8.439058447000036 49.014130627000043)",Unfall 185285 (2021) Kat:3, Licht: 0,185285,3,3,5,07,14,6,0,0,1,1,0,0,0,0
"POINT (8.348799122000059 49.006062048000047)",Unfall 185308 (2021) Kat:2, Licht: 0,185308,2,6,2,08,16,5,0,0,0,1,0,1,0,0
"POINT (8.386750956000071 49.030943055000080)",Unfall 185388 (2021) Kat:3, Licht: 0,185388,3,3,5,07,13,6,0,0,1,1,0,0,0,0
"POINT (8.404799569000033 48.971291286000053)",Unfall 185418 (2021) Kat:3, Licht: 0,185418,3,7,2,07,15,3,0,0,1,1,0,0,0,0
"POINT (8.338510121000070 49.002127006000080)",Unfall 185420 (2021) Kat:3, Licht: 2,185420,3,5,1,07,23,5,0,2,0,1,0,0,0,1
"POINT (8.398394468000049 49.002503168000032)",Unfall 185446 (2021) Kat:3, Licht: 0,185446,3,5,1,08,17,3,0,0,1,1,0,0,0,0
"POINT (8.394733140000028 49.010019079000074)",Unfall 185451 (2021) Kat:3, Licht: 0,185451,3,7,0,07,15,4,1,0,1,0,0,0,0,0
"POINT (8.408417962000044 49.023654781000062)",Unfall 185458 (2021) Kat:3, Licht: 0,185458,3,3,5,08,15,2,0,0,1,0,0,0,0,1
"POINT (8.355970679000052 49.012994436000042)",Unfall 185463 (2021) Kat:3, Licht: 0,185463,3,3,5,07,15,3,0,0,1,1,0,0,0,0
"POINT (8.391868200000033 49.002944636000052)",Unfall 185473 (2021) Kat:3, Licht: 0,185473,3,6,2,08,14,4,0,0,1,1,0,0,0,0
"POINT (8.377590343000065 48.989385019000053)",Unfall 185484 (2021) Kat:3, Licht: 0,185484,3,5,1,08,17,5,0,0,1,1,0,0,0,0
"POINT (8.341321299000072 48.996003430000030)",Unfall 185501 (2021) Kat:3, Licht: 0,185501,3,5,1,07,08,6,0,0,0,1,0,0,0,1
"POINT (8.409828173000051 49.007815704000052)",Unfall 185506 (2021) Kat:3, Licht: 2,185506,3,3,5,07,04,7,0,2,0,1,0,0,0,0
"POINT (8.395263762000070 49.009993743000052)",Unfall 185546 (2021) Kat:2, Licht: 2,185546,2,7,0,07,22,3,1,2,1,0,0,0,0,0
"POINT (8.386345886000072 49.028627971000049)",Unfall 185553 (2021) Kat:2, Licht: 0,185553,2,3,5,08,15,7,1,0,1,1,0,0,0,0
"POINT (8.367136275000064 49.044417618000068)",Unfall 185596 (2021) Kat:3, Licht: 0,185596,3,5,1,07,15,3,0,0,1,1,0,0,0,0
"POINT (8.386906864000025 49.004348150000055)",Unfall 185664 (2021) Kat:3, Licht: 0,185664,3,7,0,07,20,1,0,0,1,0,0,0,0,0
"POINT (8.397025178000035 48.995821572000068)",Unfall 185669 (2021) Kat:3, Licht: 2,185669,3,3,5,08,22,4,0,2,1,0,0,0,0,1
"POINT (8.387472896000077 49.012496945000066)",Unfall 185674 (2021) Kat:3, Licht: 0,185674,3,3,5,08,07,4,0,0,1,1,0,0,0,0
"POINT (8.390004227000077 49.007395999000039)",Unfall 185700 (2021) Kat:3, Licht: 0,185700,3,5,1,08,15,1,0,0,1,1,0,0,0,0
"POINT (8.394288038000070 49.010041267000076)",Unfall 185707 (2021) Kat:3, Licht: 0,185707,3,7,0,07,18,4,0,0,1,0,0,0,0,0
"POINT (8.423464397000032 49.011421502000076)",Unfall 185714 (2021) Kat:3, Licht: 0,185714,3,3,5,08,10,3,0,0,0,1,0,0,0,1
"POINT (8.372780501000022 49.051347988000032)",Unfall 185726 (2021) Kat:2, Licht: 0,185726,2,7,0,07,08,7,1,0,1,0,0,0,0,0
"POINT (8.478344190000030 49.004125511000041)",Unfall 185777 (2021) Kat:3, Licht: 1,185777,3,6,4,07,19,7,0,1,0,1,0,0,0,0
"POINT (8.380903894000028 48.999778764000041)",Unfall 185799 (2021) Kat:3, Licht: 0,185799,3,5,0,08,16,4,0,0,0,1,0,0,0,1
"POINT (8.345949275000066 49.033055511000043)",Unfall 185804 (2021) Kat:3, Licht: 0,185804,3,3,5,08,15,4,0,0,1,1,0,0,0,0
"POINT (8.332422604000044 49.007421414000078)",Unfall 185806 (2021) Kat:3, Licht: 2,185806,3,5,1,08,02,6,0,2,0,1,0,0,0,0
"POINT (8.405774608000058 49.009507080000049)",Unfall 185815 (2021) Kat:3, Licht: 2,185815,3,4,6,09,22,7,0,2,1,0,1,0,0,0
"POINT (8.415732805000061 49.008166141000061)",Unfall 185822 (2021) Kat:3, Licht: 2,185822,3,1,0,08,03,4,1,2,0,0,0,0,0,1
"POINT (8.413292205000062 49.003841891000036)",Unfall 185833 (2021) Kat:2, Licht: 0,185833,2,7,5,09,15,2,0,0,1,0,0,0,0,1
"POINT (8.402407990000029 48.983684449000066)",Unfall 185845 (2021) Kat:2, Licht: 0,185845,2,7,6,09,15,5,0,0,0,1,1,0,0,0
"POINT (8.414282881000076 49.007345357000077)",Unfall 185907 (2021) Kat:3, Licht: 2,185907,3,1,0,08,20,1,1,2,0,0,0,1,0,0
"POINT (8.358822786000076 49.005519833000051)",Unfall 185920 (2021) Kat:3, Licht: 0,185920,3,5,1,09,16,4,0,0,1,1,0,0,0,0
"POINT (8.394410593000032 49.005336502000034)",Unfall 185921 (2021) Kat:3, Licht: 1,185921,3,1,0,08,20,6,0,1,0,0,0,1,0,0
"POINT (8.384530891000054 49.053059100000041)",Unfall 185932 (2021) Kat:3, Licht: 0,185932,3,3,5,09,16,2,0,0,0,0,0,1,0,1
"POINT (8.337394018000055 48.992205018000050)",Unfall 185976 (2021) Kat:3, Licht: 0,185976,3,7,1,08,17,4,0,0,1,1,0,0,0,0
"POINT (8.386866550000036 49.004342180000037)",Unfall 185982 (2021) Kat:3, Licht: 0,185982,3,1,1,08,09,1,1,0,1,1,0,0,0,0
"POINT (8.376358016000040 49.010831562000078)",Unfall 186000 (2021) Kat:3, Licht: 0,186000,3,3,5,09,11,1,0,0,1,1,0,0,0,0
"POINT (8.410892714000056 49.001538493000055)",Unfall 186001 (2021) Kat:2, Licht: 2,186001,2,5,1,09,01,7,0,2,1,1,0,0,0,0
"POINT (8.413323518000027 49.021712732000026)",Unfall 186006 (2021) Kat:3, Licht: 0,186006,3,6,2,09,14,1,0,0,0,1,0,0,0,0
"POINT (8.357848434000061 49.012113411000030)",Unfall 186032 (2021) Kat:3, Licht: 0,186032,3,3,5,09,16,2,0,0,1,1,0,0,0,0
"POINT (8.421919917000025 49.016934011000046)",Unfall 186056 (2021) Kat:3, Licht: 2,186056,3,7,1,09,21,3,0,2,0,1,0,0,0,0
"POINT (8.408091897000077 49.004217729000061)",Unfall 186065 (2021) Kat:3, Licht: 0,186065,3,7,0,08,10,3,0,0,1,0,0,0,0,0
"POINT (8.465225354000040 48.999946604000058)",Unfall 186079 (2021) Kat:3, Licht: 0,186079,3,5,1,09,07,4,0,0,1,0,0,0,0,1
"POINT (8.388515492000067 48.996221785000046)",Unfall 186080 (2021) Kat:3, Licht: 0,186080,3,7,0,09,15,5,0,0,1,0,0,0,0,0
"POINT (8.401108087000068 48.970387897000080)",Unfall 186097 (2021) Kat:2, Licht: 0,186097,2,7,0,08,09,6,0,0,1,0,0,0,0,0
"POINT (8.387731152000072 49.010548129000028)",Unfall 186143 (2021) Kat:2, Licht: 0,186143,2,3,5,09,16,2,0,0,1,0,0,0,0,1
"POINT (8.384157086000073 48.998765779000053)",Unfall 186158 (2021) Kat:3, Licht: 0,186158,3,4,6,08,16,5,0,0,0,0,1,1,0,0
"POINT (8.394255573000066 48.998420631000045)",Unfall 186167 (2021) Kat:3, Licht: 0,186167,3,6,1,09,06,4,1,0,1,1,0,0,0,0
"POINT (8.471545398000046 49.001196823000043)",Unfall 186173 (2021) Kat:3, Licht: 0,186173,3,3,0,09,15,6,0,0,1,0,0,0,0,0
"POINT (8.398046506000071 49.003952513000058)",Unfall 186202 (2021) Kat:3, Licht: 2,186202,3,2,6,09,20,7,0,2,0,1,1,0,0,0
"POINT (8.472047137000061 49.001404319000073)",Unfall 186203 (2021) Kat:3, Licht: 0,186203,3,2,0,08,17,4,0,0,0,1,0,1,0,0
"POINT (8.464348271000063 49.000017964000051)",Unfall 186206 (2021) Kat:3, Licht: 0,186206,3,3,5,08,16,5,0,0,1,1,0,0,0,0
"POINT (8.407906743000069 49.004215751000061)",Unfall 186214 (2021) Kat:3, Licht: 0,186214,3,3,0,08,09,3,0,0,0,1,0,1,0,0
"POINT (8.383720277000066 49.007181550000041)",Unfall 186293 (2021) Kat:2, Licht: 2,186293,2,7,0,08,03,7,0,2,0,0,0,0,0,1
"POINT (8.374615429000073 49.011060913000051)",Unfall 186324 (2021) Kat:3, Licht: 0,186324,3,2,0,09,10,5,0,0,1,1,0,0,0,0
"POINT (8.396582632000047 48.966647293000051)",Unfall 186328 (2021) Kat:2, Licht: 2,186328,2,6,6,09,20,3,0,2,1,0,1,0,0,0
"POINT (8.391887387000054 49.011258214000065)",Unfall 186335 (2021) Kat:3, Licht: 0,186335,3,2,0,09,13,4,0,0,1,0,0,1,0,0
"POINT (8.405538493000051 49.003643970000041)",Unfall 186338 (2021) Kat:3, Licht: 0,186338,3,7,0,08,20,4,0,0,1,0,0,0,0,0
"POINT (8.471725252000056 48.999186904000055)",Unfall 186341 (2021) Kat:3, Licht: 0,186341,3,7,0,08,18,1,1,0,1,0,0,0,0,0
"POINT (8.445152891000021 48.996565748000080)",Unfall 186354 (2021) Kat:3, Licht: 0,186354,3,2,2,09,06,4,0,0,0,0,0,1,0,1
"POINT (8.354993173000025 49.032945347000066)",Unfall 186372 (2021) Kat:3, Licht: 0,186372,3,3,5,09,18,5,0,0,0,1,0,0,0,0
"POINT (8.410311854000042 49.004977260000032)",Unfall 186374 (2021) Kat:3, Licht: 0,186374,3,1,0,09,09,4,1,0,0,0,0,1,0,0
"POINT (8.398065085000042 49.002415666000047)",Unfall 186392 (2021) Kat:3, Licht: 0,186392,3,4,6,08,11,4,0,0,0,0,1,0,0,1
"POINT (8.398019682000040 49.002405344000067)",Unfall 186424 (2021) Kat:3, Licht: 0,186424,3,3,5,09,09,4,1,0,1,0,0,0,0,1
"POINT (8.409303269000077 49.001493116000063)",Unfall 186425 (2021) Kat:3, Licht: 0,186425,3,3,5,08,16,4,0,0,1,0,0,0,0,0
"POINT (8.399766131000035 48.975233387000060)",Unfall 186443 (2021) Kat:3, Licht: 0,186443,3,3,0,09,18,3,0,0,1,0,0,1,0,0
"POINT (8.361166242000024 49.011360964000062)",Unfall 186457 (2021) Kat:3, Licht: 0,186457,3,6,3,09,14,7,0,0,1,1,0,0,0,0
"POINT (8.383420169000033 49.056290869000065)",Unfall 186515 (2021) Kat:3, Licht: 0,186515,3,2,0,08,11,7,0,0,1,1,0,0,0,0
"POINT (8.459727719000057 49.018066542000042)",Unfall 186524 (2021) Kat:3, Licht: 0,186524,3,6,2,08,07,2,1,0,0,1,0,0,0,0
"POINT (8.403581131000067 49.003836685000067)",Unfall 186559 (2021) Kat:2, Licht: 0,186559,2,4,6,09,17,3,0,0,0,0,1,0,0,1
"POINT (8.420272161000071 49.000176494000073)",Unfall 186586 (2021) Kat:3, Licht: 0,186586,3,3,5,09,07,5,0,0,1,0,0,0,0,0
"POINT (8.389395641000021 49.003584166000053)",Unfall 186594 (2021) Kat:3, Licht: 0,186594,3,3,0,08,09,4,0,0,1,1,0,0,0,0
"POINT (8.413030842000069 49.011187211000049)",Unfall 186596 (2021) Kat:3, Licht: 2,186596,3,6,3,09,20,5,0,2,1,0,0,0,0,0
"POINT (8.417729010000073 48.999405793000051)",Unfall 186597 (2021) Kat:3, Licht: 0,186597,3,5,1,09,09,4,1,0,1,1,0,0,0,0
"POINT (8.423754921000068 49.010875675000079)",Unfall 186604 (2021) Kat:3, Licht: 0,186604,3,7,0,08,11,7,0,0,1,0,0,0,0,0
"POINT (8.393810488000042 49.007828454000048)",Unfall 186652 (2021) Kat:3, Licht: 0,186652,3,7,7,08,17,6,0,0,1,0,1,0,0,0
"POINT (8.391641518000029 49.008929477000038)",Unfall 186656 (2021) Kat:3, Licht: 0,186656,3,2,5,08,14,6,0,0,0,0,0,1,0,1
"POINT (8.394695369000033 49.007084505000080)",Unfall 186663 (2021) Kat:3, Licht: 1,186663,3,7,0,09,19,5,0,1,1,0,0,0,0,0
"POINT (8.433836640000038 49.007689742000082)",Unfall 186665 (2021) Kat:3, Licht: 0,186665,3,7,0,08,16,5,0,0,1,0,0,0,0,0
"POINT (8.376030197000034 49.006221715000038)",Unfall 186668 (2021) Kat:3, Licht: 0,186668,3,3,5,09,15,7,0,0,0,1,0,0,0,1