WKT,Name,OBJECTID,UKATEGORIE,UTYP1,UART,UMONAT,USTUNDE,UWOCHENTAG,STRZUSTAND,ULICHTVERH,ISTRAD,ISTPKW,ISTFUSS,ISTKRAD,ISTGKFZ,ISTSONSTIG
"POINT (8.460542759000020 49.042704978000074)",Unfall 186672 (2021) Kat:3, Licht: 2,186672,3,6,2,09,22,4,0,2,0,1,0,0,0,0
"POINT (8.386802642000021 49.007655105000026)",Unfall 186674 (2021) Kat:3, Licht: 0,186674,3,5,1,08,10,4,0,0,1,1,0,0,0,0
"POINT (8.424313955000059 49.003671314000030)",Unfall 186689 (2021) Kat:3, Licht: 0,186689,3,7,0,09,08,4,0,0,1,0,1,0,0,0
"POINT (8.391979827000057 49.008829700000035)",Unfall 186694 (2021) Kat:3, Licht: 0,186694,3,7,6,09,15,7,0,0,0,1,1,0,0,0
"POINT (8.397439420000069 49.034485850000067)",Unfall 186699 (2021) Kat:2, Licht: 0,186699,2,7,0,09,15,3,0,0,1,0,0,0,0,0
"POINT (8.421935488000031 49.007990379000034)",Unfall 186727 (2021) Kat:3, Licht: 0,186727,3,6,2,08,13,3,0,0,0,1,0,0,0,1
"POINT (8.395579135000048 49.009979798000074)",Unfall 186770 (2021) Kat:3, Licht: 0,186770,3,7,0,09,17,5,0,0,1,0,0,0,0,0
"POINT (8.496661586000073 49.006436610000037)",Unfall 186789 (2021) Kat:2, Licht: 0,186789,2,6,3,09,17,4,0,0,1,0,0,0,0,0
"POINT (8.397982089000038 49.003166570000076)",Unfall 186791 (2021) Kat:2, Licht: 0,186791,2,7,0,08,17,2,0,0,1,0,0,0,0,0
"POINT (8.402883571000075 49.010263770000051)",Unfall 186812 (2021) Kat:3, Licht: 0,186812,3,3,0,08,16,2,0,0,1,0,0,1,0,0
"POINT (8.408114943000044 49.007595684000080)",Unfall 186814 (2021) Kat:3, Licht: 1,186814,3,5,1,09,19,6,0,1,1,1,0,0,0,0
"POINT (8.444222418000038 49.016807767000046)",Unfall 186844 (2021) Kat:2, Licht: 0,186844,2,7,0,09,15,7,0,0,1,0,0,0,0,0
"POINT (8.365010617000053 49.029155705000051)",Unfall 186855 (2021) Kat:3, Licht: 0,186855,3,3,5,09,13,6,0,0,1,0,0,0,0,0
"POINT (8.368142131000070 48.999002749000056)",Unfall 186866 (2021) Kat:3, Licht: 1,186866,3,2,3,09,20,4,0,1,1,0,0,0,0,0
"POINT (8.380530291000071 48.996389629000078)",Unfall 186880 (2021) Kat:3, Licht: 0,186880,3,2,0,09,10,6,0,0,1,0,0,0,0,0
"POINT (8.375677301000053 49.033284950000052)",Unfall 186896 (2021) Kat:3, Licht: 0,186896,3,5,1,09,07,6,0,0,0,1,0,0,0,0
"POINT (8.406930166000052 48.995863832000055)",Unfall 186901 (2021) Kat:3, Licht: 0,186901,3,2,5,10,17,5,0,0,1,1,0,0,0,0
"POINT (8.430652394000049 49.028940962000036)",Unfall 186962 (2021) Kat:3, Licht: 1,186962,3,3,0,10,19,4,1,1,1,0,0,1,0,0
"POINT (8.434500431000060 49.010382085000060)",Unfall 186964 (2021) Kat:3, Licht: 0,186964,3,3,5,10,10,6,0,0,1,1,0,0,0,0
"POINT (8.395463856000049 49.007615412000064)",Unfall 186971 (2021) Kat:3, Licht: 0,186971,3,7,0,10,12,6,0,0,1,0,0,0,0,0
"POINT (8.429423779000047 49.011240237000038)",Unfall 187002 (2021) Kat:3, Licht: 0,187002,3,3,5,09,15,6,0,0,1,1,0,0,0,0
"POINT (8.366693827000063 49.013094516000081)",Unfall 187026 (2021) Kat:2, Licht: 0,187026,2,6,4,10,17,5,0,0,1,1,0,0,0,0
"POINT (8.512198956000077 49.005331518000048)",Unfall 187098 (2021) Kat:2, Licht: 0,187098,2,7,9,09,15,3,0,0,1,0,0,0,0,0
"POINT (8.448020854000049 48.988758318000066)",Unfall 187108 (2021) Kat:3, Licht: 0,187108,3,3,5,10,15,2,1,0,0,1,0,0,0,0
"POINT (8.509089304000042 48.952293237000049)",Unfall 187144 (2021) Kat:3, Licht: 0,187144,3,7,1,09,17,1,0,0,0,1,0,1,0,0
"POINT (8.424104598000042 49.002932715000043)",Unfall 187167 (2021) Kat:3, Licht: 0,187167,3,3,5,09,16,4,0,0,1,1,0,0,0,0
"POINT (8.394147281000073 49.008079757000075)",Unfall 187170 (2021) Kat:3, Licht: 0,187170,3,3,5,09,07,6,0,0,1,0,0,0,0,0
"POINT (8.456055752000054 48.991544669000064)",Unfall 187173 (2021) Kat:2, Licht: 0,187173,2,5,1,09,11,5,0,0,1,1,0,0,0,0
"POINT (8.404340353000066 48.968016294000051)",Unfall 187176 (2021) Kat:3, Licht: 0,187176,3,3,5,09,14,6,0,0,1,1,0,0,0,0
"POINT (8.442142582000031 49.004433995000056)",Unfall 187192 (2021) Kat:3, Licht: 0,187192,3,2,2,09,16,7,0,0,0,1,0,0,0,0
"POINT (8.406132988000024 48.968929469000045)",Unfall 187209 (2021) Kat:3, Licht: 0,187209,3,3,5,10,14,4,0,0,0,1,0,0,0,0
"POINT (8.381899188000034 49.010539263000055)",Unfall 187217 (2021) Kat:3, Licht: 0,187217,3,2,5,09,13,6,0,0,1,1,0,0,0,0
"POINT (8.424421297000038 49.003781396000079)",Unfall 187228 (2021) Kat:3, Licht: 0,187228,3,7,9,10,12,5,0,0,1,0,0,0,0,0
"POINT (8.393051093000054 49.014432307000050)",Unfall 187246 (2021) Kat:3, Licht: 2,187246,3,7,0,10,19,7,0,2,1,0,0,0,0,0
"POINT (8.424821985000051 49.010153270000046)",Unfall 187247 (2021) Kat:3, Licht: 2,187247,3,4,6,09,19,3,0,2,1,0,1,0,0,0
"POINT (8.399303666000037 49.009808595000038)",Unfall 187279 (2021) Kat:3, Licht: 0,187279,3,1,0,09,15,4,1,0,0,0,0,0,0,1
"POINT (8.403500841000039 49.006969222000066)",Unfall 187317 (2021) Kat:3, Licht: 2,187317,3,7,0,10,08,5,1,2,1,0,0,0,0,1
"POINT (8.440525877000027 49.006478914000070)",Unfall 187329 (2021) Kat:3, Licht: 0,187329,3,7,2,09,10,7,0,0,0,1,0,0,0,0
"POINT (8.335708873000044 49.003729058000033)",Unfall 187357 (2021) Kat:3, Licht: 0,187357,3,5,1,10,17,2,1,0,1,1,0,0,0,0
"POINT (8.370777112000042 49.020719630000031)",Unfall 187386 (2021) Kat:3, Licht: 0,187386,3,7,0,10,17,6,0,0,1,0,0,0,0,0
"POINT (8.390166955000041 48.994870568000067)",Unfall 187388 (2021) Kat:3, Licht: 2,187388,3,7,8,10,02,7,0,2,0,1,0,0,0,0
"POINT (8.445149190000052 48.996556997000027)",Unfall 187401 (2021) Kat:2, Licht: 0,187401,2,3,5,10,12,6,0,0,0,1,0,0,0,1
"POINT (8.412789164000060 49.007627620000051)",Unfall 187414 (2021) Kat:3, Licht: 1,187414,3,5,1,09,19,4,0,1,1,1,0,0,0,0
"POINT (8.443569854000032 49.015867390000039)",Unfall 187421 (2021) Kat:2, Licht: 0,187421,2,3,5,10,11,6,0,0,1,1,0,0,0,0
"POINT (8.380794010000045 48.998882122000055)",Unfall 187437 (2021) Kat:3, Licht: 0,187437,3,7,8,09,16,3,0,0,0,1,0,0,0,0
"POINT (8.371143587000063 49.026302991000080)",Unfall 187442 (2021) Kat:3, Licht: 0,187442,3,3,6,09,17,5,0,0,0,0,1,0,0,1
"POINT (8.469609913000056 48.999243722000074)",Unfall 187452 (2021) Kat:3, Licht: 0,187452,3,7,0,09,08,4,0,0,1,0,0,0,0,0
"POINT (8.338295420000065 48.996397233000039)",Unfall 187456 (2021) Kat:3, Licht: 0,187456,3,6,6,09,06,2,0,0,0,0,1,0,0,1
"POINT (8.401785415000063 49.010499473000039)",Unfall 187465 (2021) Kat:3, Licht: 0,187465,3,1,0,10,08,3,1,0,1,0,0,0,0,0
"POINT (8.373600931000055 48.979125390000036)",Unfall 187538 (2021) Kat:3, Licht: 0,187538,3,1,4,10,17,6,0,0,1,1,0,0,0,0
"POINT (8.319051831000024 49.017131580000068)",Unfall 187541 (2021) Kat:2, Licht: 2,187541,2,7,0,09,21,1,0,2,0,1,0,0,0,0
"POINT (8.398020685000063 49.002405572000043)",Unfall 187560 (2021) Kat:3, Licht: 0,187560,3,3,5,10,14,5,0,0,0,1,0,0,0,1
"POINT (8.433222563000072 49.036807273000079)",Unfall 187565 (2021) Kat:3, Licht: 0,187565,3,2,2,10,17,2,0,0,0,1,0,0,0,0
"POINT (8.467095651000022 48.999532091000049)",Unfall 187580 (2021) Kat:3, Licht: 0,187580,3,1,0,09,15,4,1,0,1,0,0,0,0,0
"POINT (8.404270244000031 48.995480322000049)",Unfall 187589 (2021) Kat:3, Licht: 0,187589,3,6,2,09,17,6,0,0,0,1,0,1,0,0
"POINT (8.389427713000032 49.003570207000053)",Unfall 187602 (2021) Kat:3, Licht: 2,187602,3,6,2,09,21,2,0,2,0,1,0,0,0,0
"POINT (8.454073784000059 49.026922605000038)",Unfall 187626 (2021) Kat:3, Licht: 0,187626,3,1,0,10,12,7,0,0,1,0,0,0,0,0
"POINT (8.408185523000043 49.006583894000073)",Unfall 187632 (2021) Kat:3, Licht: 1,187632,3,6,2,10,18,6,0,1,0,1,0,1,0,0
"POINT (8.407728686000041 49.009421297000074)",Unfall 187639 (2021) Kat:3, Licht: 0,187639,3,7,6,09,17,2,0,0,0,0,1,0,0,1
"POINT (8.387100267000051 49.031811778000076)",Unfall 187644 (2021) Kat:3, Licht: 0,187644,3,2,5,09,15,7,0,0,1,1,0,0,0,0
"POINT (8.365332134000028 49.004850540000064)",Unfall 187650 (2021) Kat:2, Licht: 0,187650,2,3,5,09,13,2,0,0,0,1,0,0,0,1
"POINT (8.371762707000073 49.007287675000043)",Unfall 187665 (2021) Kat:3, Licht: 0,187665,3,3,5,09,07,3,1,0,1,1,0,0,0,0
"POINT (8.403560285000026 49.006067742000027)",Unfall 187682 (2021) Kat:3, Licht: 0,187682,3,7,2,09,09,5,0,0,1,1,0,0,0,0
"POINT (8.411274845000037 49.007688494000035)",Unfall 187714 (2021) Kat:3, Licht: 0,187714,3,5,1,10,14,5,0,0,1,1,0,0,0,0
"POINT (8.399962086000073 49.008039039000039)",Unfall 187736 (2021) Kat:3, Licht: 0,187736,3,3,5,09,14,6,0,0,1,1,0,0,0,0
"POINT (8.451136612000028 49.042499850000070)",Unfall 187759 (2021) Kat:3, Licht: 0,187759,3,6,2,09,15,5,0,0,0,1,0,0,0,0
"POINT (8.393829808000021 49.014398816000039)",Unfall 187764 (2021) Kat:3, Licht: 0,187764,3,6,3,09,11,2,0,0,1,0,0,0,0,0
"POINT (8.383717145000048 48.995559065000066)",Unfall 187780 (2021) Kat:3, Licht: 0,187780,3,2,2,09,15,4,0,0,0,1,0,0,0,0
"POINT (8.379334948000064 49.015009119000069)",Unfall 187790 (2021) Kat:3, Licht: 0,187790,3,2,5,10,08,3,1,0,1,1,0,0,0,0
"POINT (8.394498854000062 49.010030758000028)",Unfall 187792 (2021) Kat:2, Licht: 0,187792,2,4,0,09,11,5,0,0,0,0,1,0,0,1
"POINT (8.399728482000057 49.005352491000053)",Unfall 187828 (2021) Kat:3, Licht: 0,187828,3,6,8,09,17,6,0,0,1,1,0,0,0,0
"POINT (8.447100275000025 48.992746930000067)",Unfall 187891 (2021) Kat:3, Licht: 0,187891,3,2,0,10,07,5,0,0,0,1,0,1,0,0
"POINT (8.414800537000076 49.009053328000050)",Unfall 187893 (2021) Kat:3, Licht: 0,187893,3,6,2,09,16,7,0,0,0,1,0,0,0,0
"POINT (8.357961635000038 49.012217326000041)",Unfall 187909 (2021) Kat:3, Licht: 1,187909,3,1,0,10,18,3,1,1,0,0,0,1,0,0
"POINT (8.405487228000027 49.024151403000076)",Unfall 187912 (2021) Kat:3, Licht: 0,187912,3,7,9,10,12,5,1,0,1,0,0,0,0,0
"POINT (8.360591870000064 48.986701035000067)",Unfall 187913 (2021) Kat:3, Licht: 0,187913,3,7,6,09,18,5,0,0,1,0,1,0,0,0
"POINT (8.440845165000042 49.028373653000074)",Unfall 187927 (2021) Kat:3, Licht: 0,187927,3,2,5,10,11,7,0,0,1,0,0,0,0,0
"POINT (8.410111308000069 49.004421776000072)",Unfall 187952 (2021) Kat:3, Licht: 0,187952,3,6,2,11,09,3,0,0,1,0,0,0,0,0
"POINT (8.348250038000060 49.028935480000030)",Unfall 187954 (2021) Kat:3, Licht: 0,187954,3,2,5,10,16,4,1,0,1,0,0,0,0,1
"POINT (8.424075029000051 49.002857020000079)",Unfall 187964 (2021) Kat:3, Licht: 1,187964,3,3,5,10,18,5,0,1,1,1,0,0,0,0
"POINT (8.337899740000069 49.034200443000032)",Unfall 187976 (2021) Kat:3, Licht: 2,187976,3,7,2,11,07,3,0,2,1,1,0,0,0,0
"POINT (8.460409959000060 49.000692036000032)",Unfall 187984 (2021) Kat:3, Licht: 2,187984,3,7,2,11,06,6,1,2,0,0,0,1,0,1
"POINT (8.320574974000067 49.043605046000039)",Unfall 187999 (2021) Kat:3, Licht: 2,187999,3,3,5,10,20,4,0,2,0,1,0,0,1,0
"POINT (8.322233422000068 49.005620859000032)",Unfall 188021 (2021) Kat:2, Licht: 2,188021,2,2,5,11,18,2,0,2,0,1,0,0,0,0
"POINT (8.338995045000047 48.996675485000026)",Unfall 188022 (2021) Kat:3, Licht: 2,188022,3,5,1,10,22,1,0,2,0,1,0,0,0,1
"POINT (8.381751075000068 48.995817794000061)",Unfall 188042 (2021) Kat:3, Licht: 0,188042,3,3,5,10,10,4,0,0,1,1,0,0,0,0
"POINT (8.455449063000060 49.027939401000026)",Unfall 188159 (2021) Kat:3, Licht: 1,188159,3,2,2,10,06,4,1,1,0,1,0,0,0,0
"POINT (8.464420044000065 49.000130387000070)",Unfall 188160 (2021) Kat:3, Licht: 2,188160,3,3,5,11,18,3,1,2,1,1,0,0,0,0
"POINT (8.387049565000041 49.029986752000070)",Unfall 188184 (2021) Kat:3, Licht: 0,188184,3,3,5,10,15,4,1,0,0,1,0,0,0,0
"POINT (8.390433842000050 48.982163961000026)",Unfall 188186 (2021) Kat:3, Licht: 0,188186,3,3,5,10,16,5,0,0,1,1,0,0,0,0
"POINT (8.387510799000040 49.019510721000074)",Unfall 188222 (2021) Kat:3, Licht: 0,188222,3,3,5,11,11,4,1,0,0,1,0,0,0,0
"POINT (8.457707608000021 49.020612291000077)",Unfall 188252 (2021) Kat:3, Licht: 0,188252,3,6,2,10,10,2,0,0,0,1,0,0,0,0
"POINT (8.401842741000053 48.995284631000061)",Unfall 188267 (2021) Kat:3, Licht: 0,188267,3,5,1,11,15,6,0,0,1,1,0,0,0,0
"POINT (8.380523231000041 48.996280639000076)",Unfall 188284 (2021) Kat:3, Licht: 0,188284,3,3,5,10,13,4,0,0,0,1,0,0,0,0
"POINT (8.372544811000068 49.025707966000027)",Unfall 188293 (2021) Kat:3, Licht: 2,188293,3,2,2,11,20,2,0,2,0,1,0,1,0,0
"POINT (8.339578393000068 48.997219133000044)",Unfall 188315 (2021) Kat:3, Licht: 2,188315,3,3,5,10,20,4,1,2,1,1,0,0,0,0
"POINT (8.417589331000045 49.009440459000075)",Unfall 188320 (2021) Kat:3, Licht: 0,188320,3,6,3,10,14,2,0,0,0,1,0,0,0,0
"POINT (8.385396944000036 49.014770035000026)",Unfall 188328 (2021) Kat:2, Licht: 0,188328,2,2,5,11,14,2,0,0,1,1,0,0,0,0
"POINT (8.387772943000073 49.012490460000038)",Unfall 188363 (2021) Kat:3, Licht: 1,188363,3,2,5,10,18,4,1,1,1,1,0,0,0,0
"POINT (8.403658289000020 49.007052618000046)",Unfall 188375 (2021) Kat:3, Licht: 2,188375,3,2,5,11,18,5,1,2,1,1,0,0,0,0
"POINT (8.416890952000074 49.002679615000034)",Unfall 188409 (2021) Kat:3, Licht: 0,188409,3,5,1,10,15,4,0,0,1,1,0,0,0,0
"POINT (8.384698201000049 49.014789305000079)",Unfall 188426 (2021) Kat:3, Licht: 0,188426,3,3,5,11,15,3,0,0,1,1,0,0,0,0
"POINT (8.403976926000041 49.009599508000065)",Unfall 188440 (2021) Kat:3, Licht: 0,188440,3,3,6,10,17,5,0,0,1,0,1,0,0,0
"POINT (8.428173201000050 49.011215633000063)",Unfall 188458 (2021) Kat:3, Licht: 0,188458,3,7,6,10,10,2,0,0,1,0,1,0,0,0
"POINT (8.383693753000045 49.014810470000043)",Unfall 188468 (2021) Kat:3, Licht: 2,188468,3,4,6,10,06,3,1,2,0,1,1,0,0,0
"POINT (8.389683101000060 49.058946909000042)",Unfall 188477 (2021) Kat:1, Licht: 0,188477,1,1,9,10,15,2,0,0,0,0,0,1,0,0
"POINT (8.413575671000046 49.004439370000057)",Unfall 188504 (2021) Kat:3, Licht: 2,188504,3,2,5,10,19,6,0,2,1,0,0,0,0,0
"POINT (8.364944766000065 49.030745801000080)",Unfall 188544 (2021) Kat:3, Licht: 0,188544,3,2,5,10,14,4,0,0,1,1,0,0,0,0
"POINT (8.417537855000035 48.999344072000042)",Unfall 188572 (2021) Kat:2, Licht: 0,188572,2,6,5,11,11,2,0,0,1,0,0,0,0,0
"POINT (8.454143159000068 49.027245491000031)",Unfall 188579 (2021) Kat:3, Licht: 0,188579,3,3,5,10,17,4,0,0,1,0,0,0,0,1
"POINT (8.426574550000055 49.011103940000055)",Unfall 188584 (2021) Kat:3, Licht: 0,188584,3,5,1,11,09,3,0,0,1,1,0,0,0,0
"POINT (8.378296795000040 49.015051627000048)",Unfall 188593 (2021) Kat:3, Licht: 0,188593,3,1,0,10,13,6,1,0,1,0,0,0,0,0
"POINT (8.381739651000032 49.004489472000046)",Unfall 188596 (2021) Kat:3, Licht: 2,188596,3,3,5,10,22,5,0,2,1,1,0,0,0,0
"POINT (8.417323444000033 49.005074220000040)",Unfall 188620 (2021) Kat:2, Licht: 1,188620,2,5,1,10,07,2,0,1,1,1,0,0,0,0
"POINT (8.424075029000051 49.002857020000079)",Unfall 188626 (2021) Kat:3, Licht: 2,188626,3,3,5,10,20,4,1,2,1,1,0,0,0,0
"POINT (8.360933629000044 49.015388012000074)",Unfall 188640 (2021) Kat:3, Licht: 1,188640,3,3,5,10,07,6,0,1,1,1,0,0,0,0
"POINT (8.390318922000063 48.996160429000042)",Unfall 188651 (2021) Kat:3, Licht: 0,188651,3,3,5,10,15,5,0,0,0,1,0,0,0,0
"POINT (8.415307376000044 49.007905754000035)",Unfall 188667 (2021) Kat:3, Licht: 0,188667,3,6,1,10,08,4,0,0,0,1,0,0,0,0
"POINT (8.358648926000058 49.001157242000033)",Unfall 188674 (2021) Kat:3, Licht: 0,188674,3,1,0,11,09,3,1,0,1,0,0,0,0,0
"POINT (8.385115192000058 49.022665412000038)",Unfall 188732 (2021) Kat:3, Licht: 0,188732,3,3,5,10,07,5,0,0,1,1,0,0,0,0
"POINT (8.400211294000030 49.009761463000075)",Unfall 188764 (2021) Kat:2, Licht: 0,188764,2,7,6,10,10,6,0,0,0,0,1,0,0,1
"POINT (8.467074348000040 49.001957849000064)",Unfall 188769 (2021) Kat:2, Licht: 2,188769,2,2,5,10,18,3,0,2,0,1,0,1,0,0
"POINT (8.352312359000052 49.018829823000033)",Unfall 188786 (2021) Kat:3, Licht: 2,188786,3,1,2,11,18,5,1,2,0,1,0,0,0,0
"POINT (8.399842527000033 49.003696691000073)",Unfall 188799 (2021) Kat:3, Licht: 0,188799,3,7,0,10,12,7,1,0,1,0,0,0,0,0
"POINT (8.463101673000040 49.000606541000082)",Unfall 188845 (2021) Kat:2, Licht: 0,188845,2,6,2,10,09,6,0,0,0,0,0,1,0,1
"POINT (8.412010138000028 49.008561538000038)",Unfall 188848 (2021) Kat:3, Licht: 2,188848,3,7,0,10,21,2,0,2,1,0,0,0,0,0
"POINT (8.403543241000023 49.006773659000032)",Unfall 188853 (2021) Kat:2, Licht: 0,188853,2,7,0,11,12,3,0,0,1,0,0,0,0,0
"POINT (8.513274204000027 49.006247594000058)",Unfall 188861 (2021) Kat:2, Licht: 0,188861,2,2,5,10,12,1,0,0,1,1,0,0,0,0
"POINT (8.378335514000071 49.015050036000048)",Unfall 188863 (2021) Kat:3, Licht: 0,188863,3,1,0,10,13,6,1,0,1,0,0,0,0,0
"POINT (8.393017459000021 49.008476785000028)",Unfall 188866 (2021) Kat:3, Licht: 2,188866,3,7,0,11,02,2,1,2,0,0,0,0,0,1
"POINT (8.510725545000071 48.953971473000081)",Unfall 188874 (2021) Kat:3, Licht: 1,188874,3,7,2,10,18,4,1,1,0,1,0,0,0,0
"POINT (8.384438768000052 49.012689301000080)",Unfall 188894 (2021) Kat:3, Licht: 0,188894,3,2,5,10,08,3,1,0,1,1,0,0,0,0
"POINT (8.398456616000033 49.005352490000064)",Unfall 188930 (2021) Kat:3, Licht: 0,188930,3,3,5,11,08,2,0,0,1,1,0,0,0,0
"POINT (8.393097095000030 49.045514277000052)",Unfall 188982 (2021) Kat:3, Licht: 0,188982,3,6,2,12,13,5,0,0,0,1,0,0,0,0
"POINT (8.413208117000067 49.007316366000055)",Unfall 188987 (2021) Kat:3, Licht: 2,188987,3,5,1,12,19,4,0,2,1,1,0,0,0,0
"POINT (8.371597912000027 49.007554646000074)",Unfall 188998 (2021) Kat:3, Licht: 0,188998,3,3,5,11,15,2,1,0,1,1,0,0,0,0
"POINT (8.406202985000050 49.009488282000063)",Unfall 189028 (2021) Kat:2, Licht: 2,189028,2,1,0,12,22,1,1,2,1,0,0,0,0,0
"POINT (8.418163115000027 49.004388307000056)",Unfall 189029 (2021) Kat:3, Licht: 0,189029,3,7,0,11,13,4,0,0,0,0,0,0,0,1
"POINT (8.388998997000044 49.002062713000043)",Unfall 189048 (2021) Kat:3, Licht: 1,189048,3,3,5,11,17,6,1,1,1,1,0,0,0,0
"POINT (8.407075574000032 49.008787826000059)",Unfall 189071 (2021) Kat:3, Licht: 2,189071,3,3,5,12,00,3,0,2,1,1,0,0,0,0
"POINT (8.419463623000070 48.999930291000055)",Unfall 189114 (2021) Kat:3, Licht: 2,189114,3,4,6,11,17,3,1,2,0,1,1,0,0,0
"POINT (8.384610561000045 49.014551902000051)",Unfall 189153 (2021) Kat:3, Licht: 2,189153,3,7,0,11,18,2,0,2,0,0,0,1,0,0
"POINT (8.475606385000049 48.999467970000069)",Unfall 189169 (2021) Kat:3, Licht: 0,189169,3,1,0,11,17,4,0,0,1,0,0,0,0,0
"POINT (8.440862025000058 49.018002163000062)",Unfall 189174 (2021) Kat:3, Licht: 0,189174,3,7,2,11,11,7,0,0,0,1,0,0,0,0
"POINT (8.404866551000055 49.003873910000038)",Unfall 189204 (2021) Kat:2, Licht: 0,189204,2,7,0,11,09,2,1,0,1,0,0,0,0,0
"POINT (8.444859784000073 49.017348127000048)",Unfall 189210 (2021) Kat:3, Licht: 0,189210,3,7,0,11,15,7,1,0,0,0,0,1,0,0
"POINT (8.392101782000054 49.034150397000076)",Unfall 189211 (2021) Kat:3, Licht: 0,189211,3,1,0,12,08,4,1,0,1,0,0,0,0,0
"POINT (8.369018854000046 49.017111865000061)",Unfall 189243 (2021) Kat:2, Licht: 0,189243,2,2,5,12,07,6,0,0,1,1,0,0,0,0
"POINT (8.413277010000058 49.021737099000063)",Unfall 189245 (2021) Kat:3, Licht: 0,189245,3,3,5,12,11,7,1,0,0,1,0,0,0,0
"POINT (8.373748854000041 49.011206894000054)",Unfall 189249 (2021) Kat:3, Licht: 2,189249,3,6,3,11,19,2,1,2,1,1,0,1,0,0
"POINT (8.391112865000025 49.004585842000040)",Unfall 189253 (2021) Kat:3, Licht: 2,189253,3,2,5,11,06,3,1,2,1,1,0,0,0,0
"POINT (8.382501924000053 49.007859838000059)",Unfall 189262 (2021) Kat:3, Licht: 0,189262,3,1,0,11,12,7,0,0,0,1,0,1,0,0
"POINT (8.463903756000036 49.000437358000056)",Unfall 189279 (2021) Kat:3, Licht: 2,189279,3,3,5,11,07,3,1,2,1,1,0,0,0,0
"POINT (8.417973398000072 49.009701596000070)",Unfall 189318 (2021) Kat:3, Licht: 2,189318,3,3,5,12,16,4,1,2,1,0,0,0,0,1
"POINT (8.416627659000028 49.008945057000062)",Unfall 189320 (2021) Kat:3, Licht: 0,189320,3,7,0,12,11,6,0,0,1,0,0,0,0,0
"POINT (8.332094792000021 49.008545356000070)",Unfall 189332 (2021) Kat:2, Licht: 0,189332,2,7,0,11,12,1,0,0,1,0,0,0,0,0
"POINT (8.400057185000037 49.003882439000051)",Unfall 189342 (2021) Kat:2, Licht: 0,189342,2,3,5,11,10,6,0,0,1,1,0,0,0,0
"POINT (8.429417663000038 49.008428249000076)",Unfall 189356 (2021) Kat:3, Licht: 0,189356,3,6,2,12,14,6,1,0,1,1,0,0,0,0
"POINT (8.403086895000058 49.010830595000073)",Unfall 189359 (2021) Kat:2, Licht: 0,189359,2,3,5,12,14,5,0,0,1,0,0,0,0,1
"POINT (8.439837997000041 49.012125632000050)",Unfall 189395 (2021) Kat:3, Licht: 2,189395,3,2,3,12,18,5,1,2,1,1,0,0,0,0
"POINT (8.417365736000022 49.008894777000080)",Unfall 189407 (2021) Kat:3, Licht: 0,189407,3,2,2,12,08,6,1,0,0,1,0,0,0,0
"POINT (8.413250033000054 49.021657018000042)",Unfall 189431 (2021) Kat:3, Licht: 2,189431,3,3,5,12,18,4,0,2,0,1,0,0,0,0
"POINT (8.411925099000030 49.012510083000052)",Unfall 189432 (2021) Kat:3, Licht: 2,189432,3,7,0,11,16,2,0,2,1,0,0,0,0,0
"POINT (8.374978796000050 49.012569792000079)",Unfall 189471 (2021) Kat:3, Licht: 0,189471,3,6,2,11,11,2,1,0,0,1,0,0,0,0
"POINT (8.344469750000030 48.995740040000044)",Unfall 189514 (2021) Kat:2, Licht: 0,189514,2,2,5,11,08,5,0,0,1,1,0,0,0,0
"POINT (8.422609943000054 49.011094729000035)",Unfall 189566 (2021) Kat:3, Licht: 0,189566,3,6,2,11,09,3,0,0,1,1,0,0,0,0
"POINT (8.405854466000051 48.995856468000056)",Unfall 189569 (2021) Kat:3, Licht: 0,189569,3,3,5,12,16,4,0,0,0,1,0,0,0,1
"POINT (8.495869780000021 49.006583735000049)",Unfall 189572 (2021) Kat:2, Licht: 0,189572,2,3,5,12,08,2,1,0,0,1,0,1,0,0
"POINT (8.366092767000055 49.023730624000052)",Unfall 189600 (2021) Kat:3, Licht: 0,189600,3,2,0,11,09,2,1,0,1,0,0,0,0,0
"POINT (8.378771444000051 49.047003554000071)",Unfall 189608 (2021) Kat:3, Licht: 0,189608,3,2,5,12,10,4,0,0,1,1,0,0,0,0
"POINT (8.390525320000052 48.998508931000060)",Unfall 189639 (2021) Kat:3, Licht: 2,189639,3,3,5,12,19,2,0,2,1,1,0,0,0,0
"POINT (8.469909040000061 48.999230662000059)",Unfall 189654 (2021) Kat:3, Licht: 0,189654,3,7,0,11,09,7,1,0,1,0,0,0,0,0
"POINT (8.373914121000041 49.007565549000049)",Unfall 189711 (2021) Kat:3, Licht: 0,189711,3,6,0,12,13,6,0,0,1,0,0,0,0,1
"POINT (8.384442062000062 49.012724930000047)",Unfall 189736 (2021) Kat:3, Licht: 0,189736,3,3,5,12,14,7,0,0,0,1,0,0,0,0
"POINT (8.363160272000073 49.020520151000028)",Unfall 189759 (2021) Kat:3, Licht: 0,189759,3,5,1,11,10,2,1,0,0,1,0,0,0,1
"POINT (8.376156822000041 49.008157163000078)",Unfall 189783 (2021) Kat:3, Licht: 0,189783,3,7,0,12,11,5,1,0,0,0,0,0,0,1