WKT,Name,OBJECTID,UKATEGORIE,UTYP1,UART,UMONAT,USTUNDE,UWOCHENTAG,STRZUSTAND,ULICHTVERH,ISTRAD,ISTPKW,ISTFUSS,ISTKRAD,ISTGKFZ,ISTSONSTIG
"POINT (8.410634290000075 49.000872053000080)",Unfall 189784 (2021) Kat:3, Licht: 0,189784,3,3,6,12,10,4,0,0,0,1,1,0,0,0
"POINT (8.417627635000031 49.009119453000039)",Unfall 189795 (2021) Kat:2, Licht: 2,189795,2,7,0,11,02,5,0,2,1,0,0,0,0,0
"POINT (8.408446315000049 49.010921750000080)",Unfall 189811 (2021) Kat:3, Licht: 2,189811,3,5,1,12,21,4,0,2,1,1,0,0,0,0
"POINT (8.403131974000075 49.007044683000061)",Unfall 189817 (2021) Kat:3, Licht: 0,189817,3,3,5,11,15,6,1,0,1,1,0,0,0,0
"POINT (8.345830809000063 49.033051535000027)",Unfall 189820 (2021) Kat:3, Licht: 2,189820,3,3,5,12,21,7,1,2,0,1,0,0,0,1
"POINT (8.356861599000069 49.011445147000074)",Unfall 189826 (2021) Kat:3, Licht: 0,189826,3,2,5,12,12,3,0,0,1,0,0,0,1,0
"POINT (8.439448912000046 48.997043473000076)",Unfall 189880 (2021) Kat:2, Licht: 0,189880,2,3,5,12,14,3,0,0,1,1,0,0,0,0
"POINT (8.378553795000073 49.019239126000059)",Unfall 189902 (2021) Kat:3, Licht: 2,189902,3,3,5,11,18,4,0,2,1,0,0,0,0,0
"POINT (8.408317766000039 49.011019489000034)",Unfall 189905 (2021) Kat:3, Licht: 1,189905,3,2,6,11,07,3,0,1,0,1,1,0,0,0
"POINT (8.472313693000046 49.002981516000034)",Unfall 189912 (2021) Kat:3, Licht: 0,189912,3,6,0,11,13,4,0,0,1,1,0,0,0,0
"POINT (8.379273117000025 49.007885303000080)",Unfall 189938 (2021) Kat:3, Licht: 2,189938,3,3,5,11,20,1,0,2,0,0,0,1,0,1
"POINT (8.442318572000033 49.014531446000035)",Unfall 189942 (2021) Kat:3, Licht: 0,189942,3,7,0,11,14,3,1,0,1,0,0,0,0,0
"POINT (8.415546721000055 48.999293298000055)",Unfall 189952 (2021) Kat:3, Licht: 0,189952,3,7,0,12,09,1,1,0,0,1,0,1,0,0
"POINT (8.356464604000053 49.024673662000055)",Unfall 189955 (2021) Kat:3, Licht: 0,189955,3,3,5,11,12,2,1,0,0,1,0,0,0,0
"POINT (8.367923239000049 49.008299678000071)",Unfall 189990 (2021) Kat:3, Licht: 0,189990,3,3,5,11,10,1,1,0,0,1,0,0,0,0
"POINT (8.412565284000038 48.972464115000037)",Unfall 189992 (2021) Kat:3, Licht: 2,189992,3,5,1,11,18,5,0,2,1,1,0,0,0,0
"POINT (8.349966688000052 49.005692447000058)",Unfall 190001 (2021) Kat:3, Licht: 2,190001,3,2,6,11,17,7,1,2,0,0,1,0,0,1
"POINT (8.357177255000067 49.014579569000034)",Unfall 190019 (2021) Kat:3, Licht: 0,190019,3,5,1,12,15,7,0,0,1,1,0,0,0,0
"POINT (8.375221727000053 49.019451238000045)",Unfall 190032 (2021) Kat:3, Licht: 1,190032,3,6,2,11,07,4,0,1,1,0,0,0,0,0
"POINT (8.398343278000027 49.013440772000081)",Unfall 190053 (2021) Kat:3, Licht: 0,190053,3,3,5,12,11,5,0,0,1,0,0,0,0,1
"POINT (8.416508597000075 49.019117567000080)",Unfall 190089 (2021) Kat:3, Licht: 0,190089,3,7,2,12,12,2,0,0,0,1,0,0,0,0
"POINT (8.448024081000028 48.988769069000057)",Unfall 190238 (2021) Kat:2, Licht: 2,190238,2,2,5,12,17,2,1,2,0,1,0,0,0,0
"POINT (8.415570396000021 49.000292493000075)",Unfall 190299 (2021) Kat:3, Licht: 2,190299,3,5,1,12,18,5,0,2,1,1,0,0,0,0
"POINT (8.492838783000025 48.959478980000029)",Unfall 190469 (2021) Kat:3, Licht: 2,190469,3,5,1,12,06,5,0,2,1,0,0,0,1,0
"POINT (8.431097021000028 49.006368604000045)",Unfall 190480 (2021) Kat:3, Licht: 2,190480,3,3,5,12,20,3,0,2,1,0,0,0,0,1
"POINT (8.462352056000043 48.999566893000065)",Unfall 190494 (2021) Kat:2, Licht: 1,190494,2,2,6,12,08,6,1,1,0,1,1,0,0,0
"POINT (8.399565587000041 49.009867913000051)",Unfall 190499 (2021) Kat:3, Licht: 2,190499,3,7,0,12,03,2,1,2,1,0,0,0,0,0
"POINT (8.392482692000044 49.007064758000070)",Unfall 190619 (2021) Kat:3, Licht: 0,190619,3,6,4,12,11,4,0,0,1,0,0,0,0,0
"POINT (8.392721436000045 49.010112254000035)",Unfall 190694 (2021) Kat:3, Licht: 1,190694,3,6,6,12,15,1,1,1,0,0,1,0,0,1
"POINT (8.362773598000047 49.011353271000075)",Unfall 190800 (2021) Kat:3, Licht: 0,190800,3,2,6,12,11,6,1,0,0,1,1,0,0,0
"POINT (8.354585785000040 49.009871229000055)",Unfall 190953 (2021) Kat:3, Licht: 0,190953,3,2,5,12,14,5,1,0,1,1,0,0,0,0
"POINT (8.401674240000034 48.995153933000040)",Unfall 190988 (2021) Kat:3, Licht: 0,190988,3,3,5,12,12,3,1,0,1,1,0,0,0,0
"POINT (8.406881252000062 48.992000950000033)",Unfall 235643 (2021) Kat:2, Licht: 0,235643,2,1,0,02,15,3,0,0,1,0,0,1,0,0
"POINT (8.365841863000071 49.005282558000033)",Unfall 235656 (2021) Kat:2, Licht: 0,235656,2,7,0,02,16,5,0,0,1,0,0,0,0,1
"POINT (8.319368511000050 49.033929532000059)",Unfall 235756 (2021) Kat:3, Licht: 0,235756,3,7,0,04,19,3,0,0,1,0,0,0,0,0
"POINT (8.388223488000051 48.990806157000065)",Unfall 235784 (2021) Kat:3, Licht: 0,235784,3,3,5,04,11,7,0,0,1,0,0,0,0,1
"POINT (8.490030812000043 49.006016655000053)",Unfall 235821 (2021) Kat:3, Licht: 2,235821,3,7,9,04,20,6,0,2,1,0,0,0,0,0
"POINT (8.451375865000045 49.013869765000038)",Unfall 235833 (2021) Kat:3, Licht: 0,235833,3,7,6,05,17,7,0,0,1,0,1,0,0,0
"POINT (8.437189645000046 49.024500472000057)",Unfall 235952 (2021) Kat:3, Licht: 0,235952,3,2,5,06,12,5,0,0,1,0,0,0,0,0
"POINT (8.444097774000056 49.035153696000066)",Unfall 235985 (2021) Kat:3, Licht: 0,235985,3,3,5,06,17,5,0,0,1,1,0,0,0,0
"POINT (8.368907629000034 49.002711847000057)",Unfall 236006 (2021) Kat:3, Licht: 0,236006,3,7,8,06,20,1,0,0,1,0,0,0,0,0
"POINT (8.423810605000028 49.002993843000070)",Unfall 236069 (2021) Kat:3, Licht: 0,236069,3,2,2,06,14,2,0,0,1,0,0,0,0,0
"POINT (8.403873046000058 48.980843011000047)",Unfall 236103 (2021) Kat:3, Licht: 0,236103,3,3,5,06,10,3,0,0,1,0,0,0,0,1
"POINT (8.509808674000055 49.007840919000046)",Unfall 236127 (2021) Kat:3, Licht: 0,236127,3,1,0,07,19,1,1,0,1,0,0,0,0,0
"POINT (8.374712065000040 48.997315330000049)",Unfall 236128 (2021) Kat:2, Licht: 0,236128,2,1,0,07,06,1,0,0,1,0,0,0,0,0
"POINT (8.364566117000038 49.043359377000058)",Unfall 236168 (2021) Kat:3, Licht: 0,236168,3,7,0,07,12,2,0,0,1,0,0,0,0,0
"POINT (8.413186883000037 49.025600027000053)",Unfall 236180 (2021) Kat:3, Licht: 0,236180,3,5,1,07,13,7,0,0,1,1,0,0,0,0
"POINT (8.416911337000045 49.016697093000062)",Unfall 236186 (2021) Kat:3, Licht: 0,236186,3,3,5,07,17,1,0,0,1,0,0,0,0,0
"POINT (8.391730527000050 49.047917872000028)",Unfall 236204 (2021) Kat:2, Licht: 0,236204,2,7,6,07,07,4,0,0,1,0,1,0,0,0
"POINT (8.503354313000045 48.971517246000076)",Unfall 236285 (2021) Kat:3, Licht: 0,236285,3,1,7,08,12,5,0,0,1,0,0,0,0,0
"POINT (8.345973898000068 49.012124809000056)",Unfall 236323 (2021) Kat:2, Licht: 0,236323,2,7,0,08,16,6,0,0,1,0,0,0,0,0
"POINT (8.406964715000072 49.038268163000055)",Unfall 236334 (2021) Kat:3, Licht: 0,236334,3,6,6,08,10,7,0,0,1,0,1,0,0,0
"POINT (8.435208084000067 49.005762271000037)",Unfall 236379 (2021) Kat:3, Licht: 0,236379,3,2,5,08,17,1,1,0,1,1,0,0,0,0
"POINT (8.411387175000073 49.030850082000029)",Unfall 236406 (2021) Kat:2, Licht: 0,236406,2,6,0,09,16,4,0,0,1,0,0,0,0,0
"POINT (8.404483605000053 49.014140928000074)",Unfall 236445 (2021) Kat:3, Licht: 0,236445,3,6,3,09,15,2,0,0,1,0,0,0,0,1
"POINT (8.369717887000036 48.993303739000055)",Unfall 236535 (2021) Kat:3, Licht: 0,236535,3,7,6,09,13,6,0,0,1,0,1,0,0,0
"POINT (8.369470423000053 48.993090229000074)",Unfall 236572 (2021) Kat:3, Licht: 0,236572,3,6,0,10,11,6,0,0,1,0,0,0,0,0
"POINT (8.406955746000051 49.038175777000049)",Unfall 236639 (2021) Kat:2, Licht: 0,236639,2,6,4,10,07,6,0,0,1,0,0,0,0,0
"POINT (8.438037360000067 49.004937775000030)",Unfall 236648 (2021) Kat:3, Licht: 0,236648,3,3,5,11,14,3,1,0,1,1,0,0,0,0
"POINT (8.420427454000048 49.035274147000052)",Unfall 236652 (2021) Kat:2, Licht: 0,236652,2,7,0,11,14,2,1,0,1,0,0,0,0,0
"POINT (8.405538376000038 49.024561822000067)",Unfall 236663 (2021) Kat:2, Licht: 1,236663,2,2,5,11,16,6,0,1,1,0,0,0,0,0
"POINT (8.362082675000067 49.033742186000040)",Unfall 236680 (2021) Kat:3, Licht: 0,236680,3,1,0,11,08,2,2,0,1,0,0,0,0,0
"POINT (8.450914523000051 49.017213341000058)",Unfall 236702 (2021) Kat:3, Licht: 0,236702,3,6,4,12,11,5,1,0,1,1,0,0,0,0
"POINT (8.427259181000069 49.000129813000100)",Unfall 78213 (2022) Kat:3, Licht: 2,78213,3,3,5,01,17,5,0,2,1,1,0,0,0,0
"POINT (8.361731765000060 49.007295782000000)",Unfall 78223 (2022) Kat:3, Licht: 2,78223,3,6,2,01,17,3,0,2,0,1,0,0,0,0
"POINT (8.392072209000050 49.058127759000101)",Unfall 78275 (2022) Kat:3, Licht: 2,78275,3,3,5,01,17,2,0,2,0,1,0,0,0,0
"POINT (8.442061653000049 49.008064478000101)",Unfall 78380 (2022) Kat:3, Licht: 2,78380,3,6,3,01,19,6,1,2,0,1,0,0,0,0
"POINT (8.379828269000029 49.005614922000099)",Unfall 78492 (2022) Kat:3, Licht: 1,78492,3,3,5,01,17,5,0,1,0,1,0,0,0,0
"POINT (8.390394225000019 49.005397269000099)",Unfall 78560 (2022) Kat:3, Licht: 2,78560,3,6,2,01,22,7,1,2,0,1,0,0,0,0
"POINT (8.487089629000019 48.950934218000000)",Unfall 78614 (2022) Kat:2, Licht: 2,78614,2,6,3,01,07,2,2,2,0,1,0,0,0,1
"POINT (8.362496299000041 49.039216998000001)",Unfall 78942 (2022) Kat:3, Licht: 0,78942,3,7,0,01,10,6,0,0,0,1,0,0,0,0
"POINT (8.403669433000060 48.992247210000102)",Unfall 79053 (2022) Kat:3, Licht: 2,79053,3,2,5,01,22,5,0,2,1,1,0,0,0,0
"POINT (8.451168384000029 49.035080133000100)",Unfall 79110 (2022) Kat:3, Licht: 0,79110,3,6,2,01,12,7,0,0,0,1,0,0,0,0
"POINT (8.474081295000079 49.010516748999997)",Unfall 79181 (2022) Kat:2, Licht: 2,79181,2,2,5,01,21,2,1,2,0,1,0,0,0,0
"POINT (8.433812881000049 48.970959989999997)",Unfall 79392 (2022) Kat:2, Licht: 2,79392,2,6,3,01,07,3,1,2,0,1,0,0,0,1
"POINT (8.473184058000070 48.973578378000099)",Unfall 79473 (2022) Kat:3, Licht: 2,79473,3,2,5,02,18,5,0,2,1,1,0,0,0,0
"POINT (8.387550375000050 49.011331626000100)",Unfall 79496 (2022) Kat:3, Licht: 0,79496,3,7,0,01,13,5,0,0,1,0,0,0,0,0
"POINT (8.334771764000040 48.987868298000102)",Unfall 79532 (2022) Kat:3, Licht: 0,79532,3,7,8,02,16,2,0,0,0,1,0,0,0,0
"POINT (8.373774397000030 48.995926262000097)",Unfall 79547 (2022) Kat:3, Licht: 0,79547,3,6,2,01,15,5,0,0,0,1,0,0,1,1
"POINT (8.462054673000070 48.968586544000097)",Unfall 79562 (2022) Kat:3, Licht: 2,79562,3,6,2,02,17,6,1,2,0,1,0,0,0,0
"POINT (8.342660501000070 48.994912399999997)",Unfall 79783 (2022) Kat:3, Licht: 0,79783,3,1,8,01,07,2,1,0,0,1,0,0,0,0
"POINT (8.342973735000040 48.995157018000000)",Unfall 79844 (2022) Kat:2, Licht: 0,79844,2,1,8,02,14,5,0,0,0,1,0,0,0,0
"POINT (8.404535014000031 48.968721918000000)",Unfall 79890 (2022) Kat:1, Licht: 0,79890,1,7,8,02,13,5,0,0,0,1,0,0,0,0
"POINT (8.396658125000039 49.024086757000099)",Unfall 79902 (2022) Kat:3, Licht: 0,79902,3,6,2,02,17,7,0,0,0,1,0,0,0,0
"POINT (8.430530000000029 48.998709088000098)",Unfall 79905 (2022) Kat:3, Licht: 2,79905,3,6,6,01,05,5,1,2,1,0,1,0,0,0
"POINT (8.356365489000041 49.022785452999997)",Unfall 79974 (2022) Kat:3, Licht: 0,79974,3,6,2,02,11,1,0,0,0,1,0,0,0,0
"POINT (8.399093619000039 49.012140610000102)",Unfall 80003 (2022) Kat:3, Licht: 2,80003,3,3,5,01,16,5,0,2,0,1,0,1,0,0
"POINT (8.453059716000039 49.002526789999997)",Unfall 80017 (2022) Kat:3, Licht: 0,80017,3,2,2,02,11,5,0,0,0,1,0,0,0,0
"POINT (8.351775027000031 49.006875498000099)",Unfall 80023 (2022) Kat:3, Licht: 0,80023,3,3,5,02,13,4,0,0,1,1,0,0,0,0
"POINT (8.393936105000019 49.039489677000098)",Unfall 80043 (2022) Kat:3, Licht: 2,80043,3,2,5,02,18,1,1,2,0,1,0,0,0,0
"POINT (8.343082865000040 49.028773376000103)",Unfall 80072 (2022) Kat:3, Licht: 2,80072,3,7,2,02,19,5,0,2,0,1,0,0,0,0
"POINT (8.442497674000039 48.971688501000102)",Unfall 80128 (2022) Kat:3, Licht: 2,80128,3,6,2,02,18,6,1,2,0,1,0,0,0,0
"POINT (8.394022174000041 49.000222044000097)",Unfall 80271 (2022) Kat:2, Licht: 0,80271,2,7,5,02,08,4,0,0,0,1,0,0,0,1
"POINT (8.398039953000019 49.015875025000099)",Unfall 80352 (2022) Kat:3, Licht: 1,80352,3,2,5,02,07,6,0,1,1,1,0,0,0,0
"POINT (8.396739109000070 49.023605086000003)",Unfall 80370 (2022) Kat:3, Licht: 2,80370,3,6,2,01,17,3,0,2,0,1,0,0,0,0
"POINT (8.445252867000020 48.987689235000097)",Unfall 80371 (2022) Kat:3, Licht: 0,80371,3,7,5,01,10,3,1,0,0,0,0,0,1,1
"POINT (8.387265559000070 49.008405773000000)",Unfall 80405 (2022) Kat:3, Licht: 0,80405,3,6,2,01,07,4,0,0,0,1,0,0,0,0
"POINT (8.470090920000080 48.962841349000001)",Unfall 80428 (2022) Kat:3, Licht: 0,80428,3,6,2,02,16,2,1,0,0,1,0,0,0,0
"POINT (8.453200559000040 49.002305770000099)",Unfall 80445 (2022) Kat:3, Licht: 2,80445,3,6,2,01,19,1,0,2,0,1,0,0,0,0
"POINT (8.353257385000060 49.016301523999999)",Unfall 80470 (2022) Kat:3, Licht: 0,80470,3,6,2,02,10,6,0,0,0,1,0,0,0,1
"POINT (8.424225661000040 49.002963921000102)",Unfall 80519 (2022) Kat:3, Licht: 2,80519,3,3,5,02,18,4,0,2,0,1,0,0,0,0
"POINT (8.404060617000029 48.981734181999997)",Unfall 80590 (2022) Kat:3, Licht: 0,80590,3,1,0,01,09,6,1,0,0,0,0,1,0,0
"POINT (8.483967287000040 48.953913913000100)",Unfall 80601 (2022) Kat:2, Licht: 1,80601,2,6,3,02,18,3,0,1,0,1,0,0,1,0
"POINT (8.387601494000020 49.011689531000101)",Unfall 80612 (2022) Kat:3, Licht: 0,80612,3,6,2,02,07,4,0,0,0,1,0,0,0,0
"POINT (8.365679385000020 49.045753693999998)",Unfall 80619 (2022) Kat:3, Licht: 0,80619,3,6,2,01,14,2,1,0,0,1,0,0,0,0
"POINT (8.445158002000030 49.020985781000000)",Unfall 80650 (2022) Kat:3, Licht: 0,80650,3,3,5,02,16,7,0,0,1,0,0,0,0,1
"POINT (8.387244719000019 49.008230552999997)",Unfall 80680 (2022) Kat:3, Licht: 0,80680,3,6,2,02,13,5,0,0,0,1,0,0,0,0
"POINT (8.442175176000029 49.008680835000099)",Unfall 80729 (2022) Kat:3, Licht: 0,80729,3,3,5,02,13,7,0,0,1,0,0,0,0,0
"POINT (8.405383854000039 48.979007174000103)",Unfall 80756 (2022) Kat:3, Licht: 0,80756,3,6,2,02,15,5,0,0,0,1,0,0,0,0
"POINT (8.440742931000051 49.018024297000103)",Unfall 80776 (2022) Kat:3, Licht: 0,80776,3,3,5,02,12,5,0,0,0,1,0,0,0,0
"POINT (8.427576737000040 48.995691800000003)",Unfall 80830 (2022) Kat:3, Licht: 1,80830,3,1,9,01,17,1,0,1,0,1,0,0,0,0
"POINT (8.478377000000020 48.958976567000001)",Unfall 80840 (2022) Kat:3, Licht: 0,80840,3,6,2,02,14,3,1,0,0,1,0,0,1,0
"POINT (8.454589223000029 49.002212028000002)",Unfall 80847 (2022) Kat:3, Licht: 0,80847,3,3,5,02,11,7,0,0,1,1,0,0,0,0
"POINT (8.387443708000029 49.010554411000001)",Unfall 80886 (2022) Kat:3, Licht: 0,80886,3,2,5,02,10,6,0,0,0,1,0,0,0,0
"POINT (8.410279879000029 49.005914326999999)",Unfall 80968 (2022) Kat:3, Licht: 2,80968,3,1,8,04,04,1,0,2,0,1,0,0,0,0
"POINT (8.386415644000071 49.002159943999999)",Unfall 80972 (2022) Kat:3, Licht: 0,80972,3,2,6,03,18,6,0,0,0,1,1,0,0,0
"POINT (8.371716553000059 48.990929605000098)",Unfall 81198 (2022) Kat:3, Licht: 0,81198,3,2,5,03,13,3,0,0,1,1,0,0,0,0
"POINT (8.404883139000050 48.966199652000100)",Unfall 81253 (2022) Kat:3, Licht: 0,81253,3,6,2,04,12,5,0,0,0,1,0,0,0,1
"POINT (8.404753546000050 48.972416197000001)",Unfall 81274 (2022) Kat:3, Licht: 2,81274,3,2,5,03,19,3,0,2,1,1,0,0,0,0
"POINT (8.436991008000060 48.980986053000002)",Unfall 81419 (2022) Kat:3, Licht: 0,81419,3,6,2,03,08,4,0,0,0,1,0,0,0,0
"POINT (8.465205963000070 49.014163354000097)",Unfall 81456 (2022) Kat:3, Licht: 0,81456,3,6,2,04,14,3,0,0,0,1,0,0,1,0
"POINT (8.406829464000049 49.005625060000099)",Unfall 81465 (2022) Kat:3, Licht: 0,81465,3,6,2,04,17,4,0,0,0,1,0,0,0,0
"POINT (8.387196047000030 49.007821327000002)",Unfall 81518 (2022) Kat:3, Licht: 0,81518,3,6,2,04,15,3,0,0,0,1,0,0,0,0
"POINT (8.394059234000050 49.000635580000100)",Unfall 81549 (2022) Kat:2, Licht: 0,81549,2,3,5,04,11,5,1,0,1,0,0,0,0,0
"POINT (8.447853533000060 49.003326422000001)",Unfall 81632 (2022) Kat:3, Licht: 0,81632,3,3,5,03,10,6,0,0,1,1,0,0,0,0
"POINT (8.438462934000031 49.016845886000098)",Unfall 81647 (2022) Kat:3, Licht: 0,81647,3,2,5,03,13,1,0,0,0,0,0,0,0,1
"POINT (8.394056256000059 49.001240725999999)",Unfall 81656 (2022) Kat:3, Licht: 0,81656,3,5,1,04,17,2,0,0,1,1,0,0,0,0
"POINT (8.442224655000080 48.997527038999998)",Unfall 81701 (2022) Kat:2, Licht: 0,81701,2,6,2,04,19,2,0,0,0,1,0,1,0,0
"POINT (8.430567263000061 48.997546500000098)",Unfall 81853 (2022) Kat:3, Licht: 0,81853,3,6,2,03,15,2,0,0,0,1,0,0,0,0
"POINT (8.439220678000030 49.004776832000097)",Unfall 81858 (2022) Kat:3, Licht: 0,81858,3,3,5,03,16,2,0,0,1,1,0,0,0,0
"POINT (8.353004564000059 49.013640803000001)",Unfall 82041 (2022) Kat:3, Licht: 0,82041,3,3,0,04,17,4,0,0,0,1,0,0,0,0
"POINT (8.352717159000060 49.013900149999998)",Unfall 82057 (2022) Kat:3, Licht: 0,82057,3,6,2,03,07,4,0,0,0,1,0,0,0,0
"POINT (8.446092222000059 48.999960133000101)",Unfall 82133 (2022) Kat:3, Licht: 0,82133,3,6,2,04,11,5,1,0,0,1,0,0,0,0
"POINT (8.354000746000050 49.011011764999999)",Unfall 82211 (2022) Kat:3, Licht: 0,82211,3,6,2,03,10,3,1,0,0,1,0,0,0,0
"POINT (8.377350931000020 48.965286503000101)",Unfall 82261 (2022) Kat:3, Licht: 2,82261,3,6,2,04,06,6,0,2,0,1,0,0,0,0
"POINT (8.502307000000030 49.019732005000002)",Unfall 82305 (2022) Kat:3, Licht: 0,82305,3,6,2,03,13,7,0,0,0,1,0,0,0,0
"POINT (8.378921737000040 49.005643024000101)",Unfall 82309 (2022) Kat:3, Licht: 0,82309,3,7,8,04,12,7,0,0,0,1,0,0,0,0
"POINT (8.391391251000069 49.020614647000102)",Unfall 82381 (2022) Kat:3, Licht: 2,82381,3,6,3,03,20,7,0,2,0,1,0,1,0,0
"POINT (8.375659208000060 48.993997938000099)",Unfall 82383 (2022) Kat:3, Licht: 2,82383,3,6,2,04,06,2,0,2,0,1,0,0,0,1
"POINT (8.326745694000071 49.036279946999997)",Unfall 82418 (2022) Kat:2, Licht: 0,82418,2,7,4,03,05,2,0,0,0,1,0,0,1,0
"POINT (8.344788404000040 49.001403305000103)",Unfall 82485 (2022) Kat:3, Licht: 0,82485,3,6,2,03,15,4,0,0,0,1,0,0,0,0
"POINT (8.397285771000041 49.005378683000103)",Unfall 82518 (2022) Kat:3, Licht: 0,82518,3,2,5,03,16,4,0,0,1,1,0,0,0,0
"POINT (8.484451510000040 49.003363536000101)",Unfall 82543 (2022) Kat:3, Licht: 0,82543,3,6,2,03,15,1,0,0,0,1,0,1,0,0
"POINT (8.358391085000051 49.010150287000002)",Unfall 82578 (2022) Kat:3, Licht: 0,82578,3,2,2,03,06,5,0,0,0,1,0,0,0,1
"POINT (8.403944007000060 48.990862340000000)",Unfall 82600 (2022) Kat:3, Licht: 0,82600,3,6,2,04,07,6,0,0,0,1,0,0,0,0
"POINT (8.405652936000021 48.961611676000103)",Unfall 82665 (2022) Kat:3, Licht: 0,82665,3,2,5,03,10,5,1,0,0,1,0,0,0,0
"POINT (8.449849244000060 49.002855253000099)",Unfall 82698 (2022) Kat:3, Licht: 0,82698,3,6,3,04,18,2,0,0,1,0,0,0,0,0
"POINT (8.403676419000019 48.990987527000101)",Unfall 82806 (2022) Kat:3, Licht: 2,82806,3,6,2,04,21,1,0,2,0,1,0,0,0,0
"POINT (8.387847294000039 49.014036789999999)",Unfall 82823 (2022) Kat:3, Licht: 0,82823,3,6,2,03,16,3,0,0,0,1,0,0,0,0
"POINT (8.358012630000079 49.009963137000099)",Unfall 82921 (2022) Kat:3, Licht: 2,82921,3,7,0,03,19,4,0,2,1,1,0,0,0,0
"POINT (8.403732549000040 48.985524873000003)",Unfall 82927 (2022) Kat:2, Licht: 0,82927,2,3,5,04,08,2,0,0,1,0,0,0,0,1
"POINT (8.386063634000040 48.998717043000099)",Unfall 83047 (2022) Kat:2, Licht: 0,83047,2,2,5,05,13,2,0,0,1,0,0,0,1,0
"POINT (8.436546974000070 48.973796553000099)",Unfall 83097 (2022) Kat:3, Licht: 0,83097,3,6,2,05,14,4,0,0,0,1,0,0,0,0
"POINT (8.394157551000029 49.002285808000103)",Unfall 83130 (2022) Kat:3, Licht: 0,83130,3,5,1,05,14,2,0,0,1,1,0,0,0,0
"POINT (8.381929941000070 49.005537615999998)",Unfall 83161 (2022) Kat:3, Licht: 2,83161,3,2,5,05,23,7,0,2,0,1,0,0,0,0
"POINT (8.453238679000039 49.002299628999999)",Unfall 83163 (2022) Kat:3, Licht: 2,83163,3,3,5,04,21,2,1,2,1,1,0,0,0,0
"POINT (8.354887457000070 49.018686920000100)",Unfall 83166 (2022) Kat:3, Licht: 0,83166,3,3,5,04,07,6,0,0,1,0,0,0,0,1
"POINT (8.483898260000050 48.994047874000003)",Unfall 83229 (2022) Kat:3, Licht: 0,83229,3,5,3,05,11,6,0,0,1,1,0,0,0,0
"POINT (8.430349334000031 48.997429178000097)",Unfall 83236 (2022) Kat:3, Licht: 0,83236,3,6,2,05,09,4,0,0,0,1,0,0,1,0
"POINT (8.474301453000070 49.010513168000003)",Unfall 83335 (2022) Kat:3, Licht: 0,83335,3,6,2,05,07,4,0,0,0,1,0,0,0,0
"POINT (8.445953993000050 48.999871724999998)",Unfall 83336 (2022) Kat:3, Licht: 0,83336,3,6,2,05,07,2,0,0,0,1,0,0,0,0
"POINT (8.471207742000050 48.952586980000000)",Unfall 83350 (2022) Kat:2, Licht: 0,83350,2,3,5,04,09,6,0,0,0,1,0,1,0,0
"POINT (8.397156234000020 48.959172217999999)",Unfall 83368 (2022) Kat:3, Licht: 0,83368,3,6,2,05,17,2,0,0,0,1,0,0,0,0
"POINT (8.493697279000060 48.946098636999999)",Unfall 83370 (2022) Kat:3, Licht: 0,83370,3,7,0,04,14,5,0,0,0,0,0,1,0,0
"POINT (8.392236137000049 49.058091900000100)",Unfall 83416 (2022) Kat:2, Licht: 0,83416,2,3,5,05,13,4,0,0,0,1,0,0,0,0
"POINT (8.394399090000039 49.036764847000001)",Unfall 83458 (2022) Kat:3, Licht: 0,83458,3,7,0,04,10,4,0,0,1,0,0,0,0,0
"POINT (8.426364594000059 48.994413769000097)",Unfall 83460 (2022) Kat:2, Licht: 0,83460,2,1,8,04,20,6,0,0,0,0,0,1,0,0
"POINT (8.392507372000070 48.989272148000097)",Unfall 83464 (2022) Kat:3, Licht: 0,83464,3,7,9,04,18,4,0,0,0,0,0,0,0,1
"POINT (8.361662297000070 49.036548371999999)",Unfall 83507 (2022) Kat:3, Licht: 0,83507,3,6,2,05,17,6,0,0,0,1,0,0,0,0
"POINT (8.482328864000070 49.001867343000100)",Unfall 83521 (2022) Kat:2, Licht: 0,83521,2,3,5,04,16,4,0,0,0,1,0,1,0,0
"POINT (8.352661481000039 49.007418179000098)",Unfall 83544 (2022) Kat:3, Licht: 0,83544,3,6,2,05,14,2,0,0,0,1,0,0,0,0
"POINT (8.472257698000019 49.014063867000097)",Unfall 83699 (2022) Kat:1, Licht: 0,83699,1,6,2,04,12,2,0,0,0,1,0,0,0,1
"POINT (8.446989059000030 49.022642453000103)",Unfall 83728 (2022) Kat:3, Licht: 0,83728,3,7,8,05,11,2,0,0,0,1,0,0,0,0
"POINT (8.505460911000061 48.962755352999999)",Unfall 83736 (2022) Kat:2, Licht: 0,83736,2,1,8,04,17,7,0,0,0,0,0,1,0,0
"POINT (8.441951579000030 48.997581263000001)",Unfall 83744 (2022) Kat:3, Licht: 0,83744,3,6,2,05,13,5,0,0,0,1,0,0,1,0
"POINT (8.383294678000031 48.995292694000099)",Unfall 83768 (2022) Kat:3, Licht: 0,83768,3,6,2,05,14,6,0,0,0,1,0,1,0,0
"POINT (8.380012709000029 49.005608920000000)",Unfall 83812 (2022) Kat:3, Licht: 0,83812,3,7,1,05,17,3,0,0,0,1,0,1,0,0
"POINT (8.386939687000050 49.005564810000102)",Unfall 83870 (2022) Kat:3, Licht: 0,83870,3,6,3,05,08,5,0,0,0,1,0,1,0,0