WKT,Name,OBJECTID,UKATEGORIE,UTYP1,UART,UMONAT,USTUNDE,UWOCHENTAG,STRZUSTAND,ULICHTVERH,ISTRAD,ISTPKW,ISTFUSS,ISTKRAD,ISTGKFZ,ISTSONSTIG
"POINT (8.378053533000070 49.040874550000098)",Unfall 83873 (2022) Kat:3, Licht: 0,83873,3,3,5,05,13,3,0,0,0,1,0,0,0,1
"POINT (8.403630808000059 48.989324996999997)",Unfall 83880 (2022) Kat:3, Licht: 0,83880,3,2,5,05,16,5,0,0,1,1,0,0,0,0
"POINT (8.444164144000069 48.998726933000100)",Unfall 83901 (2022) Kat:3, Licht: 0,83901,3,6,2,05,07,3,0,0,0,1,0,0,1,0
"POINT (8.343987617000041 49.030093755000102)",Unfall 84073 (2022) Kat:3, Licht: 0,84073,3,3,5,04,17,5,0,0,0,1,0,0,0,1
"POINT (8.487021503000051 48.951001165999998)",Unfall 84075 (2022) Kat:3, Licht: 0,84075,3,6,3,05,18,3,1,0,0,1,0,0,0,1
"POINT (8.352729958000049 49.014036659000098)",Unfall 84274 (2022) Kat:3, Licht: 0,84274,3,7,0,06,17,1,1,0,1,0,0,0,0,0
"POINT (8.387443708000029 49.010554411000001)",Unfall 84286 (2022) Kat:3, Licht: 0,84286,3,3,5,06,16,4,1,0,0,1,0,0,0,0
"POINT (8.477213952000060 48.997806959000101)",Unfall 84354 (2022) Kat:3, Licht: 0,84354,3,2,5,06,14,1,0,0,0,1,0,1,0,0
"POINT (8.353234632000071 49.008009748000099)",Unfall 84370 (2022) Kat:3, Licht: 0,84370,3,6,2,06,17,6,0,0,0,1,0,0,0,0
"POINT (8.396026031000080 49.027358763000102)",Unfall 84395 (2022) Kat:3, Licht: 0,84395,3,6,2,05,16,2,0,0,0,1,0,0,0,0
"POINT (8.438588724000059 48.994994644000002)",Unfall 84397 (2022) Kat:3, Licht: 0,84397,3,6,2,05,16,3,0,0,0,1,0,0,0,0
"POINT (8.354426578000069 49.017586543999997)",Unfall 84441 (2022) Kat:3, Licht: 0,84441,3,3,5,05,14,5,0,0,1,0,0,0,1,0
"POINT (8.492307788000060 48.943629109000000)",Unfall 84453 (2022) Kat:3, Licht: 0,84453,3,3,5,05,11,2,0,0,0,1,0,0,0,1
"POINT (8.394484162000030 49.036262680000000)",Unfall 84474 (2022) Kat:2, Licht: 0,84474,2,3,5,05,06,3,0,0,0,1,0,0,0,0
"POINT (8.442134575000070 49.004371583000101)",Unfall 84536 (2022) Kat:3, Licht: 0,84536,3,2,2,05,17,2,0,0,0,1,0,0,0,0
"POINT (8.350157149000040 49.005619148999997)",Unfall 84601 (2022) Kat:3, Licht: 0,84601,3,2,5,05,18,6,0,0,1,1,0,0,0,0
"POINT (8.386886543000060 49.034542676999997)",Unfall 84653 (2022) Kat:3, Licht: 0,84653,3,3,5,05,16,2,0,0,0,1,0,1,0,0
"POINT (8.438045502000019 48.994298840000098)",Unfall 84690 (2022) Kat:3, Licht: 0,84690,3,6,2,06,13,5,0,0,0,1,0,0,0,0
"POINT (8.350882309000040 49.035342153999999)",Unfall 84720 (2022) Kat:3, Licht: 0,84720,3,2,5,05,07,4,0,0,1,1,0,0,0,0
"POINT (8.424717059000050 48.966885316000102)",Unfall 84779 (2022) Kat:2, Licht: 0,84779,2,6,2,05,13,1,0,0,0,0,0,1,0,1
"POINT (8.387708455000050 49.012620835000099)",Unfall 84879 (2022) Kat:3, Licht: 0,84879,3,3,5,05,09,3,0,0,1,1,0,0,0,0
"POINT (8.379459233000031 48.992203882000098)",Unfall 84896 (2022) Kat:2, Licht: 0,84896,2,6,3,05,11,2,0,0,0,1,0,0,1,0
"POINT (8.392229366000040 49.058068704000000)",Unfall 84972 (2022) Kat:2, Licht: 0,84972,2,3,5,05,15,3,0,0,0,1,0,0,0,0
"POINT (8.442013403000029 48.997398964000098)",Unfall 84981 (2022) Kat:2, Licht: 0,84981,2,6,2,05,16,5,0,0,0,1,0,1,0,0
"POINT (8.387807934000019 49.013566267000002)",Unfall 85035 (2022) Kat:3, Licht: 0,85035,3,3,5,05,15,7,0,0,1,1,0,0,0,0
"POINT (8.432281572000020 48.992206432000003)",Unfall 85097 (2022) Kat:3, Licht: 0,85097,3,6,3,05,09,4,0,0,0,1,0,0,1,0
"POINT (8.403899846000060 48.984912883000000)",Unfall 85144 (2022) Kat:3, Licht: 0,85144,3,2,5,05,07,5,0,0,1,1,0,0,0,0
"POINT (8.427401675000061 49.000042765000003)",Unfall 85160 (2022) Kat:2, Licht: 0,85160,2,1,0,06,20,2,0,0,1,0,0,0,0,0
"POINT (8.393987019000059 48.999829765000101)",Unfall 85302 (2022) Kat:2, Licht: 0,85302,2,7,0,05,18,3,0,0,1,0,0,0,0,0
"POINT (8.448698099000071 49.001436999000099)",Unfall 85410 (2022) Kat:3, Licht: 0,85410,3,6,2,05,16,3,0,0,0,1,0,0,0,1
"POINT (8.399701720000049 48.959565268000098)",Unfall 85417 (2022) Kat:3, Licht: 0,85417,3,6,2,05,15,1,0,0,0,1,0,0,0,0
"POINT (8.357443750000069 49.011131287000097)",Unfall 85447 (2022) Kat:3, Licht: 0,85447,3,4,6,06,15,5,0,0,0,1,1,0,0,0
"POINT (8.362289617000039 49.039157275000001)",Unfall 85517 (2022) Kat:3, Licht: 0,85517,3,6,2,05,12,2,0,0,0,1,0,0,0,0
"POINT (8.423889901000051 49.003206532000000)",Unfall 85528 (2022) Kat:3, Licht: 0,85528,3,3,5,06,18,1,0,0,0,1,0,0,0,0
"POINT (8.455837628000040 48.971381712000003)",Unfall 85536 (2022) Kat:3, Licht: 0,85536,3,6,2,05,11,7,0,0,0,1,0,1,0,1
"POINT (8.464828109000051 49.027895527000098)",Unfall 85556 (2022) Kat:2, Licht: 0,85556,2,3,5,05,17,2,0,0,0,1,0,1,0,0
"POINT (8.399799230000040 48.959580265000099)",Unfall 85560 (2022) Kat:3, Licht: 0,85560,3,6,2,05,13,1,0,0,0,1,0,0,0,0
"POINT (8.399837072000031 48.959586085000097)",Unfall 85577 (2022) Kat:3, Licht: 0,85577,3,6,2,05,19,6,0,0,0,1,0,0,0,0
"POINT (8.458407042000029 49.008525308000102)",Unfall 85578 (2022) Kat:3, Licht: 0,85578,3,6,2,05,08,2,0,0,0,1,0,0,0,1
"POINT (8.394168428000061 49.038150530000102)",Unfall 85631 (2022) Kat:3, Licht: 0,85631,3,3,5,05,10,4,0,0,1,1,0,0,0,0
"POINT (8.485541982000029 49.004196571000101)",Unfall 85644 (2022) Kat:2, Licht: 0,85644,2,6,2,05,10,6,0,0,0,1,0,0,0,0
"POINT (8.394278501000031 49.001442621000102)",Unfall 85682 (2022) Kat:3, Licht: 0,85682,3,7,0,06,12,3,0,0,0,0,1,0,1,0
"POINT (8.396487860000040 48.992999557000097)",Unfall 85685 (2022) Kat:3, Licht: 0,85685,3,3,5,06,18,2,0,0,1,1,0,0,0,0
"POINT (8.440319001000031 49.017888030999998)",Unfall 85708 (2022) Kat:3, Licht: 0,85708,3,3,5,06,07,2,0,0,0,1,0,0,0,1
"POINT (8.472515356000031 49.021755305000099)",Unfall 85755 (2022) Kat:3, Licht: 0,85755,3,6,2,05,12,2,0,0,0,1,0,0,0,0
"POINT (8.442001404000051 48.997611414000097)",Unfall 85762 (2022) Kat:2, Licht: 0,85762,2,6,2,05,15,5,0,0,0,1,0,1,0,0
"POINT (8.386702141000059 49.005611324000000)",Unfall 85852 (2022) Kat:3, Licht: 0,85852,3,6,2,05,18,1,0,0,0,1,0,0,0,1
"POINT (8.378068380000061 48.992824432000099)",Unfall 85854 (2022) Kat:3, Licht: 0,85854,3,3,5,05,15,2,0,0,0,1,0,0,0,0
"POINT (8.477228371000020 48.997829250000102)",Unfall 85922 (2022) Kat:3, Licht: 0,85922,3,6,2,07,15,1,0,0,0,1,0,0,0,1
"POINT (8.427243994000040 49.000140903000002)",Unfall 86000 (2022) Kat:3, Licht: 0,86000,3,3,5,06,17,5,0,0,1,1,0,0,0,0
"POINT (8.395627335000031 49.029630391000097)",Unfall 86001 (2022) Kat:2, Licht: 0,86001,2,6,2,06,19,6,1,0,0,1,0,0,0,0
"POINT (8.387420710000070 49.010228318000003)",Unfall 86040 (2022) Kat:3, Licht: 0,86040,3,6,2,07,17,2,0,0,0,1,0,0,0,0
"POINT (8.446218743000030 48.972095854000003)",Unfall 86087 (2022) Kat:3, Licht: 0,86087,3,6,2,07,17,5,0,0,0,0,0,0,1,1
"POINT (8.393595839000060 48.994740479000001)",Unfall 86109 (2022) Kat:3, Licht: 0,86109,3,3,0,06,12,5,0,0,1,0,0,0,0,1
"POINT (8.377115872000051 48.966133548000101)",Unfall 86129 (2022) Kat:3, Licht: 0,86129,3,6,2,07,16,6,0,0,0,1,0,0,0,1
"POINT (8.393448840000080 48.994602102999998)",Unfall 86211 (2022) Kat:3, Licht: 0,86211,3,7,0,07,16,6,0,0,1,0,0,0,0,0
"POINT (8.405192060000051 48.963975679999997)",Unfall 86254 (2022) Kat:2, Licht: 0,86254,2,6,3,07,18,5,0,0,0,1,0,1,0,0
"POINT (8.398106143000060 49.015463400999998)",Unfall 86471 (2022) Kat:3, Licht: 0,86471,3,7,0,07,14,3,0,0,1,0,0,0,0,0
"POINT (8.477385802000070 48.969389720000002)",Unfall 86586 (2022) Kat:3, Licht: 0,86586,3,3,5,07,07,3,0,0,1,1,0,0,0,0
"POINT (8.383768087000020 49.005465878999999)",Unfall 86618 (2022) Kat:3, Licht: 0,86618,3,1,0,06,08,3,0,0,1,0,0,0,0,0
"POINT (8.437002279000071 48.980848174000101)",Unfall 86668 (2022) Kat:2, Licht: 0,86668,2,3,5,07,15,2,0,0,0,1,0,0,1,0
"POINT (8.361748339000030 49.036865818000102)",Unfall 86677 (2022) Kat:3, Licht: 0,86677,3,6,2,07,13,2,0,0,0,0,0,0,1,0
"POINT (8.496913790000059 48.981895518000002)",Unfall 86679 (2022) Kat:3, Licht: 0,86679,3,2,5,07,12,2,0,0,0,1,0,0,0,0
"POINT (8.362330993000061 49.039252525999999)",Unfall 86732 (2022) Kat:3, Licht: 0,86732,3,6,2,06,07,2,1,0,0,1,0,0,0,0
"POINT (8.403550723000020 48.988250280999999)",Unfall 86743 (2022) Kat:2, Licht: 0,86743,2,7,0,07,14,7,0,0,1,0,0,0,0,0
"POINT (8.437625117000040 49.005213707999999)",Unfall 86744 (2022) Kat:3, Licht: 0,86744,3,3,5,06,20,7,0,0,0,1,0,1,0,0
"POINT (8.440384533000040 48.996350036000102)",Unfall 86785 (2022) Kat:2, Licht: 0,86785,2,6,2,07,15,6,0,0,0,0,0,1,0,0
"POINT (8.362285596000049 49.039148019000002)",Unfall 86815 (2022) Kat:3, Licht: 0,86815,3,6,2,06,16,4,1,0,0,1,0,0,0,0
"POINT (8.396530790000041 49.023437301999998)",Unfall 86816 (2022) Kat:3, Licht: 0,86816,3,6,2,07,08,6,1,0,0,1,0,0,0,0
"POINT (8.436092579000050 48.988523317000002)",Unfall 86870 (2022) Kat:3, Licht: 0,86870,3,6,3,07,07,3,0,0,0,1,0,0,1,0
"POINT (8.396460729000070 49.023348767000101)",Unfall 86933 (2022) Kat:3, Licht: 0,86933,3,2,2,07,09,3,0,0,0,1,0,0,0,0
"POINT (8.447815477000059 49.003332743000001)",Unfall 87058 (2022) Kat:3, Licht: 0,87058,3,3,5,07,20,6,0,0,1,1,0,0,0,0
"POINT (8.464362770000040 48.964627792999998)",Unfall 87072 (2022) Kat:2, Licht: 2,87072,2,6,4,07,21,4,0,2,1,0,0,0,0,0
"POINT (8.386195126000080 49.000009294999998)",Unfall 87133 (2022) Kat:3, Licht: 0,87133,3,6,2,06,09,3,0,0,0,1,0,0,0,0
"POINT (8.357004896000030 49.024074247999998)",Unfall 87163 (2022) Kat:3, Licht: 0,87163,3,6,2,07,17,2,0,0,0,1,0,0,1,0
"POINT (8.387900751000069 49.014711706000099)",Unfall 87165 (2022) Kat:3, Licht: 0,87165,3,2,5,06,15,5,0,0,0,1,0,0,0,0
"POINT (8.436662759000059 48.992265060000101)",Unfall 87268 (2022) Kat:2, Licht: 0,87268,2,6,2,07,09,6,0,0,0,1,0,0,1,1
"POINT (8.451958976000070 49.003766981000098)",Unfall 87482 (2022) Kat:2, Licht: 0,87482,2,1,8,06,19,6,1,0,0,1,0,0,1,0
"POINT (8.350071386000019 49.005344641000100)",Unfall 87567 (2022) Kat:3, Licht: 0,87567,3,6,2,07,16,2,0,0,0,1,0,0,1,0
"POINT (8.443394942000049 49.004128303000101)",Unfall 87690 (2022) Kat:3, Licht: 0,87690,3,1,0,07,12,6,0,0,0,0,0,0,0,1
"POINT (8.404897742000060 48.966081924000001)",Unfall 87750 (2022) Kat:3, Licht: 0,87750,3,2,1,07,20,5,0,0,0,1,0,0,0,0
"POINT (8.366453844000031 49.004669405000101)",Unfall 87786 (2022) Kat:2, Licht: 0,87786,2,7,8,06,17,3,0,0,0,1,0,0,0,0
"POINT (8.474195745000030 48.993770363000102)",Unfall 87790 (2022) Kat:3, Licht: 0,87790,3,6,1,06,15,4,1,0,0,1,0,1,0,0
"POINT (8.386682607000070 49.004353192000103)",Unfall 87791 (2022) Kat:3, Licht: 0,87791,3,3,5,07,16,6,0,0,0,1,0,0,0,1
"POINT (8.388135231000041 48.957765254999998)",Unfall 87830 (2022) Kat:3, Licht: 0,87830,3,6,2,07,21,4,0,0,0,1,0,0,1,0
"POINT (8.403551702000071 48.988228170000099)",Unfall 87907 (2022) Kat:3, Licht: 0,87907,3,3,5,06,13,4,1,0,1,1,0,0,0,0
"POINT (8.393995498000040 48.999924378000102)",Unfall 87930 (2022) Kat:3, Licht: 1,87930,3,7,0,07,20,2,0,1,1,0,0,0,0,0
"POINT (8.384742826000039 49.005469318000102)",Unfall 87986 (2022) Kat:3, Licht: 0,87986,3,3,5,06,19,1,0,0,0,1,0,0,0,0
"POINT (8.404889919000031 48.966147456999998)",Unfall 88020 (2022) Kat:3, Licht: 0,88020,3,2,5,07,13,3,0,0,0,1,0,0,0,1
"POINT (8.398121968000050 49.015364990000101)",Unfall 88031 (2022) Kat:2, Licht: 0,88031,2,2,3,06,13,6,0,0,1,1,0,0,0,0
"POINT (8.436700075000029 48.984513311999997)",Unfall 88157 (2022) Kat:3, Licht: 0,88157,3,6,3,07,17,2,0,0,0,1,0,0,1,0
"POINT (8.450237765000050 48.971000867999997)",Unfall 88250 (2022) Kat:3, Licht: 0,88250,3,2,5,06,15,5,0,0,0,1,0,0,0,0
"POINT (8.348271640000061 49.004244053000001)",Unfall 88265 (2022) Kat:3, Licht: 0,88265,3,6,2,06,11,7,0,0,0,1,0,0,0,0
"POINT (8.485890134000041 49.007089445000098)",Unfall 88275 (2022) Kat:3, Licht: 0,88275,3,2,2,07,11,3,0,0,0,1,0,0,0,0
"POINT (8.406054585000049 49.005471743999998)",Unfall 88288 (2022) Kat:3, Licht: 0,88288,3,1,0,07,18,7,0,0,1,0,0,0,0,0
"POINT (8.401711154000051 48.991634969000103)",Unfall 88367 (2022) Kat:3, Licht: 0,88367,3,3,5,07,15,7,0,0,0,1,0,0,0,0
"POINT (8.371544499000040 48.991001862000097)",Unfall 88450 (2022) Kat:3, Licht: 0,88450,3,2,5,08,20,5,0,0,1,1,0,0,0,0
"POINT (8.398005314000050 49.016086131000101)",Unfall 88459 (2022) Kat:3, Licht: 0,88459,3,3,5,07,16,2,0,0,0,1,0,0,0,0
"POINT (8.439496328000081 49.006347882000100)",Unfall 88460 (2022) Kat:3, Licht: 0,88460,3,3,5,07,20,3,0,0,1,1,0,0,0,0
"POINT (8.387692881000021 49.012473845999999)",Unfall 88478 (2022) Kat:3, Licht: 0,88478,3,3,5,07,09,5,0,0,1,1,0,0,0,0
"POINT (8.422269964000071 48.965900488000003)",Unfall 88576 (2022) Kat:2, Licht: 0,88576,2,6,2,08,08,4,0,0,0,1,0,0,1,0
"POINT (8.493605979000050 48.944955587999999)",Unfall 88806 (2022) Kat:2, Licht: 0,88806,2,2,5,08,17,3,0,0,1,1,0,0,0,0
"POINT (8.374499988000030 48.989641017000103)",Unfall 89044 (2022) Kat:3, Licht: 0,89044,3,6,3,08,19,3,0,0,0,1,0,1,0,0
"POINT (8.492253865000070 48.943534278000101)",Unfall 89095 (2022) Kat:3, Licht: 0,89095,3,6,1,08,19,1,0,0,0,1,0,0,0,0
"POINT (8.470645407000060 49.025540526999997)",Unfall 89099 (2022) Kat:3, Licht: 0,89099,3,7,0,08,17,7,0,0,1,0,0,0,0,0
"POINT (8.440413349000041 49.017940459000002)",Unfall 89109 (2022) Kat:3, Licht: 0,89109,3,3,5,08,08,5,0,0,1,0,0,0,0,1
"POINT (8.311405059000039 49.036917441000099)",Unfall 89174 (2022) Kat:3, Licht: 0,89174,3,6,2,08,14,6,0,0,0,1,0,0,0,0
"POINT (8.359549998000031 48.996208948000103)",Unfall 89253 (2022) Kat:3, Licht: 0,89253,3,6,2,08,16,2,0,0,0,1,0,0,0,0
"POINT (8.449113703000020 49.003117084000102)",Unfall 89303 (2022) Kat:3, Licht: 0,89303,3,6,9,08,20,3,0,0,0,0,0,1,0,0
"POINT (8.355146358000070 49.013194811000098)",Unfall 89461 (2022) Kat:2, Licht: 0,89461,2,2,5,07,17,5,0,0,1,0,0,0,0,1
"POINT (8.356003134000050 49.021359881000102)",Unfall 89562 (2022) Kat:3, Licht: 0,89562,3,3,5,08,18,7,0,0,1,0,0,0,0,0
"POINT (8.439420037000049 49.017384243000002)",Unfall 89670 (2022) Kat:3, Licht: 0,89670,3,6,2,09,09,3,0,0,0,1,0,0,0,1
"POINT (8.396504859000061 49.023246105000098)",Unfall 89700 (2022) Kat:2, Licht: 2,89700,2,7,0,09,23,7,0,2,1,0,0,0,0,0
"POINT (8.379974851000039 48.992595995999999)",Unfall 89732 (2022) Kat:3, Licht: 0,89732,3,6,2,09,14,5,1,0,0,1,0,0,0,0
"POINT (8.473943553000030 48.961016148000098)",Unfall 89746 (2022) Kat:3, Licht: 2,89746,3,6,2,09,23,6,0,2,0,1,0,0,1,0
"POINT (8.462459557000050 49.012151818000099)",Unfall 89763 (2022) Kat:3, Licht: 0,89763,3,6,3,09,16,2,0,0,0,1,0,0,1,0
"POINT (8.387691169000050 49.012459157000102)",Unfall 89901 (2022) Kat:3, Licht: 0,89901,3,7,9,08,10,2,0,0,0,0,0,1,0,0
"POINT (8.305167424000050 49.036664516000002)",Unfall 90005 (2022) Kat:3, Licht: 0,90005,3,6,2,09,07,4,0,0,0,1,0,0,0,0
"POINT (8.379403363000050 48.992072661000101)",Unfall 90022 (2022) Kat:3, Licht: 1,90022,3,6,3,09,06,5,1,1,0,1,0,0,1,0
"POINT (8.356492492000029 49.022697159000103)",Unfall 90063 (2022) Kat:3, Licht: 0,90063,3,6,2,08,13,2,0,0,0,1,0,0,0,0
"POINT (8.490003596000070 48.948313548000002)",Unfall 90112 (2022) Kat:3, Licht: 0,90112,3,7,8,09,14,6,0,0,0,1,0,0,0,0
"POINT (8.367999837000070 49.005436494000001)",Unfall 90216 (2022) Kat:3, Licht: 0,90216,3,7,0,08,19,4,0,0,1,0,0,0,0,0
"POINT (8.438570586000029 49.011491442000100)",Unfall 90371 (2022) Kat:3, Licht: 0,90371,3,3,0,08,10,3,0,0,1,1,0,0,0,0
"POINT (8.347621825000029 49.033013715999999)",Unfall 90461 (2022) Kat:3, Licht: 0,90461,3,2,5,09,12,6,0,0,0,1,0,0,0,1
"POINT (8.403554618000040 48.988162295999999)",Unfall 90470 (2022) Kat:3, Licht: 0,90470,3,3,5,08,18,2,0,0,1,1,0,0,0,0
"POINT (8.436417054000060 49.004570219000101)",Unfall 90499 (2022) Kat:3, Licht: 0,90499,3,6,2,08,13,7,1,0,0,1,0,0,0,0
"POINT (8.398467604000070 49.005486919000099)",Unfall 90554 (2022) Kat:3, Licht: 0,90554,3,3,5,09,13,4,0,0,1,0,0,0,0,1
"POINT (8.354189689000069 49.017197381000102)",Unfall 90595 (2022) Kat:3, Licht: 0,90595,3,3,5,09,13,3,0,0,1,1,0,0,0,0
"POINT (8.387696346000039 49.012505761000099)",Unfall 90657 (2022) Kat:3, Licht: 0,90657,3,3,5,09,11,5,1,0,1,1,0,0,0,0
"POINT (8.382713678000069 48.995078601000003)",Unfall 90698 (2022) Kat:2, Licht: 0,90698,2,6,2,08,10,5,0,0,0,1,0,0,0,0
"POINT (8.386934908000059 49.005507923000003)",Unfall 90736 (2022) Kat:3, Licht: 0,90736,3,2,5,09,19,3,0,0,0,1,0,1,0,0
"POINT (8.440925445000060 49.018172032000102)",Unfall 90855 (2022) Kat:3, Licht: 0,90855,3,3,5,08,10,3,0,0,1,1,0,0,0,0
"POINT (8.451798488000071 49.003872407000102)",Unfall 90861 (2022) Kat:3, Licht: 0,90861,3,6,2,08,17,5,0,0,0,1,0,0,0,1
"POINT (8.387424935000070 49.010284488000103)",Unfall 90884 (2022) Kat:3, Licht: 0,90884,3,1,0,08,10,3,0,0,1,0,0,0,0,0
"POINT (8.387846624000080 49.014028779000100)",Unfall 90923 (2022) Kat:3, Licht: 0,90923,3,6,3,08,07,2,0,0,0,1,0,0,0,0
"POINT (8.351520386000059 49.006677279000002)",Unfall 90934 (2022) Kat:3, Licht: 0,90934,3,6,2,08,14,4,0,0,0,1,0,0,0,0
"POINT (8.403992379000041 48.990586042000103)",Unfall 90990 (2022) Kat:3, Licht: 0,90990,3,7,0,09,11,5,0,0,0,1,0,0,0,0
"POINT (8.394068020000081 49.000845621000103)",Unfall 91118 (2022) Kat:3, Licht: 0,91118,3,2,5,08,18,3,0,0,1,1,0,0,0,0
"POINT (8.373903737000029 49.044245488000101)",Unfall 91123 (2022) Kat:3, Licht: 0,91123,3,7,0,09,15,2,0,0,0,0,0,1,0,0
"POINT (8.387443708000029 49.010554411000001)",Unfall 91126 (2022) Kat:3, Licht: 0,91126,3,2,5,09,09,6,1,0,1,1,0,0,0,0
"POINT (8.437180480000050 49.005108983000099)",Unfall 91130 (2022) Kat:2, Licht: 0,91130,2,2,0,08,14,2,0,0,1,1,0,0,0,0
"POINT (8.355117873000040 49.013259888999997)",Unfall 91147 (2022) Kat:3, Licht: 0,91147,3,3,5,09,08,6,0,0,1,1,0,0,0,0
"POINT (8.436973759000070 48.978294108000100)",Unfall 91151 (2022) Kat:3, Licht: 0,91151,3,6,2,09,07,3,0,0,0,0,0,0,1,1
"POINT (8.394391784000049 49.002621184000098)",Unfall 91157 (2022) Kat:3, Licht: 0,91157,3,7,0,08,15,1,0,0,0,0,0,0,0,1
"POINT (8.403534027000029 48.988384568000100)",Unfall 91177 (2022) Kat:3, Licht: 0,91177,3,3,5,09,09,6,0,0,1,1,0,0,0,0
"POINT (8.394382371000059 49.002562662999999)",Unfall 91183 (2022) Kat:3, Licht: 0,91183,3,3,5,09,17,6,0,0,0,1,0,0,0,0
"POINT (8.359839483000030 49.008476397999999)",Unfall 91222 (2022) Kat:3, Licht: 0,91222,3,6,3,08,10,4,0,0,0,1,0,0,1,0
"POINT (8.346246320000031 49.025551339000103)",Unfall 91226 (2022) Kat:3, Licht: 0,91226,3,3,0,09,10,2,0,0,1,0,0,0,0,1
"POINT (8.400408387000031 48.959673948999999)",Unfall 91320 (2022) Kat:3, Licht: 0,91320,3,6,2,09,17,3,0,0,0,1,0,0,1,0
"POINT (8.383401222000030 48.995699554000097)",Unfall 91343 (2022) Kat:2, Licht: 0,91343,2,6,3,08,18,7,0,0,0,1,0,0,0,0
"POINT (8.315032418000040 49.037669967000099)",Unfall 91434 (2022) Kat:3, Licht: 0,91434,3,3,5,10,15,3,0,0,1,1,0,0,0,0
"POINT (8.404286955000030 48.980716096000002)",Unfall 91503 (2022) Kat:3, Licht: 0,91503,3,2,5,10,13,6,0,0,0,1,0,0,0,0
"POINT (8.437159250000040 48.993660518000098)",Unfall 91568 (2022) Kat:3, Licht: 0,91568,3,1,0,11,11,5,0,0,0,1,0,0,0,0
"POINT (8.395546397000031 49.030091523000102)",Unfall 91610 (2022) Kat:3, Licht: 0,91610,3,6,6,10,16,7,0,0,0,1,1,0,0,0
"POINT (8.463903476000040 48.967382289000099)",Unfall 91682 (2022) Kat:3, Licht: 2,91682,3,6,2,11,23,5,1,2,0,1,0,0,0,0
"POINT (8.485354759000071 49.037231390999999)",Unfall 91708 (2022) Kat:2, Licht: 0,91708,2,6,2,10,11,2,0,0,0,1,0,0,0,0
"POINT (8.361019737000049 49.034272381999997)",Unfall 91740 (2022) Kat:3, Licht: 0,91740,3,6,2,10,13,4,0,0,0,1,0,0,0,0
"POINT (8.464139428000070 48.967429371999998)",Unfall 91743 (2022) Kat:3, Licht: 0,91743,3,6,2,09,10,4,0,0,0,1,0,0,0,0
"POINT (8.385767032000050 48.998682295000002)",Unfall 91744 (2022) Kat:3, Licht: 0,91744,3,2,0,11,13,6,0,0,0,1,0,0,0,1
"POINT (8.439239659000069 49.010880018000101)",Unfall 91844 (2022) Kat:3, Licht: 0,91844,3,3,5,10,15,2,0,0,1,1,0,0,0,0
"POINT (8.398200099000061 49.014735999999999)",Unfall 91854 (2022) Kat:3, Licht: 2,91854,3,2,5,10,21,4,0,2,1,1,0,0,0,0
"POINT (8.398001832000030 49.016103295999997)",Unfall 91946 (2022) Kat:3, Licht: 0,91946,3,3,5,10,08,3,0,0,0,1,0,0,0,1
"POINT (8.465378966000060 49.014941092000100)",Unfall 91976 (2022) Kat:3, Licht: 0,91976,3,6,2,09,08,2,0,0,0,1,0,0,0,0
"POINT (8.370204043000060 49.005454839000002)",Unfall 91998 (2022) Kat:3, Licht: 0,91998,3,1,0,11,13,6,1,0,1,0,0,0,0,0
"POINT (8.344755251000040 49.001363749000099)",Unfall 92038 (2022) Kat:3, Licht: 0,92038,3,3,5,10,15,4,0,0,0,1,0,0,0,0
"POINT (8.371890972000070 49.058713397000098)",Unfall 92048 (2022) Kat:2, Licht: 0,92048,2,6,2,10,09,7,0,0,0,1,0,0,0,0
"POINT (8.392837354000051 48.958671043000002)",Unfall 92064 (2022) Kat:3, Licht: 0,92064,3,6,2,10,09,4,0,0,0,0,0,0,1,0
"POINT (8.469064665000079 48.956093244000002)",Unfall 92104 (2022) Kat:2, Licht: 2,92104,2,3,5,10,07,2,1,2,1,1,0,0,0,0
"POINT (8.400026240000050 48.959615178000000)",Unfall 92212 (2022) Kat:3, Licht: 1,92212,3,6,2,10,07,6,0,1,0,1,0,0,1,0
"POINT (8.442191574000050 49.008011756000002)",Unfall 92264 (2022) Kat:3, Licht: 2,92264,3,6,2,09,19,2,0,2,0,1,0,0,0,0
"POINT (8.436898661000040 48.992775119000001)",Unfall 92272 (2022) Kat:3, Licht: 0,92272,3,6,2,10,14,6,0,0,0,1,0,0,0,1
"POINT (8.395404416000080 49.030919410000102)",Unfall 92365 (2022) Kat:3, Licht: 0,92365,3,6,2,09,09,6,0,0,0,1,0,0,0,0
"POINT (8.387900608000050 49.014706545000102)",Unfall 92367 (2022) Kat:3, Licht: 0,92367,3,2,2,10,15,4,0,0,0,1,0,0,0,0
"POINT (8.394108666000021 49.038509535000102)",Unfall 92452 (2022) Kat:3, Licht: 2,92452,3,3,5,10,18,3,0,2,1,1,0,0,0,0
"POINT (8.356855324000040 49.024155661000101)",Unfall 92503 (2022) Kat:3, Licht: 0,92503,3,6,0,10,07,4,0,0,0,0,0,1,0,1
"POINT (8.466104293000059 48.959955422000100)",Unfall 92566 (2022) Kat:3, Licht: 1,92566,3,6,2,09,19,2,0,1,0,1,0,0,0,0
"POINT (8.366229999000041 49.004439775000002)",Unfall 92609 (2022) Kat:3, Licht: 0,92609,3,6,2,10,13,6,0,0,0,1,0,0,0,0
"POINT (8.391568122000020 49.052848558999997)",Unfall 92640 (2022) Kat:3, Licht: 2,92640,3,1,9,10,18,1,1,2,0,1,0,0,0,0
"POINT (8.451534709000040 48.971667052999997)",Unfall 92664 (2022) Kat:2, Licht: 0,92664,2,6,2,10,10,7,1,0,0,1,0,0,0,1
"POINT (8.456779801000041 49.007037427000100)",Unfall 92708 (2022) Kat:3, Licht: 0,92708,3,6,0,10,16,7,0,0,0,1,0,0,0,0