WKT,Name,OBJECTID,UKATEGORIE,UTYP1,UART,UMONAT,USTUNDE,UWOCHENTAG,STRZUSTAND,ULICHTVERH,ISTRAD,ISTPKW,ISTFUSS,ISTKRAD,ISTGKFZ,ISTSONSTIG
"POINT (8.438490113000061 49.004912376000000)",Unfall 92760 (2022) Kat:3, Licht: 0,92760,3,2,5,10,13,2,0,0,1,1,0,0,0,0
"POINT (8.372635106000081 48.982711607000098)",Unfall 92823 (2022) Kat:3, Licht: 0,92823,3,6,2,11,09,6,0,0,0,1,0,0,1,0
"POINT (8.352161056000060 49.018790680000102)",Unfall 92832 (2022) Kat:3, Licht: 0,92832,3,3,5,10,15,5,0,0,1,1,0,0,0,0
"POINT (8.355251384000040 49.019247521000104)",Unfall 92837 (2022) Kat:3, Licht: 0,92837,3,3,5,10,07,2,0,0,1,1,0,0,0,0
"POINT (8.474691875000079 49.023628460000097)",Unfall 92848 (2022) Kat:1, Licht: 0,92848,1,6,3,09,14,6,0,0,1,0,0,1,0,0
"POINT (8.358445078000051 49.010180605000102)",Unfall 92941 (2022) Kat:3, Licht: 0,92941,3,3,5,10,08,4,0,0,1,0,0,0,0,1
"POINT (8.357052620000051 49.011585383000103)",Unfall 92970 (2022) Kat:3, Licht: 0,92970,3,2,5,09,14,2,1,0,1,1,0,0,0,0
"POINT (8.462220586000059 48.982747564000100)",Unfall 92987 (2022) Kat:3, Licht: 2,92987,3,1,8,10,04,2,1,2,0,1,0,0,0,0
"POINT (8.395572627000041 49.029942081000101)",Unfall 93020 (2022) Kat:3, Licht: 0,93020,3,6,2,09,18,6,0,0,0,1,0,0,0,0
"POINT (8.360406347000040 49.032862880000003)",Unfall 93045 (2022) Kat:3, Licht: 2,93045,3,6,2,10,06,3,0,2,0,1,0,1,0,0
"POINT (8.512091493000071 49.028389274000098)",Unfall 93140 (2022) Kat:3, Licht: 0,93140,3,6,3,10,09,5,0,0,0,1,0,0,0,1
"POINT (8.391568122000020 49.052848558999997)",Unfall 93148 (2022) Kat:3, Licht: 0,93148,3,1,9,09,12,1,1,0,0,1,0,0,0,0
"POINT (8.387694967000069 49.012492657000102)",Unfall 93162 (2022) Kat:3, Licht: 0,93162,3,3,5,10,15,3,0,0,0,1,0,0,0,1
"POINT (8.458443976000069 49.008554797000002)",Unfall 93194 (2022) Kat:2, Licht: 2,93194,2,6,2,10,07,6,1,2,0,1,0,0,0,0
"POINT (8.399085418000031 49.005479366000003)",Unfall 93206 (2022) Kat:3, Licht: 2,93206,3,7,0,10,01,1,0,2,0,0,0,0,0,1
"POINT (8.491388241000040 48.947418673000101)",Unfall 93214 (2022) Kat:3, Licht: 2,93214,3,6,2,10,18,2,0,2,0,1,0,0,0,0
"POINT (8.436382340000019 48.984481928999998)",Unfall 93217 (2022) Kat:2, Licht: 0,93217,2,6,2,09,09,4,0,0,0,1,0,0,0,0
"POINT (8.360465617000051 48.995906751000099)",Unfall 93218 (2022) Kat:3, Licht: 0,93218,3,2,5,11,16,6,0,0,1,0,0,0,0,1
"POINT (8.493891259000071 49.049823932000002)",Unfall 93307 (2022) Kat:3, Licht: 0,93307,3,6,2,10,09,3,0,0,0,1,0,0,0,1
"POINT (8.386668580000050 49.004335571000098)",Unfall 93331 (2022) Kat:3, Licht: 2,93331,3,1,0,10,22,2,0,2,0,0,0,0,0,1
"POINT (8.444687623000050 48.972092868000097)",Unfall 93333 (2022) Kat:2, Licht: 0,93333,2,6,2,09,10,4,0,0,0,1,0,0,0,0
"POINT (8.379439306000050 48.992157079999998)",Unfall 93336 (2022) Kat:3, Licht: 1,93336,3,6,5,09,07,6,0,1,0,1,0,0,1,0
"POINT (8.482654968000080 49.033173443000102)",Unfall 93351 (2022) Kat:3, Licht: 0,93351,3,6,2,10,14,7,0,0,0,1,0,0,0,0
"POINT (8.357351986000030 49.011387740000004)",Unfall 93364 (2022) Kat:3, Licht: 2,93364,3,4,6,10,19,4,0,2,0,1,1,0,0,0
"POINT (8.436418936000051 48.987618808000001)",Unfall 93397 (2022) Kat:3, Licht: 0,93397,3,6,2,10,07,6,1,0,0,1,0,0,0,0
"POINT (8.344817506000030 49.027010403000098)",Unfall 93412 (2022) Kat:3, Licht: 0,93412,3,7,1,10,08,7,0,0,0,1,0,0,0,0
"POINT (8.431287879000021 48.992777576999998)",Unfall 93428 (2022) Kat:3, Licht: 0,93428,3,6,2,10,11,4,0,0,0,1,0,0,0,0
"POINT (8.416537571000051 48.963571141999999)",Unfall 93471 (2022) Kat:2, Licht: 0,93471,2,7,8,10,14,6,0,0,0,1,0,0,0,0
"POINT (8.387171545000060 49.007613560999999)",Unfall 93474 (2022) Kat:2, Licht: 1,93474,2,2,5,10,18,4,0,1,1,1,0,0,0,0
"POINT (8.387899938000031 49.014682360000101)",Unfall 93511 (2022) Kat:3, Licht: 2,93511,3,2,5,10,21,4,0,2,0,1,0,0,0,0
"POINT (8.340022139000039 48.991885545999999)",Unfall 93538 (2022) Kat:3, Licht: 0,93538,3,6,2,10,07,5,0,0,0,1,0,0,0,0
"POINT (8.386935802000041 49.005519451000097)",Unfall 93632 (2022) Kat:2, Licht: 2,93632,2,2,5,11,04,3,1,2,0,1,0,0,0,0
"POINT (8.436742936000030 48.981007650999999)",Unfall 93657 (2022) Kat:3, Licht: 0,93657,3,6,2,10,14,7,0,0,0,1,0,0,0,0
"POINT (8.386054077000040 49.001655569000000)",Unfall 93729 (2022) Kat:3, Licht: 0,93729,3,3,5,09,17,6,0,0,1,1,0,0,0,0
"POINT (8.355992145000069 49.021754119999997)",Unfall 93731 (2022) Kat:3, Licht: 0,93731,3,6,2,10,14,4,0,0,0,1,0,1,0,0
"POINT (8.404232531000050 48.980663958999997)",Unfall 93744 (2022) Kat:2, Licht: 0,93744,2,2,5,10,15,7,0,0,1,1,0,0,0,0
"POINT (8.528996787000040 48.961249713000001)",Unfall 93891 (2022) Kat:3, Licht: 2,93891,3,7,8,10,00,7,1,2,0,1,0,0,0,0
"POINT (8.407619108000061 49.076016418000101)",Unfall 93935 (2022) Kat:3, Licht: 0,93935,3,7,9,11,14,1,0,0,0,0,0,1,0,0
"POINT (8.403842952000049 48.989658518000098)",Unfall 93943 (2022) Kat:3, Licht: 2,93943,3,3,5,11,18,2,1,2,1,1,0,0,0,0
"POINT (8.438715288000029 49.016987834000098)",Unfall 93948 (2022) Kat:3, Licht: 0,93948,3,4,6,11,15,3,0,0,0,0,1,0,0,1
"POINT (8.541453759000040 48.959984067000100)",Unfall 93972 (2022) Kat:3, Licht: 2,93972,3,1,0,11,05,7,1,2,0,1,0,0,0,0
"POINT (8.381245284000039 48.992098882999997)",Unfall 94015 (2022) Kat:3, Licht: 0,94015,3,3,5,11,10,4,0,0,0,1,0,0,1,0
"POINT (8.452629447000049 49.041742102000100)",Unfall 94095 (2022) Kat:3, Licht: 2,94095,3,6,1,11,17,5,1,2,0,1,0,0,0,0
"POINT (8.438715615000040 49.016988017000102)",Unfall 94105 (2022) Kat:3, Licht: 2,94105,3,3,5,11,17,4,1,2,1,0,0,0,0,1
"POINT (8.393910627000031 49.033935874000100)",Unfall 94152 (2022) Kat:3, Licht: 1,94152,3,2,5,11,17,3,0,1,1,1,0,0,0,0
"POINT (8.403582888000070 48.989224750000098)",Unfall 94156 (2022) Kat:3, Licht: 2,94156,3,2,5,12,17,5,0,2,1,1,0,0,0,0
"POINT (8.396738833000031 49.023607028000100)",Unfall 94161 (2022) Kat:3, Licht: 2,94161,3,6,2,11,17,6,0,2,0,1,0,0,0,0
"POINT (8.366601734000030 49.049134819000102)",Unfall 94201 (2022) Kat:3, Licht: 0,94201,3,7,9,11,07,2,0,0,0,1,0,0,0,0
"POINT (8.382026071000039 48.991848667000099)",Unfall 94236 (2022) Kat:3, Licht: 0,94236,3,3,5,11,12,5,0,0,0,1,0,0,1,0
"POINT (8.378060011000059 49.040869879000098)",Unfall 94265 (2022) Kat:3, Licht: 0,94265,3,3,5,11,14,3,0,0,0,1,0,0,0,0
"POINT (8.394712960000049 49.005268780000101)",Unfall 94291 (2022) Kat:3, Licht: 0,94291,3,6,2,11,15,3,1,0,0,1,0,0,0,0
"POINT (8.410601047000061 49.006022925000103)",Unfall 94331 (2022) Kat:3, Licht: 0,94331,3,6,2,11,11,2,0,0,0,1,0,0,0,0
"POINT (8.445110091000060 49.020941310000097)",Unfall 94378 (2022) Kat:3, Licht: 0,94378,3,6,2,11,10,1,1,0,0,1,0,0,0,0
"POINT (8.466634479000049 48.959032636000103)",Unfall 94381 (2022) Kat:2, Licht: 2,94381,2,2,5,11,16,5,1,2,1,1,0,0,0,0
"POINT (8.431623649000070 49.002341375000100)",Unfall 94406 (2022) Kat:2, Licht: 2,94406,2,7,5,11,20,3,0,2,0,1,0,0,0,0
"POINT (8.439870989000040 49.006547994000101)",Unfall 94429 (2022) Kat:3, Licht: 0,94429,3,1,0,11,07,2,0,0,1,0,0,0,0,0
"POINT (8.406066474000060 48.958973249000103)",Unfall 94597 (2022) Kat:3, Licht: 2,94597,3,2,5,12,06,5,0,2,0,1,0,0,0,0
"POINT (8.443957542000019 48.998817914000000)",Unfall 94684 (2022) Kat:3, Licht: 0,94684,3,6,2,11,07,3,0,0,0,1,0,0,1,0
"POINT (8.389648710000071 49.018831700000099)",Unfall 94760 (2022) Kat:3, Licht: 2,94760,3,2,5,11,17,1,1,2,0,1,0,0,0,0
"POINT (8.404997174000069 48.960416112000097)",Unfall 94780 (2022) Kat:3, Licht: 0,94780,3,6,2,11,15,5,1,0,0,1,0,0,1,0
"POINT (8.474022256000071 49.010489331000002)",Unfall 94830 (2022) Kat:3, Licht: 0,94830,3,1,0,11,08,5,1,0,0,0,0,1,0,0
"POINT (8.394470505000070 49.005100423999998)",Unfall 94883 (2022) Kat:3, Licht: 0,94883,3,6,6,11,11,4,0,0,1,0,1,0,0,0
"POINT (8.436277434000029 48.990649609999998)",Unfall 94891 (2022) Kat:2, Licht: 0,94891,2,6,3,11,11,3,0,0,0,1,0,0,1,0
"POINT (8.394852790000069 49.034090047000099)",Unfall 94948 (2022) Kat:3, Licht: 2,94948,3,6,2,11,18,6,1,2,0,1,0,0,0,0
"POINT (8.394389434000059 49.004249849000097)",Unfall 94959 (2022) Kat:3, Licht: 0,94959,3,7,0,11,12,2,0,0,1,0,0,0,0,0
"POINT (8.463140778000019 49.012403911000000)",Unfall 95004 (2022) Kat:3, Licht: 2,95004,3,7,8,11,03,6,0,2,0,0,0,0,0,1
"POINT (8.436998129000070 48.980898943000099)",Unfall 95046 (2022) Kat:3, Licht: 0,95046,3,3,5,12,07,5,0,0,0,1,0,0,1,1
"POINT (8.445049611000060 48.972075780000097)",Unfall 95083 (2022) Kat:3, Licht: 2,95083,3,6,3,11,18,2,0,2,0,1,0,0,0,0
"POINT (8.437618961000060 48.994264000999998)",Unfall 95124 (2022) Kat:3, Licht: 2,95124,3,6,2,11,17,5,0,2,0,1,0,0,0,0
"POINT (8.366652706000020 49.050578395000102)",Unfall 95248 (2022) Kat:3, Licht: 2,95248,3,7,9,12,20,6,1,2,0,1,0,0,0,0
"POINT (8.489626076000039 48.940340452000001)",Unfall 95617 (2022) Kat:3, Licht: 2,95617,3,2,2,12,20,5,1,2,0,1,0,0,0,0
"POINT (8.404006209000039 48.991785649000100)",Unfall 95625 (2022) Kat:3, Licht: 2,95625,3,6,3,12,16,1,1,2,0,1,0,0,0,0
"POINT (8.395505913000020 49.030326619999997)",Unfall 95636 (2022) Kat:3, Licht: 2,95636,3,6,2,12,18,3,0,2,0,1,0,0,0,0
"POINT (8.436061957000049 48.988984229000003)",Unfall 95750 (2022) Kat:3, Licht: 0,95750,3,3,5,12,14,2,0,0,0,1,0,0,1,0
"POINT (8.313552217000050 49.037377683999999)",Unfall 95841 (2022) Kat:3, Licht: 0,95841,3,1,9,12,14,6,1,0,0,1,0,0,0,0
"POINT (8.396497210000060 49.023384321000002)",Unfall 95865 (2022) Kat:3, Licht: 0,95865,3,6,2,12,08,3,0,0,0,1,0,0,0,0
"POINT (8.476569975000070 49.025384510999999)",Unfall 96037 (2022) Kat:3, Licht: 0,96037,3,6,2,12,15,3,0,0,0,1,0,0,0,0
"POINT (8.393453207000050 48.958765766000099)",Unfall 96084 (2022) Kat:3, Licht: 0,96084,3,6,2,12,15,6,1,0,0,1,0,0,0,0
"POINT (8.387697061000040 49.012512560000097)",Unfall 96105 (2022) Kat:2, Licht: 0,96105,2,3,5,12,11,3,0,0,0,1,0,1,0,0
"POINT (8.442180120000049 48.997500039000002)",Unfall 96128 (2022) Kat:3, Licht: 0,96128,3,6,2,12,14,6,0,0,0,1,0,0,0,0
"POINT (8.391536155000040 49.053047743000000)",Unfall 96153 (2022) Kat:3, Licht: 2,96153,3,2,5,12,17,3,0,2,0,1,0,0,0,0
"POINT (8.394084239000049 49.000802345000103)",Unfall 96218 (2022) Kat:3, Licht: 2,96218,3,2,5,12,19,1,1,2,1,1,0,0,0,0
"POINT (8.495084326000040 49.005136676000099)",Unfall 96294 (2022) Kat:3, Licht: 2,96294,3,6,3,12,18,3,0,2,0,1,0,0,0,0
"POINT (8.397892748000061 49.005494802000001)",Unfall 96307 (2022) Kat:3, Licht: 0,96307,3,3,5,12,10,2,0,0,1,0,0,0,0,1
"POINT (8.396484107000051 48.993020833000102)",Unfall 96329 (2022) Kat:3, Licht: 2,96329,3,3,5,12,18,4,1,2,0,1,0,0,0,0
"POINT (8.495212114000029 48.984799415000097)",Unfall 96365 (2022) Kat:3, Licht: 0,96365,3,1,8,12,09,6,2,0,0,1,0,0,0,0
"POINT (8.377722599000039 48.990857116000001)",Unfall 96398 (2022) Kat:3, Licht: 0,96398,3,6,2,12,15,5,0,0,0,1,0,0,0,0
"POINT (8.396815798000031 49.022937560000102)",Unfall 96434 (2022) Kat:3, Licht: 2,96434,3,6,2,12,19,6,0,2,0,1,0,0,0,0
"POINT (8.438660546000049 48.972081582999998)",Unfall 96471 (2022) Kat:3, Licht: 1,96471,3,7,8,12,16,1,0,1,0,1,0,0,0,0
"POINT (8.384456203000070 49.005439780000103)",Unfall 96525 (2022) Kat:2, Licht: 0,96525,2,3,5,12,10,3,0,0,1,1,0,0,0,0
"POINT (8.396478157000050 49.023365752000103)",Unfall 96562 (2022) Kat:3, Licht: 0,96562,3,6,2,12,10,3,0,0,0,1,0,0,0,0
"POINT (8.450942040000029 49.034657094000103)",Unfall 96587 (2022) Kat:3, Licht: 2,96587,3,6,2,12,16,6,1,2,0,1,0,0,0,0
"POINT (8.451172000000041 49.035095694000098)",Unfall 96592 (2022) Kat:3, Licht: 2,96592,3,6,2,12,18,2,0,2,0,1,0,0,0,0
"POINT (8.368326194000080 49.013748997000100)",Unfall 195155 (2022) Kat:3, Licht: 0,195155,3,1,0,02,13,4,0,0,1,0,0,0,0,0
"POINT (8.394736755000050 49.007406056000001)",Unfall 195182 (2022) Kat:3, Licht: 0,195182,3,1,0,01,13,2,1,0,1,0,0,0,0,0
"POINT (8.348392306000051 48.991987801999997)",Unfall 195219 (2022) Kat:3, Licht: 2,195219,3,3,5,02,18,6,0,2,0,1,0,0,0,1
"POINT (8.389073783000070 49.010596104000101)",Unfall 195231 (2022) Kat:3, Licht: 2,195231,3,3,5,02,21,3,1,2,1,1,0,0,0,0
"POINT (8.403376372000031 49.010198991000003)",Unfall 195237 (2022) Kat:3, Licht: 2,195237,3,5,1,02,18,7,1,2,1,1,0,0,0,0
"POINT (8.398616069000070 49.008464781999997)",Unfall 195294 (2022) Kat:3, Licht: 0,195294,3,4,6,01,16,3,0,0,1,0,1,0,0,0
"POINT (8.431434289000039 48.996946285000000)",Unfall 195300 (2022) Kat:3, Licht: 0,195300,3,6,2,02,12,2,0,0,0,1,0,0,0,0
"POINT (8.410830200000021 48.997115450000102)",Unfall 195327 (2022) Kat:3, Licht: 2,195327,3,3,5,02,18,2,1,2,0,1,0,0,0,1
"POINT (8.354617241000030 49.020400791999997)",Unfall 195360 (2022) Kat:3, Licht: 0,195360,3,3,5,01,16,4,0,0,0,1,0,0,0,0
"POINT (8.403883675000030 49.010154006999997)",Unfall 195374 (2022) Kat:3, Licht: 0,195374,3,5,1,02,10,6,0,0,1,1,0,0,0,0
"POINT (8.423096867000030 49.007745724000102)",Unfall 195382 (2022) Kat:3, Licht: 2,195382,3,2,5,01,17,4,1,2,1,1,0,0,0,0
"POINT (8.403622317000041 49.006654353000002)",Unfall 195384 (2022) Kat:3, Licht: 0,195384,3,4,6,01,14,7,0,0,0,1,1,0,0,0
"POINT (8.391417983000050 49.006897566000099)",Unfall 195388 (2022) Kat:3, Licht: 0,195388,3,3,5,02,08,4,0,0,1,0,0,1,0,0
"POINT (8.457117568000060 48.997325684000003)",Unfall 195391 (2022) Kat:3, Licht: 0,195391,3,7,0,01,13,6,0,0,0,1,0,0,0,0
"POINT (8.408095369000019 49.001882981000101)",Unfall 195396 (2022) Kat:3, Licht: 0,195396,3,3,5,01,14,7,0,0,1,1,0,0,0,0
"POINT (8.384543818000051 49.013826752999996)",Unfall 195442 (2022) Kat:3, Licht: 0,195442,3,5,5,01,11,5,0,0,1,1,0,0,0,0
"POINT (8.392385148000070 49.010127718000000)",Unfall 195444 (2022) Kat:3, Licht: 2,195444,3,7,1,01,20,6,0,2,1,1,0,0,0,0
"POINT (8.424075029000051 49.002857020000100)",Unfall 195446 (2022) Kat:3, Licht: 0,195446,3,3,5,02,15,6,0,0,1,1,0,0,0,0
"POINT (8.359688715000059 49.002577492999997)",Unfall 195449 (2022) Kat:3, Licht: 0,195449,3,3,5,02,07,2,0,0,1,1,0,0,0,0
"POINT (8.483426597000060 49.011240143000101)",Unfall 195457 (2022) Kat:3, Licht: 2,195457,3,7,8,01,01,6,0,2,0,1,0,0,0,0
"POINT (8.417672059000040 49.015164079000002)",Unfall 195465 (2022) Kat:3, Licht: 2,195465,3,7,0,02,18,2,0,2,1,0,0,0,0,0
"POINT (8.406392297000020 49.010356346999998)",Unfall 195468 (2022) Kat:3, Licht: 0,195468,3,5,1,02,15,6,0,0,1,1,0,0,0,0
"POINT (8.344274888000029 48.995548417000101)",Unfall 195504 (2022) Kat:3, Licht: 2,195504,3,1,8,02,18,3,1,2,0,0,0,1,0,0
"POINT (8.350764819000061 49.034249121000101)",Unfall 195520 (2022) Kat:3, Licht: 0,195520,3,1,0,01,13,6,0,0,0,0,0,0,0,1
"POINT (8.355249388000059 49.020838838000003)",Unfall 195534 (2022) Kat:2, Licht: 2,195534,2,7,0,01,17,4,0,2,1,0,0,0,0,0
"POINT (8.394778343000040 49.007729180000098)",Unfall 195594 (2022) Kat:3, Licht: 0,195594,3,7,0,01,13,2,1,0,1,0,0,0,0,0
"POINT (8.451021953000071 48.995503303000099)",Unfall 195597 (2022) Kat:3, Licht: 2,195597,3,1,9,01,00,7,1,2,0,1,0,0,0,0
"POINT (8.456904613000059 48.996788221000003)",Unfall 195613 (2022) Kat:3, Licht: 0,195613,3,2,5,02,16,2,0,0,1,1,0,0,0,0
"POINT (8.423940825000050 49.007794454000098)",Unfall 195642 (2022) Kat:3, Licht: 2,195642,3,2,5,02,18,3,1,2,1,1,0,0,0,0
"POINT (8.407723736000040 49.011482082999997)",Unfall 195644 (2022) Kat:2, Licht: 2,195644,2,1,9,01,04,1,1,2,0,1,0,0,0,0
"POINT (8.408623605000059 49.023610429000001)",Unfall 195671 (2022) Kat:3, Licht: 2,195671,3,7,0,01,18,5,0,2,1,0,0,0,0,0
"POINT (8.495264284000029 49.007460918000000)",Unfall 195701 (2022) Kat:3, Licht: 2,195701,3,3,5,01,04,6,0,2,1,0,0,0,0,1
"POINT (8.373174708000020 49.008683034000100)",Unfall 195726 (2022) Kat:3, Licht: 0,195726,3,5,1,01,11,6,0,0,1,0,0,0,0,1
"POINT (8.413138062000030 49.001060056000000)",Unfall 195811 (2022) Kat:3, Licht: 0,195811,3,7,1,01,09,1,0,0,1,1,0,0,0,0
"POINT (8.463117267000030 48.995599706000100)",Unfall 195813 (2022) Kat:3, Licht: 2,195813,3,3,5,01,07,2,0,2,1,0,0,0,0,1
"POINT (8.441759859000060 49.027420018999997)",Unfall 195837 (2022) Kat:3, Licht: 2,195837,3,7,0,01,01,7,1,2,1,0,0,0,0,0
"POINT (8.386254322000070 49.012581115000003)",Unfall 195850 (2022) Kat:3, Licht: 2,195850,3,3,5,01,22,5,0,2,1,1,0,0,0,0
"POINT (8.368112696000029 48.980865591000097)",Unfall 195861 (2022) Kat:3, Licht: 1,195861,3,7,1,01,17,3,0,1,0,1,0,1,0,0
"POINT (8.387318821000060 49.031362457999997)",Unfall 195864 (2022) Kat:3, Licht: 0,195864,3,7,0,01,16,1,0,0,0,0,0,0,0,1
"POINT (8.390671693000060 48.999751652000000)",Unfall 195932 (2022) Kat:3, Licht: 2,195932,3,3,5,01,17,3,0,2,0,1,0,1,0,0
"POINT (8.391775571000039 49.010137488000098)",Unfall 195935 (2022) Kat:3, Licht: 1,195935,3,3,5,02,17,6,1,1,1,1,0,0,0,0
"POINT (8.390905607000040 49.001973149000001)",Unfall 195984 (2022) Kat:3, Licht: 1,195984,3,3,5,02,17,3,0,1,0,1,0,0,0,1
"POINT (8.413399688000030 49.021662455000097)",Unfall 196014 (2022) Kat:3, Licht: 2,196014,3,3,5,01,18,7,0,2,0,1,0,0,0,0
"POINT (8.390774202000051 49.045073027000100)",Unfall 196033 (2022) Kat:3, Licht: 0,196033,3,6,2,02,15,7,0,0,0,1,0,0,0,0
"POINT (8.363071314000020 49.020742108000000)",Unfall 196054 (2022) Kat:3, Licht: 1,196054,3,3,5,01,16,4,0,1,1,1,0,0,0,0
"POINT (8.390436930000019 49.010213024999999)",Unfall 196058 (2022) Kat:3, Licht: 0,196058,3,5,1,02,13,3,0,0,1,1,0,0,0,0
"POINT (8.416764174000040 49.008552195000000)",Unfall 196081 (2022) Kat:2, Licht: 0,196081,2,3,5,02,15,6,0,0,1,1,0,0,0,0
"POINT (8.337349443000051 48.998095560000102)",Unfall 196093 (2022) Kat:3, Licht: 2,196093,3,7,0,01,22,4,0,2,0,0,0,1,0,0
"POINT (8.374847200000030 49.010878441999999)",Unfall 196114 (2022) Kat:3, Licht: 2,196114,3,7,2,01,21,5,0,2,0,1,0,0,0,0
"POINT (8.379324957000049 49.008031980000098)",Unfall 196188 (2022) Kat:2, Licht: 0,196188,2,7,0,03,15,2,0,0,1,1,0,0,0,0
"POINT (8.403597139000061 49.007007582000000)",Unfall 196218 (2022) Kat:3, Licht: 0,196218,3,3,0,03,12,2,0,0,1,1,0,0,0,0
"POINT (8.391647712000060 49.008993156000003)",Unfall 196225 (2022) Kat:3, Licht: 0,196225,3,2,5,03,09,5,0,0,0,1,0,1,0,0
"POINT (8.439795013000040 49.016166667999997)",Unfall 196235 (2022) Kat:3, Licht: 0,196235,3,5,1,02,13,4,0,0,1,1,0,0,0,0
"POINT (8.399197455000040 49.003129002999998)",Unfall 196262 (2022) Kat:3, Licht: 0,196262,3,3,5,03,15,6,0,0,1,1,0,0,0,0
"POINT (8.424088761000061 49.002892172000003)",Unfall 196273 (2022) Kat:3, Licht: 0,196273,3,3,5,03,16,2,0,0,1,1,0,0,0,0
"POINT (8.443786408000051 49.005830625999998)",Unfall 196285 (2022) Kat:3, Licht: 0,196285,3,7,0,03,14,4,0,0,1,0,0,0,0,0
"POINT (8.363015865000021 49.025348907000101)",Unfall 196316 (2022) Kat:3, Licht: 0,196316,3,6,4,03,08,3,0,0,1,0,0,0,0,1
"POINT (8.348496542000021 48.996645661999999)",Unfall 196358 (2022) Kat:3, Licht: 0,196358,3,3,5,03,13,6,0,0,0,1,0,0,0,0
"POINT (8.361504009000040 49.011357707999998)",Unfall 196374 (2022) Kat:3, Licht: 2,196374,3,6,1,03,22,5,0,2,0,1,0,0,0,0
"POINT (8.412348699000059 49.007969682000102)",Unfall 196379 (2022) Kat:3, Licht: 0,196379,3,3,5,02,12,5,0,0,1,0,0,0,0,0
"POINT (8.377025711000041 49.008125200000102)",Unfall 196397 (2022) Kat:3, Licht: 0,196397,3,7,0,03,08,5,0,0,1,0,0,0,0,0
"POINT (8.367917096000040 48.992824793000104)",Unfall 196421 (2022) Kat:3, Licht: 0,196421,3,3,5,02,13,3,0,0,1,1,0,0,0,0
"POINT (8.401260851000069 49.009715182999997)",Unfall 196441 (2022) Kat:3, Licht: 0,196441,3,6,6,03,14,5,0,0,1,0,1,0,0,0
"POINT (8.365502623000051 49.020855938000103)",Unfall 196453 (2022) Kat:3, Licht: 0,196453,3,3,5,02,07,5,0,0,1,1,0,0,0,0
"POINT (8.336559714000030 48.994170480999998)",Unfall 196466 (2022) Kat:2, Licht: 0,196466,2,2,5,03,16,6,0,0,0,1,0,0,0,1
"POINT (8.365921136000050 49.004008317999997)",Unfall 196485 (2022) Kat:3, Licht: 0,196485,3,2,3,02,09,6,0,0,1,0,0,0,0,1
"POINT (8.424104101000070 49.007083243000103)",Unfall 196522 (2022) Kat:3, Licht: 0,196522,3,7,0,03,09,2,1,0,0,0,0,1,0,0
"POINT (8.389447358000041 49.004021143000003)",Unfall 196530 (2022) Kat:3, Licht: 0,196530,3,7,1,03,08,2,0,0,1,1,0,0,0,0
"POINT (8.363311040000040 49.021214399000002)",Unfall 196552 (2022) Kat:2, Licht: 0,196552,2,3,5,03,07,4,0,0,0,0,0,1,0,1
"POINT (8.407794645000020 49.010806753000097)",Unfall 196569 (2022) Kat:3, Licht: 2,196569,3,6,4,02,19,2,0,2,1,1,0,0,0,0
"POINT (8.416759035000039 49.008554816000100)",Unfall 196580 (2022) Kat:2, Licht: 2,196580,2,3,5,02,18,5,0,2,1,1,0,0,0,0
"POINT (8.392857200000041 48.994644746000098)",Unfall 196591 (2022) Kat:3, Licht: 0,196591,3,6,2,03,07,3,0,0,0,1,0,0,0,0
"POINT (8.375158634000060 49.014624062999999)",Unfall 196653 (2022) Kat:3, Licht: 2,196653,3,3,5,03,05,4,0,2,1,0,0,1,0,0
"POINT (8.473469856000071 48.953053483000097)",Unfall 196690 (2022) Kat:3, Licht: 0,196690,3,4,6,02,16,4,0,0,0,1,1,0,0,0
"POINT (8.410493728000059 49.000975853000099)",Unfall 196700 (2022) Kat:3, Licht: 2,196700,3,7,0,03,02,1,0,2,1,0,0,0,0,0
"POINT (8.381861571000060 49.005382732999998)",Unfall 196716 (2022) Kat:3, Licht: 0,196716,3,7,5,03,15,5,0,0,1,1,0,0,0,0
"POINT (8.359618553000081 49.010489196000002)",Unfall 196728 (2022) Kat:3, Licht: 0,196728,3,3,5,03,16,6,0,0,1,1,0,0,0,0
"POINT (8.423978235000050 49.007638235999998)",Unfall 196737 (2022) Kat:3, Licht: 0,196737,3,2,5,02,17,3,0,0,0,1,0,0,0,1
"POINT (8.334917322000020 49.007644088000099)",Unfall 196767 (2022) Kat:3, Licht: 0,196767,3,7,9,03,07,5,0,0,0,1,0,0,0,0
"POINT (8.385830704000060 49.014742861999999)",Unfall 196772 (2022) Kat:3, Licht: 0,196772,3,2,5,02,15,6,0,0,0,1,0,0,0,1
"POINT (8.376247582000079 49.009371891999997)",Unfall 196775 (2022) Kat:3, Licht: 2,196775,3,7,6,03,21,4,0,2,0,1,1,0,0,0
"POINT (8.403444293000060 49.004182577999998)",Unfall 196778 (2022) Kat:3, Licht: 0,196778,3,7,0,02,09,4,1,0,1,0,0,0,0,0
"POINT (8.385271772000070 49.017365232000003)",Unfall 196781 (2022) Kat:3, Licht: 0,196781,3,3,5,02,09,2,0,0,1,1,0,0,0,0
"POINT (8.367655647000049 48.982414504000097)",Unfall 196797 (2022) Kat:3, Licht: 0,196797,3,7,9,02,07,2,0,0,0,1,0,0,0,0