WKT,Name,OBJECTID,UKATEGORIE,UTYP1,UART,UMONAT,USTUNDE,UWOCHENTAG,STRZUSTAND,ULICHTVERH,ISTRAD,ISTPKW,ISTFUSS,ISTKRAD,ISTGKFZ,ISTSONSTIG
"POINT (8.445165358000050 48.996597800000103)",Unfall 196813 (2022) Kat:3, Licht: 0,196813,3,2,0,03,13,6,0,0,1,0,0,0,1,0
"POINT (8.435901272000020 49.015617734999999)",Unfall 196856 (2022) Kat:3, Licht: 0,196856,3,3,5,02,08,4,0,0,1,0,0,0,0,1
"POINT (8.345699771000060 49.034478503999999)",Unfall 196879 (2022) Kat:3, Licht: 1,196879,3,3,5,03,18,1,0,1,0,1,0,0,0,0
"POINT (8.379248847000040 49.007763576000102)",Unfall 196907 (2022) Kat:3, Licht: 2,196907,3,1,8,03,18,4,0,2,0,0,0,1,0,0
"POINT (8.371823317000061 49.007663252999997)",Unfall 196921 (2022) Kat:2, Licht: 2,196921,2,5,1,03,01,1,0,2,1,1,0,0,0,0
"POINT (8.389050428000081 48.985718801000097)",Unfall 196968 (2022) Kat:3, Licht: 0,196968,3,7,6,03,12,7,0,0,0,1,1,0,0,0
"POINT (8.393733940000059 49.011685817000100)",Unfall 196971 (2022) Kat:3, Licht: 2,196971,3,6,2,02,18,7,0,2,0,1,0,0,0,0
"POINT (8.382186310000071 48.988691144000001)",Unfall 196987 (2022) Kat:2, Licht: 0,196987,2,5,1,03,18,3,0,0,1,1,0,0,0,0
"POINT (8.398908567000030 48.987878846000100)",Unfall 196991 (2022) Kat:3, Licht: 0,196991,3,3,5,03,17,3,0,0,1,0,0,0,0,1
"POINT (8.411705912000061 49.008447756000102)",Unfall 196999 (2022) Kat:3, Licht: 0,196999,3,5,1,03,12,5,0,0,0,1,0,1,0,0
"POINT (8.380825469000060 48.987737927000097)",Unfall 197027 (2022) Kat:3, Licht: 0,197027,3,3,5,03,16,2,0,0,1,1,0,0,0,0
"POINT (8.401436169000020 49.007583093000100)",Unfall 197043 (2022) Kat:3, Licht: 0,197043,3,7,0,02,07,6,0,0,1,0,0,0,0,0
"POINT (8.461827805000040 48.982203896999998)",Unfall 197047 (2022) Kat:3, Licht: 0,197047,3,2,2,03,12,7,0,0,0,1,0,0,0,0
"POINT (8.385180753000039 49.010409375000101)",Unfall 197083 (2022) Kat:3, Licht: 2,197083,3,6,2,02,20,3,0,2,0,1,0,0,0,0
"POINT (8.415820044000039 49.008219535000102)",Unfall 197089 (2022) Kat:3, Licht: 2,197089,3,1,0,02,20,1,1,2,0,0,0,1,0,0
"POINT (8.346510253000080 49.015184072000103)",Unfall 197112 (2022) Kat:3, Licht: 0,197112,3,6,2,02,09,4,0,0,0,1,0,0,1,0
"POINT (8.368915246000030 49.012183507000003)",Unfall 197116 (2022) Kat:3, Licht: 0,197116,3,3,5,03,12,6,0,0,0,1,0,0,0,0
"POINT (8.454892243000071 49.027393928999999)",Unfall 197138 (2022) Kat:3, Licht: 0,197138,3,7,2,02,16,7,0,0,0,1,0,1,0,0
"POINT (8.410196616000061 49.004430083999999)",Unfall 197153 (2022) Kat:3, Licht: 2,197153,3,3,5,03,19,2,0,2,1,0,0,0,0,0
"POINT (8.363321831000061 49.011521420000101)",Unfall 197155 (2022) Kat:3, Licht: 1,197155,3,2,5,03,18,4,0,1,1,1,0,0,0,0
"POINT (8.460341389000060 49.000867988000003)",Unfall 197160 (2022) Kat:3, Licht: 0,197160,3,3,5,03,17,2,0,0,1,0,0,0,0,0
"POINT (8.376147751000079 49.010824233000100)",Unfall 197187 (2022) Kat:3, Licht: 0,197187,3,4,6,03,09,5,0,0,0,1,1,0,0,0
"POINT (8.406609527000059 48.976123019000099)",Unfall 197203 (2022) Kat:2, Licht: 0,197203,2,3,5,02,07,5,1,0,1,0,0,0,0,1
"POINT (8.401501233000030 49.007560030000000)",Unfall 197278 (2022) Kat:3, Licht: 0,197278,3,2,5,04,15,1,0,0,1,1,0,0,0,0
"POINT (8.421778906000039 49.017831118000103)",Unfall 197288 (2022) Kat:3, Licht: 0,197288,3,7,0,04,08,4,0,0,1,0,0,0,0,0
"POINT (8.393320183000069 49.008444183000101)",Unfall 197309 (2022) Kat:3, Licht: 0,197309,3,7,0,03,17,5,1,0,1,0,0,0,0,0
"POINT (8.384715460000050 49.005419388000099)",Unfall 197326 (2022) Kat:3, Licht: 0,197326,3,2,5,04,14,5,0,0,1,1,0,0,0,0
"POINT (8.385379667000050 49.014761024999999)",Unfall 197390 (2022) Kat:3, Licht: 0,197390,3,7,0,04,12,2,0,0,0,0,0,1,0,0
"POINT (8.376100146000059 49.010775121999998)",Unfall 197484 (2022) Kat:3, Licht: 2,197484,3,7,9,04,20,3,0,2,1,0,0,0,0,0
"POINT (8.402742566000031 49.003872730000097)",Unfall 197527 (2022) Kat:3, Licht: 2,197527,3,3,5,04,21,5,1,2,1,1,0,0,0,0
"POINT (8.420909897000060 49.003790997000102)",Unfall 197551 (2022) Kat:3, Licht: 0,197551,3,6,3,04,13,6,0,0,1,1,0,0,0,0
"POINT (8.361878431000040 49.016261376999999)",Unfall 197556 (2022) Kat:3, Licht: 0,197556,3,3,5,04,13,2,0,0,1,1,0,0,0,0
"POINT (8.390523605000061 48.998491000999998)",Unfall 197576 (2022) Kat:3, Licht: 0,197576,3,3,5,03,18,4,0,0,1,1,0,0,0,0
"POINT (8.445220875000080 48.996553585000100)",Unfall 197588 (2022) Kat:3, Licht: 0,197588,3,2,2,04,11,7,0,0,0,0,0,1,1,0
"POINT (8.501942265000030 48.988906274000001)",Unfall 197598 (2022) Kat:3, Licht: 0,197598,3,1,0,03,18,6,0,0,1,0,0,0,0,0
"POINT (8.386989151000019 49.007646340000100)",Unfall 197623 (2022) Kat:2, Licht: 0,197623,2,6,2,04,18,7,0,0,0,1,0,0,0,0
"POINT (8.472594657000061 48.999209569000101)",Unfall 197647 (2022) Kat:2, Licht: 2,197647,2,7,0,04,20,2,0,2,0,0,0,0,0,1
"POINT (8.411107591000070 49.009242370000003)",Unfall 197648 (2022) Kat:3, Licht: 1,197648,3,5,0,04,20,2,0,1,1,1,0,0,0,0
"POINT (8.373827699000060 49.048701377999997)",Unfall 197649 (2022) Kat:3, Licht: 0,197649,3,3,5,04,10,5,1,0,1,1,0,0,0,0
"POINT (8.395575157000049 49.046851797999999)",Unfall 197655 (2022) Kat:3, Licht: 0,197655,3,3,0,04,17,2,0,0,0,1,0,0,0,1
"POINT (8.407320872000071 49.010637783999996)",Unfall 197656 (2022) Kat:3, Licht: 0,197656,3,3,5,03,17,3,0,0,0,1,0,0,0,0
"POINT (8.395070436000029 49.010073303000098)",Unfall 197710 (2022) Kat:3, Licht: 0,197710,3,4,6,04,14,5,0,0,0,1,1,0,0,0
"POINT (8.454168680000070 48.978743244999997)",Unfall 197726 (2022) Kat:3, Licht: 0,197726,3,3,5,03,19,1,0,0,1,1,0,0,0,0
"POINT (8.371988498000061 48.982356307000003)",Unfall 197728 (2022) Kat:3, Licht: 0,197728,3,6,1,03,11,4,1,0,0,1,0,0,0,0
"POINT (8.383938618000061 49.010637586000001)",Unfall 197749 (2022) Kat:2, Licht: 0,197749,2,6,2,04,16,6,0,0,0,0,0,1,0,0
"POINT (8.391509975000080 49.008990298000100)",Unfall 197753 (2022) Kat:3, Licht: 1,197753,3,6,3,03,21,2,0,1,1,0,0,0,0,0
"POINT (8.452825803000049 48.988277854000003)",Unfall 197765 (2022) Kat:3, Licht: 2,197765,3,1,1,04,00,2,0,2,0,0,0,1,0,1
"POINT (8.330342070000031 49.002672867999998)",Unfall 197775 (2022) Kat:3, Licht: 0,197775,3,7,0,04,18,2,0,0,1,0,0,0,0,0
"POINT (8.493739783000020 48.986668344000101)",Unfall 197786 (2022) Kat:3, Licht: 0,197786,3,7,0,04,11,6,0,0,1,0,0,0,0,0
"POINT (8.368999339000030 49.017091374000103)",Unfall 197801 (2022) Kat:3, Licht: 0,197801,3,2,5,04,08,4,0,0,1,1,0,0,0,0
"POINT (8.390872742000060 49.001683865000103)",Unfall 197809 (2022) Kat:3, Licht: 2,197809,3,5,1,04,01,7,0,2,1,1,0,0,0,0
"POINT (8.482421399000030 49.013257651000103)",Unfall 197819 (2022) Kat:3, Licht: 2,197819,3,7,8,03,23,4,0,2,0,1,0,0,0,0
"POINT (8.415042039000070 49.010935858000003)",Unfall 197820 (2022) Kat:3, Licht: 0,197820,3,2,0,04,15,1,1,0,1,0,0,0,0,0
"POINT (8.365365496000040 49.027374082999998)",Unfall 197858 (2022) Kat:3, Licht: 0,197858,3,7,0,04,19,7,0,0,0,0,0,1,0,0
"POINT (8.394690082000070 49.010021225000102)",Unfall 197900 (2022) Kat:3, Licht: 0,197900,3,7,0,04,16,1,1,0,1,0,0,0,0,0
"POINT (8.462185054000029 48.997808997000000)",Unfall 197930 (2022) Kat:3, Licht: 0,197930,3,6,2,04,10,7,1,0,0,1,0,0,0,0
"POINT (8.448769007000070 48.992354179000102)",Unfall 197974 (2022) Kat:3, Licht: 0,197974,3,3,5,03,16,7,0,0,0,1,0,1,0,0
"POINT (8.420298445000070 49.000184320000102)",Unfall 197981 (2022) Kat:3, Licht: 2,197981,3,3,5,04,22,6,1,2,0,1,0,0,0,0
"POINT (8.401140398000051 49.009720598000101)",Unfall 197984 (2022) Kat:3, Licht: 0,197984,3,7,0,03,15,3,0,0,1,0,0,0,0,0
"POINT (8.391998099000030 49.002120665000099)",Unfall 198035 (2022) Kat:3, Licht: 0,198035,3,4,6,04,14,7,0,0,0,1,1,0,0,0
"POINT (8.387498077000030 48.995164606000102)",Unfall 198038 (2022) Kat:3, Licht: 0,198038,3,6,6,04,19,3,0,0,1,0,1,0,0,0
"POINT (8.363898206000041 49.012531162000101)",Unfall 198041 (2022) Kat:3, Licht: 0,198041,3,1,0,04,14,5,1,0,1,0,0,0,0,0
"POINT (8.412167438000040 49.008555079000097)",Unfall 198048 (2022) Kat:3, Licht: 0,198048,3,2,5,04,13,2,0,0,1,0,0,1,0,0
"POINT (8.386433760000051 49.029643837999998)",Unfall 198051 (2022) Kat:3, Licht: 2,198051,3,7,0,03,04,5,0,2,1,0,0,0,0,0
"POINT (8.458005789000030 48.989517769000003)",Unfall 198070 (2022) Kat:3, Licht: 1,198070,3,3,5,04,07,1,1,1,0,1,0,0,0,0
"POINT (8.376520220000030 49.006040210999998)",Unfall 198080 (2022) Kat:3, Licht: 0,198080,3,7,0,03,10,6,0,0,1,0,0,0,0,0
"POINT (8.350159746000029 49.000166507000102)",Unfall 198089 (2022) Kat:2, Licht: 0,198089,2,2,2,03,11,6,0,0,0,1,0,1,0,0
"POINT (8.471267611000030 48.987857495000100)",Unfall 198155 (2022) Kat:3, Licht: 2,198155,3,1,0,04,05,6,1,2,1,0,0,0,0,0
"POINT (8.382876937000050 48.998828406000001)",Unfall 198160 (2022) Kat:3, Licht: 0,198160,3,5,1,04,12,3,0,0,0,1,0,0,0,0
"POINT (8.415993844000070 49.008316040000103)",Unfall 198170 (2022) Kat:2, Licht: 0,198170,2,7,0,03,10,4,1,0,0,0,0,1,0,0
"POINT (8.363812868000020 49.011364938000000)",Unfall 198178 (2022) Kat:3, Licht: 0,198178,3,7,6,04,15,5,0,0,0,0,1,0,0,1
"POINT (8.379220522000031 49.035321258000103)",Unfall 198193 (2022) Kat:3, Licht: 0,198193,3,6,4,03,17,3,0,0,0,1,0,0,0,0
"POINT (8.395679784000039 49.009975347000100)",Unfall 198194 (2022) Kat:3, Licht: 0,198194,3,7,0,04,11,7,0,0,1,0,0,0,0,0
"POINT (8.408020695000060 48.967816630000101)",Unfall 198201 (2022) Kat:3, Licht: 0,198201,3,3,5,04,10,7,0,0,0,1,0,0,0,0
"POINT (8.389539372000060 49.007506577000100)",Unfall 198219 (2022) Kat:3, Licht: 2,198219,3,3,5,04,21,1,0,2,1,1,0,0,0,0
"POINT (8.366932717000051 49.009821129999999)",Unfall 198227 (2022) Kat:3, Licht: 0,198227,3,5,1,04,13,7,0,0,1,1,0,0,0,0
"POINT (8.358136026000070 48.995784659000002)",Unfall 198229 (2022) Kat:3, Licht: 0,198229,3,3,5,05,07,3,0,0,1,1,0,0,0,0
"POINT (8.383590879000050 49.047880033000098)",Unfall 198232 (2022) Kat:3, Licht: 0,198232,3,3,5,05,07,3,0,0,1,1,0,0,0,0
"POINT (8.403762720000030 48.992276836000002)",Unfall 198238 (2022) Kat:3, Licht: 0,198238,3,2,5,05,17,4,0,0,1,0,0,0,0,1
"POINT (8.390665290000070 48.999694179000102)",Unfall 198278 (2022) Kat:3, Licht: 0,198278,3,6,2,04,13,5,0,0,1,1,0,0,0,0
"POINT (8.418356981000040 49.015251395000099)",Unfall 198280 (2022) Kat:3, Licht: 0,198280,3,6,2,05,12,5,1,0,0,1,0,0,0,0
"POINT (8.417240737000039 49.006497689000099)",Unfall 198286 (2022) Kat:3, Licht: 0,198286,3,4,6,04,16,4,0,0,0,1,1,0,0,0
"POINT (8.428635946000041 49.006750886000098)",Unfall 198292 (2022) Kat:3, Licht: 0,198292,3,6,2,04,16,5,0,0,0,1,0,0,0,0
"POINT (8.405446240000060 49.009521472000102)",Unfall 198326 (2022) Kat:3, Licht: 0,198326,3,3,5,05,20,4,0,0,1,0,0,0,0,1
"POINT (8.377096246000059 49.010705395000102)",Unfall 198338 (2022) Kat:3, Licht: 0,198338,3,3,5,05,20,2,0,0,1,1,0,0,0,0
"POINT (8.490691817000030 49.007719716000103)",Unfall 198340 (2022) Kat:3, Licht: 0,198340,3,2,5,05,09,5,0,0,0,1,0,1,0,0
"POINT (8.395676979000029 49.009975471000097)",Unfall 198362 (2022) Kat:3, Licht: 0,198362,3,7,0,05,14,2,0,0,1,0,0,0,0,0
"POINT (8.404035246000030 48.997545823000102)",Unfall 198422 (2022) Kat:3, Licht: 0,198422,3,7,0,05,15,1,0,0,1,0,0,0,0,0
"POINT (8.365803462000031 49.021628400000097)",Unfall 198427 (2022) Kat:3, Licht: 0,198427,3,7,0,04,15,6,0,0,1,0,0,0,0,0
"POINT (8.375631278000069 49.019063418000002)",Unfall 198444 (2022) Kat:3, Licht: 0,198444,3,3,5,05,10,3,0,0,1,1,0,0,0,0
"POINT (8.403702009000030 49.006759889000101)",Unfall 198452 (2022) Kat:3, Licht: 0,198452,3,3,5,04,15,6,0,0,1,1,0,0,0,0
"POINT (8.368740016000061 48.982397994000102)",Unfall 198464 (2022) Kat:3, Licht: 0,198464,3,3,5,05,15,5,0,0,1,1,0,0,0,0
"POINT (8.461726298000031 48.982044481000102)",Unfall 198465 (2022) Kat:2, Licht: 0,198465,2,6,2,05,14,6,0,0,1,1,0,0,0,0
"POINT (8.370333693000021 49.030580892000003)",Unfall 198499 (2022) Kat:3, Licht: 2,198499,3,3,5,05,22,4,0,2,0,1,0,0,0,0
"POINT (8.427601345000030 49.022744144999997)",Unfall 198537 (2022) Kat:2, Licht: 0,198537,2,3,5,05,14,4,0,0,1,1,0,0,0,0
"POINT (8.406715103000071 49.007364570000000)",Unfall 198555 (2022) Kat:2, Licht: 0,198555,2,7,7,05,11,6,0,0,1,0,0,0,0,0
"POINT (8.394702266000021 49.007138095000101)",Unfall 198571 (2022) Kat:3, Licht: 2,198571,3,7,0,05,20,1,0,2,1,0,0,0,0,0
"POINT (8.395087854000050 49.014342977000098)",Unfall 198597 (2022) Kat:3, Licht: 0,198597,3,6,3,05,09,3,0,0,1,0,0,0,0,0
"POINT (8.420311670000050 49.023106154000097)",Unfall 198609 (2022) Kat:3, Licht: 0,198609,3,7,0,05,13,4,1,0,1,0,0,0,0,0
"POINT (8.344053084000050 48.994891666000100)",Unfall 198611 (2022) Kat:3, Licht: 0,198611,3,7,0,05,18,3,0,0,1,0,0,0,0,0
"POINT (8.383536830000031 48.995583330999999)",Unfall 198654 (2022) Kat:3, Licht: 1,198654,3,7,8,05,05,3,0,1,0,0,0,1,0,0
"POINT (8.393002876000031 49.049845579000099)",Unfall 198667 (2022) Kat:3, Licht: 0,198667,3,5,1,04,07,6,0,0,1,0,0,0,0,1
"POINT (8.334167629000040 48.990713066000097)",Unfall 198675 (2022) Kat:3, Licht: 0,198675,3,6,2,05,14,2,0,0,0,1,0,1,0,0
"POINT (8.319157709000020 49.017209438000101)",Unfall 198705 (2022) Kat:2, Licht: 0,198705,2,1,0,05,09,5,1,0,1,0,0,0,0,0
"POINT (8.437054709000050 49.005183912000099)",Unfall 198713 (2022) Kat:3, Licht: 0,198713,3,3,5,05,12,4,0,0,1,1,0,0,0,0
"POINT (8.377749607000061 49.010763730000100)",Unfall 198720 (2022) Kat:3, Licht: 0,198720,3,6,2,05,16,2,0,0,0,1,0,0,0,0
"POINT (8.462611020000050 49.001633138000003)",Unfall 198730 (2022) Kat:3, Licht: 0,198730,3,3,5,05,09,1,0,0,0,1,0,0,0,1
"POINT (8.427469342000050 49.008932563000002)",Unfall 198765 (2022) Kat:3, Licht: 0,198765,3,7,0,05,07,3,0,0,1,0,0,0,0,0
"POINT (8.396831474000070 49.009924411000000)",Unfall 198769 (2022) Kat:3, Licht: 1,198769,3,7,6,05,21,2,0,1,1,0,1,0,0,0
"POINT (8.421412244000070 49.000515925000101)",Unfall 198796 (2022) Kat:3, Licht: 0,198796,3,1,0,05,12,1,0,0,1,0,0,0,0,0
"POINT (8.380863637000060 49.054908761000000)",Unfall 198809 (2022) Kat:3, Licht: 0,198809,3,6,4,05,11,2,0,0,1,0,0,0,0,0
"POINT (8.398169763000061 49.008605781000000)",Unfall 198847 (2022) Kat:2, Licht: 0,198847,2,1,0,05,09,1,0,0,1,0,0,0,0,0
"POINT (8.434485921000030 49.009265593000102)",Unfall 198890 (2022) Kat:2, Licht: 2,198890,2,7,1,05,00,1,0,2,1,1,0,0,0,0
"POINT (8.379079266000080 49.044091688999998)",Unfall 198892 (2022) Kat:3, Licht: 0,198892,3,7,1,05,17,2,0,0,0,1,0,0,0,0
"POINT (8.385788001000041 48.993944296999999)",Unfall 198905 (2022) Kat:3, Licht: 0,198905,3,3,5,05,19,7,0,0,0,1,0,0,0,0
"POINT (8.385911943000050 49.014770118000101)",Unfall 198910 (2022) Kat:3, Licht: 0,198910,3,7,0,04,13,5,0,0,1,0,0,0,0,0
"POINT (8.478152717000061 48.946465091000100)",Unfall 198912 (2022) Kat:3, Licht: 0,198912,3,3,5,05,18,5,0,0,0,1,0,0,0,0
"POINT (8.494249218000050 49.016567558000098)",Unfall 198949 (2022) Kat:3, Licht: 0,198949,3,6,8,05,10,2,0,0,1,0,0,0,0,1
"POINT (8.391061741000041 49.009145429000100)",Unfall 198956 (2022) Kat:3, Licht: 0,198956,3,2,5,05,19,4,0,0,0,1,0,1,0,0
"POINT (8.374699456000030 48.994015486000102)",Unfall 198959 (2022) Kat:2, Licht: 0,198959,2,3,5,04,16,4,0,0,1,1,0,0,0,0
"POINT (8.400123954000041 49.010362049000001)",Unfall 198964 (2022) Kat:2, Licht: 0,198964,2,6,0,05,09,2,0,0,1,0,0,0,0,0
"POINT (8.403950448000050 48.980661155000099)",Unfall 198967 (2022) Kat:2, Licht: 0,198967,2,3,5,05,15,2,0,0,0,1,0,0,0,1
"POINT (8.392268607000060 49.010133076999999)",Unfall 198970 (2022) Kat:3, Licht: 2,198970,3,7,0,05,22,4,0,2,1,0,0,0,0,0
"POINT (8.398790078000051 49.007365538000002)",Unfall 198972 (2022) Kat:3, Licht: 0,198972,3,1,0,05,16,3,0,0,0,0,0,0,0,1
"POINT (8.404188599000070 49.009576636000098)",Unfall 198985 (2022) Kat:3, Licht: 0,198985,3,7,0,05,18,6,0,0,0,0,0,0,0,1
"POINT (8.376126066000040 49.045497525000002)",Unfall 199000 (2022) Kat:3, Licht: 0,199000,3,3,5,05,17,2,0,0,1,0,0,0,0,0
"POINT (8.472335266000069 49.003115768000001)",Unfall 199004 (2022) Kat:2, Licht: 0,199004,2,7,0,05,20,7,0,0,1,0,0,0,0,0
"POINT (8.454036955000049 49.001702796000103)",Unfall 199042 (2022) Kat:3, Licht: 2,199042,3,7,6,05,21,2,0,2,0,1,1,0,0,0
"POINT (8.398238022000040 49.011826879000097)",Unfall 199080 (2022) Kat:3, Licht: 0,199080,3,3,5,05,17,6,0,0,1,1,0,0,0,0
"POINT (8.424036026000071 49.007072256000100)",Unfall 199085 (2022) Kat:2, Licht: 0,199085,2,2,3,04,17,6,0,0,1,0,0,0,0,0
"POINT (8.356945825000031 48.998692904999999)",Unfall 199132 (2022) Kat:3, Licht: 0,199132,3,3,5,04,07,6,0,0,0,0,0,1,1,0
"POINT (8.495088776000051 49.011049276999998)",Unfall 199139 (2022) Kat:2, Licht: 0,199139,2,6,3,05,17,2,0,0,1,0,0,0,0,0
"POINT (8.380912730000031 49.050737023000103)",Unfall 199152 (2022) Kat:3, Licht: 0,199152,3,7,0,05,08,2,0,0,1,0,0,0,0,0
"POINT (8.499244500000030 49.004293214000000)",Unfall 199163 (2022) Kat:3, Licht: 0,199163,3,7,5,05,10,7,0,0,0,1,0,1,0,0
"POINT (8.400735428000081 49.017185330000103)",Unfall 199184 (2022) Kat:3, Licht: 0,199184,3,6,2,05,09,5,1,0,1,0,0,0,0,1
"POINT (8.508319052000051 49.005199896000100)",Unfall 199200 (2022) Kat:2, Licht: 0,199200,2,3,5,05,14,7,0,0,0,1,0,1,0,0
"POINT (8.327787368000029 49.005063994000103)",Unfall 199219 (2022) Kat:3, Licht: 0,199219,3,3,5,05,06,4,0,0,0,1,0,1,0,0
"POINT (8.350348253000050 49.000320003000098)",Unfall 199263 (2022) Kat:3, Licht: 0,199263,3,4,6,05,16,3,0,0,0,1,1,0,0,0
"POINT (8.354271010000049 48.997100450000097)",Unfall 199267 (2022) Kat:3, Licht: 0,199267,3,3,5,05,18,7,0,0,0,1,0,0,0,0
"POINT (8.368901776000030 49.028586163000099)",Unfall 199284 (2022) Kat:3, Licht: 0,199284,3,7,0,05,15,4,0,0,1,0,0,0,0,0
"POINT (8.398343225000080 49.008550979000098)",Unfall 199285 (2022) Kat:3, Licht: 0,199285,3,7,0,05,08,3,0,0,1,0,0,0,0,0
"POINT (8.362590236000070 49.011395419000102)",Unfall 199286 (2022) Kat:3, Licht: 0,199286,3,3,5,05,11,6,0,0,0,1,0,0,0,1
"POINT (8.398249126000049 49.014207556000002)",Unfall 199288 (2022) Kat:3, Licht: 0,199288,3,6,4,05,07,3,0,0,1,0,0,0,0,0
"POINT (8.419430155000040 49.008464001000000)",Unfall 199354 (2022) Kat:3, Licht: 1,199354,3,7,0,06,21,6,0,1,1,0,0,0,0,0
"POINT (8.369345169000040 48.999561096000001)",Unfall 199372 (2022) Kat:3, Licht: 0,199372,3,7,0,05,17,2,0,0,1,0,0,0,0,0
"POINT (8.441730726000060 49.013874176999998)",Unfall 199379 (2022) Kat:3, Licht: 0,199379,3,3,5,06,09,7,1,0,1,1,0,0,0,0
"POINT (8.390645508000031 48.999733305000099)",Unfall 199386 (2022) Kat:2, Licht: 0,199386,2,2,5,05,16,4,0,0,1,1,0,0,0,0
"POINT (8.395140780000080 48.993766026000102)",Unfall 199387 (2022) Kat:3, Licht: 0,199387,3,7,0,06,08,5,0,0,1,0,0,0,0,0
"POINT (8.346182060000050 49.016221553000001)",Unfall 199425 (2022) Kat:3, Licht: 0,199425,3,3,5,05,15,6,0,0,0,1,0,1,0,0
"POINT (8.423103767000040 49.011546068000001)",Unfall 199426 (2022) Kat:3, Licht: 0,199426,3,2,3,05,12,6,0,0,1,1,0,0,0,0
"POINT (8.375028908000051 49.015554379000001)",Unfall 199428 (2022) Kat:2, Licht: 2,199428,2,7,6,06,22,4,0,2,0,0,1,0,0,1
"POINT (8.401560620000049 49.011416030000099)",Unfall 199441 (2022) Kat:3, Licht: 0,199441,3,6,3,06,18,5,0,0,0,1,0,1,0,0
"POINT (8.408529581000041 49.023630425000100)",Unfall 199454 (2022) Kat:3, Licht: 0,199454,3,7,0,05,14,3,0,0,1,0,0,0,0,0
"POINT (8.452194567000049 48.995882669000103)",Unfall 199457 (2022) Kat:3, Licht: 0,199457,3,2,2,06,08,5,0,0,0,1,0,0,0,0
"POINT (8.404067309000030 49.001363658000102)",Unfall 199493 (2022) Kat:3, Licht: 2,199493,3,7,0,05,00,5,0,2,1,0,0,0,0,0
"POINT (8.475696234000051 48.999389835999999)",Unfall 199497 (2022) Kat:3, Licht: 0,199497,3,5,1,05,08,2,0,0,0,1,0,0,0,0
"POINT (8.394159100000021 49.008075556000101)",Unfall 199525 (2022) Kat:3, Licht: 0,199525,3,3,5,05,12,4,0,0,1,0,0,0,0,1
"POINT (8.363967323000050 49.011510826000098)",Unfall 199533 (2022) Kat:3, Licht: 0,199533,3,7,6,05,13,6,0,0,0,1,1,0,0,0
"POINT (8.392318531000059 49.010130781000001)",Unfall 199543 (2022) Kat:3, Licht: 0,199543,3,1,0,05,20,7,0,0,1,0,0,0,0,0
"POINT (8.359985770000041 49.013624224000097)",Unfall 199554 (2022) Kat:3, Licht: 0,199554,3,1,0,05,08,3,1,0,0,0,0,0,0,1
"POINT (8.403903466000029 48.980652581000101)",Unfall 199556 (2022) Kat:2, Licht: 0,199556,2,7,0,05,18,2,0,0,1,0,0,0,0,0
"POINT (8.472396141000051 49.003523289999997)",Unfall 199574 (2022) Kat:2, Licht: 0,199574,2,2,0,06,16,2,0,0,1,1,0,0,0,0
"POINT (8.403527728000030 49.003838874000103)",Unfall 199591 (2022) Kat:3, Licht: 0,199591,3,2,2,06,09,4,0,0,1,1,0,0,0,0
"POINT (8.478769815000019 48.992970417000002)",Unfall 199593 (2022) Kat:3, Licht: 0,199593,3,2,2,05,07,2,0,0,1,1,0,0,0,0
"POINT (8.374655511000070 49.008838200000099)",Unfall 199597 (2022) Kat:3, Licht: 0,199597,3,7,0,05,14,7,0,0,1,0,0,0,0,0
"POINT (8.444272878000049 49.033782024000097)",Unfall 199640 (2022) Kat:3, Licht: 0,199640,3,3,5,06,17,4,0,0,1,0,0,0,0,0
"POINT (8.404098686000051 48.997612962000098)",Unfall 199645 (2022) Kat:2, Licht: 0,199645,2,7,5,05,19,7,0,0,0,1,0,0,0,1
"POINT (8.410205920000070 49.008584251000102)",Unfall 199662 (2022) Kat:2, Licht: 0,199662,2,2,5,05,08,6,0,0,1,1,0,0,0,0
"POINT (8.401770366000051 49.007474979999998)",Unfall 199678 (2022) Kat:3, Licht: 0,199678,3,4,6,05,13,2,0,0,1,0,1,0,0,0
"POINT (8.435458403000039 49.011384556000102)",Unfall 199699 (2022) Kat:3, Licht: 2,199699,3,4,6,05,05,4,0,2,0,0,1,0,0,1
"POINT (8.465747067000050 48.999744275000097)",Unfall 199714 (2022) Kat:3, Licht: 0,199714,3,2,3,05,08,4,0,0,1,1,0,0,0,0
"POINT (8.391872009000050 49.008866370000099)",Unfall 199758 (2022) Kat:3, Licht: 0,199758,3,7,6,06,18,4,0,0,1,0,1,0,0,0
"POINT (8.457596437000060 49.018466001999997)",Unfall 199765 (2022) Kat:3, Licht: 0,199765,3,2,2,06,15,5,0,0,0,1,0,0,0,0
"POINT (8.418318221000050 49.013419042000102)",Unfall 199793 (2022) Kat:3, Licht: 0,199793,3,2,5,06,07,4,0,0,0,1,0,0,0,0
"POINT (8.406196577000060 49.004017077000100)",Unfall 199814 (2022) Kat:1, Licht: 0,199814,1,2,5,05,07,7,0,0,1,1,0,0,0,0
"POINT (8.403170023000030 49.001888144000098)",Unfall 199815 (2022) Kat:3, Licht: 0,199815,3,2,5,05,15,4,0,0,1,1,0,0,0,0
"POINT (8.396804327000041 49.010596413000002)",Unfall 199862 (2022) Kat:3, Licht: 0,199862,3,7,0,06,15,6,0,0,0,0,0,1,0,0