WKT,Name,OBJECTID,UKATEGORIE,UTYP1,UART,UMONAT,USTUNDE,UWOCHENTAG,STRZUSTAND,ULICHTVERH,ISTRAD,ISTPKW,ISTFUSS,ISTKRAD,ISTGKFZ,ISTSONSTIG
"POINT (8.395649199000051 49.009976700000003)",Unfall 199864 (2022) Kat:2, Licht: 0,199864,2,7,0,05,15,4,0,0,1,0,0,0,0,0
"POINT (8.394765228000040 49.007627276999997)",Unfall 199905 (2022) Kat:3, Licht: 0,199905,3,1,0,06,17,3,1,0,1,0,0,0,0,0
"POINT (8.339243624000060 49.041868968000102)",Unfall 199919 (2022) Kat:3, Licht: 0,199919,3,7,0,06,14,4,1,0,0,1,0,1,0,0
"POINT (8.371126327000070 49.007391574000103)",Unfall 199920 (2022) Kat:3, Licht: 0,199920,3,6,0,05,18,3,0,0,0,0,0,1,0,1
"POINT (8.378130082000039 49.040893696000097)",Unfall 199932 (2022) Kat:3, Licht: 0,199932,3,3,5,06,17,4,1,0,1,1,0,0,0,0
"POINT (8.463902727000059 49.000437574999999)",Unfall 199945 (2022) Kat:3, Licht: 0,199945,3,3,5,06,14,6,0,0,1,1,0,0,0,0
"POINT (8.392205665000059 49.010135971000103)",Unfall 199956 (2022) Kat:3, Licht: 0,199956,3,7,0,05,12,4,0,0,1,0,0,0,0,0
"POINT (8.365457711000030 49.027367918000003)",Unfall 200015 (2022) Kat:3, Licht: 0,200015,3,7,0,06,14,1,1,0,1,0,0,0,0,0
"POINT (8.451922370000030 49.005589200000003)",Unfall 200030 (2022) Kat:3, Licht: 1,200030,3,6,4,06,20,5,0,1,1,0,0,0,0,0
"POINT (8.355967661000021 49.012990518999999)",Unfall 200040 (2022) Kat:3, Licht: 0,200040,3,3,5,05,17,5,0,0,1,1,0,0,0,0
"POINT (8.400389117000030 49.008629670000097)",Unfall 200043 (2022) Kat:3, Licht: 0,200043,3,2,0,05,15,3,0,0,1,0,0,0,0,1
"POINT (8.419688944000031 49.007128176000002)",Unfall 200074 (2022) Kat:3, Licht: 0,200074,3,7,0,05,14,2,0,0,1,0,0,0,0,0
"POINT (8.422664313000039 48.969058652000101)",Unfall 200094 (2022) Kat:3, Licht: 0,200094,3,3,5,05,16,2,0,0,1,1,0,0,0,0
"POINT (8.396435008000029 49.009163512000001)",Unfall 200096 (2022) Kat:3, Licht: 1,200096,3,7,0,05,20,6,1,1,1,0,0,0,0,0
"POINT (8.490727836000080 49.007671133000002)",Unfall 200101 (2022) Kat:3, Licht: 0,200101,3,1,0,06,17,5,1,0,1,0,0,0,0,0
"POINT (8.410235357000030 49.007739754000099)",Unfall 200116 (2022) Kat:3, Licht: 0,200116,3,2,6,05,09,6,0,0,0,1,1,0,0,0
"POINT (8.372359952000069 49.020013165000101)",Unfall 200130 (2022) Kat:3, Licht: 0,200130,3,7,1,05,15,3,0,0,1,1,0,0,0,0
"POINT (8.459166507000020 49.001425021000003)",Unfall 200195 (2022) Kat:3, Licht: 0,200195,3,3,5,06,17,4,0,0,0,0,0,1,0,1
"POINT (8.347993851000069 49.015144330000098)",Unfall 200198 (2022) Kat:3, Licht: 0,200198,3,6,2,06,17,5,1,0,0,1,0,0,1,1
"POINT (8.368098853000051 48.979629744000100)",Unfall 200237 (2022) Kat:3, Licht: 0,200237,3,7,5,06,18,6,0,0,1,1,0,0,0,0
"POINT (8.338007194000060 48.992774107000102)",Unfall 200252 (2022) Kat:3, Licht: 0,200252,3,3,5,05,19,2,0,0,1,1,0,0,0,0
"POINT (8.367928229000031 49.008019161000000)",Unfall 200257 (2022) Kat:3, Licht: 1,200257,3,3,5,05,21,4,0,1,1,1,0,0,0,0
"POINT (8.394158192000020 49.008075879000003)",Unfall 200278 (2022) Kat:2, Licht: 0,200278,2,4,6,05,09,2,0,0,0,1,1,0,0,0
"POINT (8.391114441000070 49.004605398000102)",Unfall 200340 (2022) Kat:3, Licht: 0,200340,3,3,5,06,12,3,0,0,1,1,0,0,0,0
"POINT (8.437720492000039 49.009243767999997)",Unfall 200365 (2022) Kat:3, Licht: 0,200365,3,7,0,06,09,3,0,0,0,1,0,0,0,0
"POINT (8.387626345000060 49.004230829000100)",Unfall 200378 (2022) Kat:3, Licht: 0,200378,3,5,1,06,20,4,0,0,1,1,0,0,0,0
"POINT (8.410414850000050 49.002718180000002)",Unfall 200414 (2022) Kat:3, Licht: 0,200414,3,1,0,06,15,6,0,0,1,0,0,0,0,0
"POINT (8.391764038000080 49.010047606999997)",Unfall 200433 (2022) Kat:3, Licht: 0,200433,3,6,4,06,19,4,0,0,1,1,0,0,0,0
"POINT (8.431971334000020 49.009056106000102)",Unfall 200445 (2022) Kat:3, Licht: 0,200445,3,7,0,06,11,5,0,0,1,0,0,0,0,0
"POINT (8.327445170000029 49.003866856999998)",Unfall 200465 (2022) Kat:3, Licht: 0,200465,3,7,0,06,18,3,0,0,1,0,0,0,0,0
"POINT (8.384523599000030 48.990059018000103)",Unfall 200483 (2022) Kat:3, Licht: 0,200483,3,6,4,06,16,5,0,0,1,1,0,0,0,0
"POINT (8.375631278000069 49.019063418000002)",Unfall 200500 (2022) Kat:3, Licht: 0,200500,3,2,5,06,08,6,0,0,1,0,0,0,0,1
"POINT (8.409327854000029 48.996071530000101)",Unfall 200526 (2022) Kat:3, Licht: 0,200526,3,1,0,06,17,6,0,0,1,0,0,0,0,0
"POINT (8.394950010000059 49.010008267000003)",Unfall 200540 (2022) Kat:3, Licht: 0,200540,3,1,0,06,15,4,1,0,1,0,0,0,0,0
"POINT (8.379684731000051 49.010661642000102)",Unfall 200552 (2022) Kat:3, Licht: 0,200552,3,6,2,06,09,3,0,0,0,1,0,0,0,1
"POINT (8.410456777000039 49.001797740000001)",Unfall 200567 (2022) Kat:2, Licht: 0,200567,2,6,2,06,14,7,0,0,1,0,0,0,0,0
"POINT (8.459064990000060 48.998967456000102)",Unfall 200577 (2022) Kat:3, Licht: 0,200577,3,3,5,06,13,1,0,0,0,1,0,0,0,0
"POINT (8.380722043000050 48.998009234999998)",Unfall 200591 (2022) Kat:2, Licht: 0,200591,2,2,2,06,09,6,0,0,0,1,0,1,0,0
"POINT (8.357187962000070 49.024144204000002)",Unfall 200602 (2022) Kat:3, Licht: 0,200602,3,2,2,06,07,5,0,0,0,1,0,1,0,0
"POINT (8.486002248000030 48.997703537000099)",Unfall 200604 (2022) Kat:3, Licht: 2,200604,3,3,5,06,00,1,0,2,0,1,0,0,0,0
"POINT (8.365606793000040 49.026674786000100)",Unfall 200629 (2022) Kat:3, Licht: 0,200629,3,1,0,06,15,3,0,0,0,0,0,0,0,1
"POINT (8.464551750000060 48.999937988000099)",Unfall 200643 (2022) Kat:3, Licht: 0,200643,3,6,2,06,12,6,0,0,0,1,0,0,0,0
"POINT (8.395592467000030 49.046863873000099)",Unfall 200646 (2022) Kat:3, Licht: 0,200646,3,3,5,06,11,4,0,0,0,1,0,0,0,1
"POINT (8.397058749000051 49.023410912000003)",Unfall 200683 (2022) Kat:3, Licht: 0,200683,3,3,0,06,13,3,0,0,0,1,0,1,0,0
"POINT (8.399789960000019 48.994576865000099)",Unfall 200698 (2022) Kat:3, Licht: 0,200698,3,2,0,06,10,4,0,0,1,1,0,0,0,0
"POINT (8.475618545000030 48.999457395999997)",Unfall 200720 (2022) Kat:3, Licht: 0,200720,3,5,1,06,08,5,0,0,0,1,0,0,0,0
"POINT (8.387883275000039 49.014658681000100)",Unfall 200745 (2022) Kat:3, Licht: 0,200745,3,3,5,06,18,6,1,0,0,1,0,0,0,0
"POINT (8.375370076000021 49.017774246000002)",Unfall 200746 (2022) Kat:3, Licht: 2,200746,3,7,8,06,01,3,0,2,0,1,0,0,0,0
"POINT (8.375291027000060 49.010857414999997)",Unfall 200748 (2022) Kat:3, Licht: 0,200748,3,4,6,06,14,7,0,0,0,0,1,0,0,1
"POINT (8.453848938000020 49.032102538000103)",Unfall 200762 (2022) Kat:2, Licht: 0,200762,2,3,5,06,11,4,1,0,1,1,0,0,0,0
"POINT (8.388205352000060 49.004221250000100)",Unfall 200766 (2022) Kat:3, Licht: 0,200766,3,5,1,06,15,5,0,0,1,1,0,0,0,0
"POINT (8.350796778000070 49.035602646000001)",Unfall 200782 (2022) Kat:2, Licht: 0,200782,2,7,0,06,19,3,0,0,1,0,0,0,0,0
"POINT (8.414610374000061 49.009063073999997)",Unfall 200808 (2022) Kat:3, Licht: 0,200808,3,5,1,06,20,7,0,0,1,1,0,0,0,0
"POINT (8.405576524000031 48.992625421000099)",Unfall 200811 (2022) Kat:3, Licht: 0,200811,3,1,0,06,06,2,0,0,0,0,0,1,0,0
"POINT (8.381569924000081 49.047510515000099)",Unfall 200812 (2022) Kat:2, Licht: 0,200812,2,5,1,06,09,4,0,0,1,1,0,0,0,0
"POINT (8.316420416000030 49.037522373999998)",Unfall 200814 (2022) Kat:3, Licht: 0,200814,3,2,2,06,19,5,0,0,1,0,0,0,0,0
"POINT (8.430517300000080 48.997376981999999)",Unfall 200841 (2022) Kat:3, Licht: 0,200841,3,1,0,06,16,6,1,0,0,0,0,1,0,0
"POINT (8.358538012000050 49.031709178000000)",Unfall 200844 (2022) Kat:3, Licht: 2,200844,3,3,0,06,23,4,0,2,1,0,0,0,0,1
"POINT (8.448766987000059 49.005596922999999)",Unfall 200864 (2022) Kat:2, Licht: 0,200864,2,1,9,06,16,4,0,0,0,0,0,1,0,0
"POINT (8.373682318000020 49.050760515999997)",Unfall 200897 (2022) Kat:3, Licht: 0,200897,3,7,8,06,08,1,0,0,1,0,0,0,0,0
"POINT (8.340944980000071 49.030825186000101)",Unfall 200973 (2022) Kat:3, Licht: 0,200973,3,2,6,06,10,5,0,0,0,1,1,0,0,0
"POINT (8.359487347000030 49.010533693000099)",Unfall 200993 (2022) Kat:3, Licht: 0,200993,3,3,6,06,16,3,0,0,0,0,1,1,0,0
"POINT (8.394940924000030 49.010008720000002)",Unfall 201010 (2022) Kat:3, Licht: 0,201010,3,7,0,06,18,3,0,0,1,0,0,0,0,0
"POINT (8.458983612000051 48.997189714000100)",Unfall 201039 (2022) Kat:3, Licht: 0,201039,3,6,3,06,11,1,0,0,1,0,0,1,0,0
"POINT (8.367787897000030 49.032902286000102)",Unfall 201063 (2022) Kat:3, Licht: 0,201063,3,6,8,06,12,1,0,0,1,1,0,0,0,0
"POINT (8.477679453000061 49.000345051000103)",Unfall 201095 (2022) Kat:3, Licht: 0,201095,3,7,0,06,13,3,0,0,0,0,1,0,0,1
"POINT (8.437737940000030 49.032928605999999)",Unfall 201173 (2022) Kat:3, Licht: 0,201173,3,5,0,06,19,6,0,0,1,0,0,0,0,0
"POINT (8.395898661000050 49.009965668000099)",Unfall 201178 (2022) Kat:3, Licht: 0,201178,3,7,0,06,13,4,1,0,1,0,0,0,0,0
"POINT (8.387089938000029 49.029995974000002)",Unfall 201202 (2022) Kat:3, Licht: 0,201202,3,3,5,06,07,4,0,0,1,1,0,0,0,0
"POINT (8.409338735000061 48.993722822000102)",Unfall 201208 (2022) Kat:3, Licht: 2,201208,3,2,5,06,01,5,0,2,1,1,0,0,0,0
"POINT (8.410158345000070 49.007842749000098)",Unfall 201229 (2022) Kat:3, Licht: 0,201229,3,3,5,06,09,5,0,0,1,1,0,0,0,0
"POINT (8.360107673000069 49.014426769000103)",Unfall 201248 (2022) Kat:3, Licht: 0,201248,3,2,2,06,17,4,0,0,1,1,0,0,0,0
"POINT (8.394579272000041 48.995272905000000)",Unfall 201272 (2022) Kat:3, Licht: 0,201272,3,7,1,06,18,3,0,0,1,1,0,0,0,0
"POINT (8.409839784000040 48.996096203000000)",Unfall 201359 (2022) Kat:3, Licht: 2,201359,3,1,0,06,23,5,1,2,1,0,0,0,0,0
"POINT (8.410461060000049 49.001697976999999)",Unfall 201370 (2022) Kat:3, Licht: 0,201370,3,7,0,06,14,7,0,0,1,0,0,0,0,0
"POINT (8.408571904000040 49.005876350999998)",Unfall 201396 (2022) Kat:2, Licht: 0,201396,2,3,5,07,08,2,0,0,0,1,0,0,0,1
"POINT (8.390002727000020 48.993765275000001)",Unfall 201400 (2022) Kat:3, Licht: 0,201400,3,3,5,07,19,6,0,0,1,1,0,0,0,0
"POINT (8.469666523000059 48.996729438999999)",Unfall 201490 (2022) Kat:3, Licht: 0,201490,3,5,1,07,19,7,0,0,1,1,0,0,0,0
"POINT (8.360238990000029 49.010988664000102)",Unfall 201509 (2022) Kat:3, Licht: 0,201509,3,4,6,07,13,6,0,0,1,0,1,0,0,0
"POINT (8.363642836000050 49.002146572000100)",Unfall 201558 (2022) Kat:2, Licht: 0,201558,2,6,3,07,15,6,0,0,1,0,0,0,0,0
"POINT (8.391294054000070 49.005775354000001)",Unfall 201605 (2022) Kat:3, Licht: 0,201605,3,6,4,07,13,2,0,0,1,0,0,0,0,0
"POINT (8.403101241000060 49.009627640000097)",Unfall 201615 (2022) Kat:3, Licht: 1,201615,3,7,0,07,21,1,0,1,1,0,0,0,0,0
"POINT (8.391979375000060 49.029029276000102)",Unfall 201625 (2022) Kat:3, Licht: 0,201625,3,4,6,07,13,7,0,0,0,1,1,0,0,0
"POINT (8.436409756000049 49.039556946000097)",Unfall 201636 (2022) Kat:3, Licht: 0,201636,3,7,8,07,11,6,0,0,0,1,0,0,0,0
"POINT (8.422987574000050 49.001208933999997)",Unfall 201655 (2022) Kat:3, Licht: 0,201655,3,3,0,07,07,3,0,0,1,0,0,0,0,1
"POINT (8.415764425000020 48.964715023000103)",Unfall 201665 (2022) Kat:3, Licht: 0,201665,3,7,0,07,14,7,0,0,0,0,0,0,0,1
"POINT (8.353649011000069 49.010608818999998)",Unfall 201670 (2022) Kat:3, Licht: 0,201670,3,6,2,07,07,4,0,0,0,1,0,0,1,0
"POINT (8.410100629000061 49.009339765000000)",Unfall 201703 (2022) Kat:3, Licht: 2,201703,3,2,6,07,00,6,1,2,0,1,1,0,0,0
"POINT (8.463953606000080 49.000426843000099)",Unfall 201713 (2022) Kat:3, Licht: 0,201713,3,3,5,07,11,5,0,0,1,1,0,0,0,0
"POINT (8.424091914000030 49.007561191000001)",Unfall 201714 (2022) Kat:2, Licht: 0,201714,2,2,6,07,14,4,0,0,0,1,1,0,0,0
"POINT (8.403383363000049 48.972376793000102)",Unfall 201724 (2022) Kat:3, Licht: 0,201724,3,3,5,07,16,2,0,0,1,1,0,0,0,0
"POINT (8.391902529000051 49.006775699000102)",Unfall 201759 (2022) Kat:3, Licht: 0,201759,3,3,5,07,19,2,0,0,1,0,0,0,0,0
"POINT (8.341376767000041 48.996053869000001)",Unfall 201775 (2022) Kat:3, Licht: 0,201775,3,3,5,07,18,6,0,0,1,1,0,0,0,0
"POINT (8.430951238000031 49.032399478000102)",Unfall 201782 (2022) Kat:3, Licht: 0,201782,3,2,0,07,11,1,0,0,0,1,0,0,0,1
"POINT (8.424370317000070 49.005305834000097)",Unfall 201828 (2022) Kat:3, Licht: 0,201828,3,7,6,07,21,7,0,0,1,0,1,0,0,0
"POINT (8.374609859000030 49.027225039000001)",Unfall 201851 (2022) Kat:3, Licht: 0,201851,3,3,5,07,14,7,0,0,1,1,0,0,0,0
"POINT (8.464658014000070 48.994668451000102)",Unfall 201857 (2022) Kat:3, Licht: 0,201857,3,3,5,07,18,1,0,0,1,1,0,0,0,0
"POINT (8.348094593000040 49.028771257000102)",Unfall 201905 (2022) Kat:3, Licht: 0,201905,3,2,5,07,12,4,0,0,1,1,0,0,0,0
"POINT (8.394867304000060 49.008019126000100)",Unfall 201906 (2022) Kat:3, Licht: 0,201906,3,6,3,07,19,2,0,0,1,0,0,0,0,0
"POINT (8.356219530000031 49.024431554000003)",Unfall 201920 (2022) Kat:3, Licht: 0,201920,3,3,5,07,07,5,0,0,1,1,0,0,0,0
"POINT (8.408266217000060 49.011059413000098)",Unfall 201951 (2022) Kat:2, Licht: 2,201951,2,3,5,07,22,5,0,2,1,0,0,1,0,0
"POINT (8.410491082000020 49.005937703000001)",Unfall 201992 (2022) Kat:2, Licht: 2,201992,2,2,5,07,01,3,0,2,0,1,0,0,0,0
"POINT (8.368672670000020 49.011155379999998)",Unfall 201997 (2022) Kat:3, Licht: 0,201997,3,7,0,07,07,3,0,0,0,0,0,1,0,0
"POINT (8.320055813000071 49.007799896000101)",Unfall 202033 (2022) Kat:3, Licht: 0,202033,3,3,5,07,07,3,0,0,0,1,0,0,0,1
"POINT (8.341655927000030 49.031160251000102)",Unfall 202055 (2022) Kat:3, Licht: 0,202055,3,5,1,07,20,7,0,0,1,1,0,0,0,0
"POINT (8.471038926000061 48.997934584000099)",Unfall 202155 (2022) Kat:3, Licht: 0,202155,3,3,5,07,16,6,0,0,1,0,0,0,0,0
"POINT (8.394961548000030 49.008489059000098)",Unfall 202210 (2022) Kat:1, Licht: 0,202210,1,4,6,07,13,4,0,0,0,0,1,0,0,1
"POINT (8.421188552000050 49.000449328999998)",Unfall 202215 (2022) Kat:3, Licht: 0,202215,3,6,2,07,12,7,0,0,0,1,0,0,0,0
"POINT (8.513737692000060 48.948265879000097)",Unfall 202249 (2022) Kat:2, Licht: 0,202249,2,7,0,07,08,2,0,0,0,1,0,0,0,0
"POINT (8.430813705000050 49.014024530000000)",Unfall 202251 (2022) Kat:2, Licht: 0,202251,2,4,6,07,12,1,0,0,1,0,1,0,0,0
"POINT (8.397209267000051 49.009907699999999)",Unfall 202252 (2022) Kat:3, Licht: 0,202252,3,7,6,07,16,1,0,0,1,0,1,0,0,0
"POINT (8.384515607000029 49.014781006000099)",Unfall 202347 (2022) Kat:3, Licht: 0,202347,3,5,1,07,08,5,0,0,1,1,0,0,0,0
"POINT (8.492744147000050 49.003072031999999)",Unfall 202380 (2022) Kat:3, Licht: 0,202380,3,7,0,07,07,7,0,0,0,1,0,0,0,0
"POINT (8.388167357000039 49.007600147000097)",Unfall 202392 (2022) Kat:3, Licht: 0,202392,3,7,0,07,18,2,0,0,1,0,1,0,0,0
"POINT (8.396851748000071 49.012361722999998)",Unfall 202417 (2022) Kat:3, Licht: 0,202417,3,5,1,07,09,1,0,0,1,1,0,0,0,0
"POINT (8.329340240000020 49.003164542999997)",Unfall 202422 (2022) Kat:3, Licht: 0,202422,3,1,0,07,18,7,0,0,0,1,0,0,0,0
"POINT (8.448763852000070 48.992307265000100)",Unfall 202423 (2022) Kat:3, Licht: 0,202423,3,3,5,07,18,5,0,0,1,1,0,0,0,0
"POINT (8.367967950000040 48.992217577000098)",Unfall 202507 (2022) Kat:3, Licht: 0,202507,3,6,2,07,08,6,0,0,0,1,0,0,0,0
"POINT (8.475783037000040 48.999314352000098)",Unfall 202567 (2022) Kat:3, Licht: 0,202567,3,7,0,07,14,7,0,0,1,0,0,0,0,0
"POINT (8.403572061000030 49.006179121999999)",Unfall 202581 (2022) Kat:3, Licht: 0,202581,3,6,3,08,13,3,0,0,1,0,0,0,0,1
"POINT (8.352587069000039 49.004002720000102)",Unfall 202597 (2022) Kat:3, Licht: 0,202597,3,3,5,08,20,4,0,0,1,0,0,0,0,0
"POINT (8.346169098000081 49.016228751000000)",Unfall 202616 (2022) Kat:3, Licht: 0,202616,3,3,5,07,15,3,0,0,1,1,0,0,0,0
"POINT (8.399632154000070 49.009928281999997)",Unfall 202631 (2022) Kat:3, Licht: 0,202631,3,6,4,07,11,4,0,0,1,0,0,0,0,0
"POINT (8.325963716000050 49.007602903000098)",Unfall 202635 (2022) Kat:2, Licht: 0,202635,2,7,0,08,09,7,0,0,1,0,0,0,0,0
"POINT (8.385287818000050 49.017362441000003)",Unfall 202756 (2022) Kat:3, Licht: 0,202756,3,2,5,07,07,4,0,0,1,1,0,0,0,0
"POINT (8.363805325000040 49.011513485000101)",Unfall 202761 (2022) Kat:2, Licht: 0,202761,2,3,5,07,20,6,0,0,1,1,0,0,0,0
"POINT (8.357177933000060 49.025389338000103)",Unfall 202785 (2022) Kat:3, Licht: 0,202785,3,3,5,07,07,5,0,0,1,0,0,0,0,1
"POINT (8.344811817000050 49.030623634000101)",Unfall 202796 (2022) Kat:3, Licht: 0,202796,3,3,5,08,10,7,0,0,1,0,0,0,0,1
"POINT (8.471704231000050 48.987565422999999)",Unfall 202828 (2022) Kat:2, Licht: 0,202828,2,1,1,08,17,6,0,0,1,1,0,0,0,0
"POINT (8.363365334000040 49.002042052999997)",Unfall 202840 (2022) Kat:2, Licht: 2,202840,2,6,4,07,00,7,0,2,0,1,0,0,0,0
"POINT (8.367108395000059 49.028250300000103)",Unfall 202850 (2022) Kat:3, Licht: 0,202850,3,5,1,07,20,6,0,0,1,1,0,0,0,0
"POINT (8.390383020000060 48.996815609000102)",Unfall 202862 (2022) Kat:3, Licht: 2,202862,3,5,1,07,04,7,0,2,0,1,0,0,0,1
"POINT (8.388784656000039 49.003567834000101)",Unfall 202900 (2022) Kat:3, Licht: 2,202900,3,5,1,07,22,1,0,2,1,1,0,0,0,0
"POINT (8.360723458000050 49.015072115000102)",Unfall 202933 (2022) Kat:3, Licht: 0,202933,3,2,2,07,13,6,0,0,1,1,0,0,0,0
"POINT (8.401808302000060 49.010529841999997)",Unfall 202936 (2022) Kat:3, Licht: 0,202936,3,7,4,07,18,4,0,0,1,1,0,0,0,0
"POINT (8.438814443000069 49.017562236000103)",Unfall 202948 (2022) Kat:2, Licht: 2,202948,2,4,6,08,21,5,0,2,1,0,1,0,0,0
"POINT (8.356715981000040 49.023967517000102)",Unfall 202965 (2022) Kat:3, Licht: 0,202965,3,6,2,08,07,5,0,0,0,1,0,0,0,0
"POINT (8.362587289000031 49.011408292000098)",Unfall 202977 (2022) Kat:2, Licht: 0,202977,2,2,5,07,08,6,0,0,1,1,0,0,0,1
"POINT (8.373891376000071 49.009649719000002)",Unfall 202985 (2022) Kat:3, Licht: 0,202985,3,6,2,07,07,5,0,0,1,1,0,0,0,0
"POINT (8.356291148000031 49.006473133999997)",Unfall 202998 (2022) Kat:3, Licht: 2,202998,3,5,1,07,03,7,0,2,0,1,0,0,0,0
"POINT (8.424126293000031 49.002988253000098)",Unfall 203010 (2022) Kat:3, Licht: 0,203010,3,3,5,07,14,5,0,0,0,1,0,1,0,0
"POINT (8.380797951000030 48.998913824000098)",Unfall 203044 (2022) Kat:3, Licht: 0,203044,3,3,5,07,08,5,0,0,1,1,0,0,0,0
"POINT (8.509577522000029 48.957117595000099)",Unfall 203048 (2022) Kat:3, Licht: 0,203048,3,7,0,07,19,3,0,0,1,0,0,0,0,0
"POINT (8.422994314000050 49.001213614999998)",Unfall 203052 (2022) Kat:3, Licht: 0,203052,3,3,5,07,15,6,0,0,1,0,0,0,0,0
"POINT (8.386293564000029 49.054114009999999)",Unfall 203073 (2022) Kat:3, Licht: 0,203073,3,5,1,08,18,5,0,0,1,1,0,0,0,0
"POINT (8.406374377000081 48.972396179999997)",Unfall 203088 (2022) Kat:3, Licht: 0,203088,3,3,5,07,20,5,0,0,0,1,0,0,0,0
"POINT (8.368623085000021 49.011326708000098)",Unfall 203100 (2022) Kat:3, Licht: 0,203100,3,6,3,08,17,2,0,0,1,1,0,0,0,0
"POINT (8.368769524000070 49.011224677000001)",Unfall 203132 (2022) Kat:2, Licht: 2,203132,2,2,5,07,21,6,0,2,0,1,0,0,0,1
"POINT (8.395922847000071 49.005621064000103)",Unfall 203140 (2022) Kat:3, Licht: 0,203140,3,6,2,07,13,5,0,0,0,1,0,0,0,0
"POINT (8.394204940000069 49.013087399000000)",Unfall 203144 (2022) Kat:3, Licht: 0,203144,3,5,1,07,14,3,0,0,1,1,0,0,0,0
"POINT (8.475537763000030 48.999564028000101)",Unfall 203198 (2022) Kat:3, Licht: 2,203198,3,7,0,08,22,5,0,2,1,0,0,0,0,0
"POINT (8.393684501000051 49.029907196000103)",Unfall 203222 (2022) Kat:3, Licht: 0,203222,3,3,5,07,14,5,0,0,0,1,0,0,0,1
"POINT (8.405454892000019 49.024154437999997)",Unfall 203226 (2022) Kat:3, Licht: 2,203226,3,3,5,08,22,7,0,2,1,0,0,1,0,0
"POINT (8.398007612000070 49.003478232000099)",Unfall 203230 (2022) Kat:3, Licht: 0,203230,3,7,0,08,15,3,0,0,1,1,0,0,0,0
"POINT (8.371168262000030 49.007478252000098)",Unfall 203251 (2022) Kat:3, Licht: 0,203251,3,3,5,08,17,1,0,0,1,0,0,0,0,1
"POINT (8.387049854000050 49.029988875000100)",Unfall 203259 (2022) Kat:3, Licht: 0,203259,3,3,5,07,17,2,0,0,0,1,0,0,0,0
"POINT (8.394006918000059 49.007941430000102)",Unfall 203267 (2022) Kat:3, Licht: 0,203267,3,6,3,07,15,3,0,0,1,0,0,0,0,0
"POINT (8.503051316000040 49.004327024000098)",Unfall 203275 (2022) Kat:3, Licht: 0,203275,3,5,1,08,15,2,0,0,1,0,0,0,0,1
"POINT (8.435985247000080 48.996642948999998)",Unfall 203280 (2022) Kat:3, Licht: 0,203280,3,2,5,07,08,5,0,0,0,1,0,1,0,0
"POINT (8.457639697000049 49.018550972000099)",Unfall 203301 (2022) Kat:3, Licht: 1,203301,3,2,2,07,04,4,0,1,0,1,0,0,0,0
"POINT (8.370724046000021 49.011386610999999)",Unfall 203322 (2022) Kat:3, Licht: 0,203322,3,3,5,08,07,6,0,0,1,1,0,0,0,0
"POINT (8.312356258000021 49.001004860000101)",Unfall 203340 (2022) Kat:3, Licht: 0,203340,3,7,0,08,18,4,0,0,1,0,0,0,0,0
"POINT (8.415099205000050 49.004229477000102)",Unfall 203346 (2022) Kat:3, Licht: 2,203346,3,6,0,08,22,5,0,2,1,0,0,1,0,0
"POINT (8.441852104000080 49.013818264000101)",Unfall 203348 (2022) Kat:3, Licht: 0,203348,3,2,5,07,12,5,0,0,0,1,0,0,0,1
"POINT (8.450683331000050 48.995415053999999)",Unfall 203411 (2022) Kat:3, Licht: 0,203411,3,2,5,07,16,2,0,0,1,1,0,0,0,0
"POINT (8.360067121000039 49.011200604000102)",Unfall 203418 (2022) Kat:2, Licht: 2,203418,2,2,5,07,22,6,0,2,1,1,0,0,0,0
"POINT (8.449872958000070 48.994888793000001)",Unfall 203429 (2022) Kat:3, Licht: 0,203429,3,3,5,08,11,3,0,0,1,0,0,0,0,1
"POINT (8.375987268000070 49.008655294999997)",Unfall 203438 (2022) Kat:3, Licht: 0,203438,3,7,1,08,13,7,0,0,1,1,0,0,0,0
"POINT (8.424071568000040 49.002847840000101)",Unfall 203441 (2022) Kat:3, Licht: 0,203441,3,3,5,08,17,2,0,0,1,1,0,0,0,0
"POINT (8.394702266000021 49.007138095000101)",Unfall 203444 (2022) Kat:3, Licht: 2,203444,3,7,0,07,00,5,1,2,0,0,0,1,0,0
"POINT (8.451336700000070 48.995598725999997)",Unfall 203460 (2022) Kat:3, Licht: 0,203460,3,6,2,08,11,4,0,0,0,1,0,0,0,1
"POINT (8.431829433000081 49.008147516000101)",Unfall 203469 (2022) Kat:3, Licht: 0,203469,3,6,1,07,19,6,0,0,0,1,0,1,0,0
"POINT (8.396960758000031 48.999806691000103)",Unfall 203473 (2022) Kat:3, Licht: 0,203473,3,7,8,08,08,5,0,0,1,0,0,0,0,0
"POINT (8.394865578000060 48.977296041999999)",Unfall 203481 (2022) Kat:3, Licht: 0,203481,3,5,0,07,12,3,0,0,0,1,0,1,0,0
"POINT (8.374046278000041 49.009503340999998)",Unfall 203499 (2022) Kat:3, Licht: 0,203499,3,3,0,08,10,2,0,0,1,1,0,0,0,0
"POINT (8.361315564000050 49.015682690000098)",Unfall 203510 (2022) Kat:3, Licht: 2,203510,3,5,1,07,02,5,0,2,1,1,0,0,0,0