WKT,Name,OBJECTID,UKATEGORIE,UTYP1,UART,UMONAT,USTUNDE,UWOCHENTAG,STRZUSTAND,ULICHTVERH,ISTRAD,ISTPKW,ISTFUSS,ISTKRAD,ISTGKFZ,ISTSONSTIG
"POINT (8.450459503000047 49.003123496000057)",Unfall 86098 (2023) Kat:3, Licht: 0,86098,3,1,8,05,12,6,1,0,0,0,0,1,0,0
"POINT (8.440688306000027 49.010269710000046)",Unfall 86099 (2023) Kat:3, Licht: 0,86099,3,3,5,05,19,6,0,0,1,1,0,0,0,0
"POINT (8.499254386000075 48.974346235000041)",Unfall 86100 (2023) Kat:2, Licht: 0,86100,2,1,8,05,09,6,0,0,0,0,0,1,0,0
"POINT (8.445302437000066 48.999454998000033)",Unfall 86135 (2023) Kat:3, Licht: 0,86135,3,6,2,05,17,5,0,0,0,1,0,0,0,0
"POINT (8.392850210000063 49.045699384000045)",Unfall 86148 (2023) Kat:3, Licht: 2,86148,3,3,5,05,00,1,0,2,0,1,0,0,0,0
"POINT (8.355676675000041 49.012703972000054)",Unfall 86173 (2023) Kat:3, Licht: 0,86173,3,2,0,05,18,4,0,0,0,1,0,0,0,1
"POINT (8.340985392000050 49.030875256000058)",Unfall 86175 (2023) Kat:3, Licht: 0,86175,3,2,0,05,12,4,0,0,0,1,0,1,0,0
"POINT (8.365380478000077 49.004864249000036)",Unfall 86363 (2023) Kat:3, Licht: 0,86363,3,3,5,05,12,6,0,0,0,1,0,0,0,0
"POINT (8.325758005000068 49.036657359000060)",Unfall 86365 (2023) Kat:3, Licht: 2,86365,3,1,8,05,23,6,1,2,0,1,0,0,0,0
"POINT (8.393954855000061 48.999433538000062)",Unfall 86450 (2023) Kat:3, Licht: 0,86450,3,2,2,05,07,5,0,0,1,1,0,0,0,0
"POINT (8.371124586000064 48.991174993000072)",Unfall 86516 (2023) Kat:3, Licht: 0,86516,3,7,6,05,15,4,0,0,1,0,1,0,0,0
"POINT (8.393708405000041 48.997267766000050)",Unfall 86518 (2023) Kat:3, Licht: 0,86518,3,3,5,05,12,4,0,0,0,1,0,0,0,0
"POINT (8.353686209000045 49.012144913000043)",Unfall 86521 (2023) Kat:3, Licht: 0,86521,3,6,2,05,16,4,0,0,0,1,0,0,0,1
"POINT (8.442764381000075 49.004251439000029)",Unfall 86691 (2023) Kat:3, Licht: 0,86691,3,6,2,04,13,7,0,0,0,1,0,0,0,0
"POINT (8.473685605000071 48.961118440000064)",Unfall 86752 (2023) Kat:3, Licht: 0,86752,3,6,2,04,09,6,1,0,0,1,0,0,0,0
"POINT (8.362149034000026 49.007209430000046)",Unfall 86753 (2023) Kat:3, Licht: 0,86753,3,6,2,04,15,6,0,0,0,1,0,0,0,0
"POINT (8.387117074000059 49.007119586000044)",Unfall 86757 (2023) Kat:3, Licht: 0,86757,3,5,1,05,10,4,0,0,1,1,0,0,0,0
"POINT (8.430067789000077 48.993609395000078)",Unfall 86789 (2023) Kat:3, Licht: 0,86789,3,6,2,05,15,2,0,0,0,1,0,0,0,0
"POINT (8.344654932000026 49.030621403000055)",Unfall 86808 (2023) Kat:3, Licht: 0,86808,3,6,2,04,15,5,0,0,0,1,0,0,0,0
"POINT (8.360019859000033 49.031391974000030)",Unfall 86811 (2023) Kat:3, Licht: 0,86811,3,3,5,05,15,2,0,0,0,1,0,0,0,1
"POINT (8.387188155000047 49.007754973000033)",Unfall 86858 (2023) Kat:3, Licht: 0,86858,3,7,6,04,13,4,0,0,0,0,1,0,0,1
"POINT (8.360469844000022 48.995905344000050)",Unfall 86859 (2023) Kat:3, Licht: 0,86859,3,2,5,04,10,4,0,0,0,1,0,0,0,0
"POINT (8.398221988000046 49.014412942000035)",Unfall 86999 (2023) Kat:3, Licht: 0,86999,3,6,2,04,18,1,0,0,0,1,0,0,0,0
"POINT (8.487900077000063 48.949902437000048)",Unfall 87001 (2023) Kat:3, Licht: 0,87001,3,7,8,04,13,1,0,0,0,1,0,0,0,0
"POINT (8.447021297000049 48.986492753000050)",Unfall 87070 (2023) Kat:3, Licht: 0,87070,3,6,2,04,17,7,0,0,0,1,0,0,0,0
"POINT (8.396212618000050 49.064984816000049)",Unfall 87136 (2023) Kat:3, Licht: 0,87136,3,1,9,04,07,6,1,0,0,1,0,0,0,0
"POINT (8.354109964000031 49.017316426000036)",Unfall 87137 (2023) Kat:3, Licht: 0,87137,3,6,3,04,13,6,0,0,0,0,0,0,1,1
"POINT (8.448961529000030 49.001722266000058)",Unfall 87142 (2023) Kat:2, Licht: 0,87142,2,6,2,04,15,6,0,0,0,1,0,0,0,0
"POINT (8.477789348000044 48.996467778000067)",Unfall 87186 (2023) Kat:3, Licht: 2,87186,3,7,9,05,00,3,0,2,0,1,0,0,0,0
"POINT (8.476421382000069 49.025504287000047)",Unfall 87227 (2023) Kat:2, Licht: 2,87227,2,6,3,04,03,5,0,2,0,0,0,0,1,1
"POINT (8.396619697000062 49.023283838000054)",Unfall 87276 (2023) Kat:3, Licht: 0,87276,3,3,5,04,11,4,0,0,0,1,0,0,0,1
"POINT (8.447245597000062 49.003288250000026)",Unfall 87278 (2023) Kat:3, Licht: 0,87278,3,6,2,04,11,4,0,0,0,1,0,0,0,0
"POINT (8.476424682000072 48.996806135000043)",Unfall 87367 (2023) Kat:3, Licht: 0,87367,3,6,2,04,09,2,1,0,0,1,0,0,0,1
"POINT (8.365951490000043 49.004335749000063)",Unfall 87369 (2023) Kat:3, Licht: 0,87369,3,3,5,04,09,2,1,0,0,1,0,0,0,0
"POINT (8.426361867000026 49.000816531000055)",Unfall 87437 (2023) Kat:3, Licht: 0,87437,3,2,2,04,16,7,0,0,0,1,0,0,0,0
"POINT (8.464109833000066 48.967449245000068)",Unfall 87541 (2023) Kat:3, Licht: 0,87541,3,6,2,04,19,5,1,0,0,1,0,0,0,0
"POINT (8.436692493000066 48.984603223000079)",Unfall 87542 (2023) Kat:3, Licht: 0,87542,3,6,2,04,17,5,0,0,0,1,0,0,0,1
"POINT (8.436623400000030 48.985422565000079)",Unfall 87543 (2023) Kat:3, Licht: 0,87543,3,6,2,04,17,5,1,0,0,1,0,0,0,1
"POINT (8.357067379000057 49.024229628000057)",Unfall 87581 (2023) Kat:3, Licht: 2,87581,3,3,5,04,20,4,0,2,1,1,0,0,0,0
"POINT (8.441925084000047 48.997565230000077)",Unfall 87583 (2023) Kat:3, Licht: 0,87583,3,6,2,04,17,4,1,0,0,1,0,0,0,0
"POINT (8.378434006000020 48.992687460000070)",Unfall 87630 (2023) Kat:3, Licht: 1,87630,3,6,3,04,06,3,1,1,0,1,0,0,0,0
"POINT (8.377350683000031 48.965287399000033)",Unfall 87679 (2023) Kat:3, Licht: 0,87679,3,6,2,04,15,2,0,0,0,1,0,0,0,0
"POINT (8.387902159000021 49.014676467000072)",Unfall 87681 (2023) Kat:3, Licht: 0,87681,3,2,5,04,17,2,0,0,0,1,0,0,0,0
"POINT (8.426761663000036 49.000695925000059)",Unfall 87787 (2023) Kat:3, Licht: 0,87787,3,2,6,05,13,3,1,0,0,0,1,0,1,0
"POINT (8.387902200000042 49.014676726000062)",Unfall 87801 (2023) Kat:3, Licht: 0,87801,3,3,5,04,13,6,0,0,0,1,0,0,0,1
"POINT (8.436992160000045 48.980971961000080)",Unfall 87802 (2023) Kat:3, Licht: 0,87802,3,6,2,04,12,6,0,0,0,1,0,0,0,0
"POINT (8.463408607000076 48.981849088000047)",Unfall 87810 (2023) Kat:3, Licht: 0,87810,3,3,5,05,11,2,0,0,1,1,0,0,0,0
"POINT (8.304958205000048 49.036820253000030)",Unfall 87930 (2023) Kat:3, Licht: 0,87930,3,6,2,04,14,4,0,0,1,0,0,0,0,0
"POINT (8.393951171000026 48.999398853000059)",Unfall 87933 (2023) Kat:3, Licht: 0,87933,3,2,5,04,15,4,0,0,1,1,0,0,0,0
"POINT (8.503957229000036 48.969321858000058)",Unfall 87975 (2023) Kat:3, Licht: 0,87975,3,7,0,04,18,1,0,0,1,0,0,0,0,0
"POINT (8.386753111000075 49.005396212000051)",Unfall 87985 (2023) Kat:3, Licht: 2,87985,3,7,2,04,20,3,0,2,0,1,0,1,0,0
"POINT (8.387378754000054 49.009670530000051)",Unfall 87987 (2023) Kat:3, Licht: 0,87987,3,6,2,04,13,3,0,0,0,1,0,0,0,0
"POINT (8.351647378000052 49.006776133000074)",Unfall 87988 (2023) Kat:3, Licht: 0,87988,3,7,0,04,11,3,0,0,0,0,0,0,1,1
"POINT (8.426156527000046 49.001045772000055)",Unfall 87989 (2023) Kat:3, Licht: 0,87989,3,6,2,04,18,3,0,0,0,1,0,0,0,0
"POINT (8.361749455000052 49.036869884000055)",Unfall 87990 (2023) Kat:3, Licht: 0,87990,3,6,2,04,09,3,0,0,0,1,0,0,0,0
"POINT (8.386705263000067 49.004381654000042)",Unfall 88055 (2023) Kat:3, Licht: 0,88055,3,3,5,05,07,2,0,0,1,0,0,0,0,1
"POINT (8.477012937000040 48.997538409000072)",Unfall 88198 (2023) Kat:3, Licht: 0,88198,3,6,2,06,17,7,0,0,0,1,0,0,0,0
"POINT (8.404776103000074 48.972443410000039)",Unfall 88244 (2023) Kat:3, Licht: 0,88244,3,3,5,06,14,6,0,0,1,1,0,0,0,0
"POINT (8.374849982000057 48.977974822000078)",Unfall 88245 (2023) Kat:3, Licht: 0,88245,3,6,3,06,10,6,0,0,0,0,0,1,1,0
"POINT (8.383904808000068 48.991577354000071)",Unfall 88246 (2023) Kat:3, Licht: 0,88246,3,6,2,06,11,6,0,0,0,1,0,0,0,0
"POINT (8.464958435000028 48.984534461000067)",Unfall 88348 (2023) Kat:3, Licht: 0,88348,3,6,2,06,11,4,0,0,0,1,0,0,0,0
"POINT (8.474086343000067 49.010519156000043)",Unfall 88349 (2023) Kat:2, Licht: 2,88349,2,2,5,06,21,4,0,2,0,1,0,0,0,0
"POINT (8.427109077000068 49.000051564000046)",Unfall 88395 (2023) Kat:3, Licht: 0,88395,3,3,5,06,18,3,0,0,1,1,0,0,0,0
"POINT (8.318326480000053 49.037532686000077)",Unfall 88396 (2023) Kat:3, Licht: 0,88396,3,6,2,06,15,3,0,0,0,1,0,0,0,1
"POINT (8.393843384000036 48.998377824000045)",Unfall 88398 (2023) Kat:3, Licht: 0,88398,3,2,5,06,09,3,0,0,1,1,0,0,0,0
"POINT (8.407605680000074 48.960999015000027)",Unfall 88449 (2023) Kat:3, Licht: 0,88449,3,6,2,06,06,2,1,0,0,1,0,1,0,0
"POINT (8.451145314000030 49.034980886000028)",Unfall 88498 (2023) Kat:3, Licht: 2,88498,3,7,0,06,00,1,0,2,0,0,0,0,0,1
"POINT (8.357249091000028 49.009612931000049)",Unfall 88499 (2023) Kat:2, Licht: 0,88499,2,2,2,06,19,1,0,0,0,1,0,1,0,0
"POINT (8.394103773000040 49.000782648000040)",Unfall 88558 (2023) Kat:3, Licht: 0,88558,3,3,5,06,14,7,0,0,1,0,0,0,0,1
"POINT (8.361842259000070 48.995564081000055)",Unfall 88559 (2023) Kat:3, Licht: 0,88559,3,3,5,06,18,7,0,0,1,1,0,0,0,0
"POINT (8.393512850000036 48.994597183000053)",Unfall 88674 (2023) Kat:3, Licht: 0,88674,3,7,0,06,09,5,0,0,1,0,0,0,0,0
"POINT (8.427241792000075 49.000142511000035)",Unfall 88727 (2023) Kat:2, Licht: 0,88727,2,3,5,05,16,4,0,0,1,1,0,0,0,0
"POINT (8.357102278000070 49.011552170000073)",Unfall 88797 (2023) Kat:3, Licht: 0,88797,3,2,5,05,10,3,0,0,1,1,0,0,0,0
"POINT (8.381312146000027 49.005560792000040)",Unfall 88978 (2023) Kat:2, Licht: 1,88978,2,7,0,05,05,7,0,1,0,0,0,0,0,1
"POINT (8.354984679000040 48.997754615000076)",Unfall 89061 (2023) Kat:3, Licht: 0,89061,3,6,2,05,13,6,0,0,0,1,0,0,0,0
"POINT (8.436262491000036 48.990207071000043)",Unfall 89062 (2023) Kat:3, Licht: 0,89062,3,6,2,05,16,6,0,0,0,0,0,1,1,0
"POINT (8.478612903000055 49.020896147000030)",Unfall 89063 (2023) Kat:3, Licht: 0,89063,3,3,5,05,13,6,0,0,0,1,0,0,0,0
"POINT (8.354039673000045 49.017406734000076)",Unfall 89064 (2023) Kat:3, Licht: 0,89064,3,6,2,05,07,6,0,0,0,1,0,0,1,0
"POINT (8.430402390000040 49.048631818000047)",Unfall 89129 (2023) Kat:2, Licht: 0,89129,2,3,5,06,16,2,0,0,1,1,0,0,0,0
"POINT (8.367919477000044 49.005411193000043)",Unfall 89139 (2023) Kat:3, Licht: 0,89139,3,3,5,05,11,5,0,0,1,0,0,0,0,1
"POINT (8.394159354000067 49.033118795000064)",Unfall 89141 (2023) Kat:2, Licht: 0,89141,2,2,5,05,18,5,0,0,1,1,0,0,0,0
"POINT (8.441996233000054 48.997608284000080)",Unfall 89142 (2023) Kat:3, Licht: 0,89142,3,6,2,05,07,5,0,0,0,1,0,0,0,0
"POINT (8.442024127000025 48.997625163000066)",Unfall 89200 (2023) Kat:3, Licht: 0,89200,3,6,3,05,08,4,0,0,0,1,0,0,1,0
"POINT (8.393429890000050 48.958593026000074)",Unfall 89202 (2023) Kat:3, Licht: 0,89202,3,6,2,05,18,4,0,0,0,1,0,0,0,0
"POINT (8.496426838000048 49.004832938000050)",Unfall 89203 (2023) Kat:3, Licht: 0,89203,3,6,4,05,07,4,0,0,0,1,0,0,0,0
"POINT (8.450064117000068 49.002749502000029)",Unfall 89204 (2023) Kat:3, Licht: 0,89204,3,6,2,05,15,4,0,0,0,1,0,0,0,0
"POINT (8.387805055000058 49.013538908000044)",Unfall 89262 (2023) Kat:3, Licht: 0,89262,3,6,2,05,19,3,0,0,0,1,0,0,0,0
"POINT (8.371575412000027 49.005479687000047)",Unfall 89264 (2023) Kat:3, Licht: 0,89264,3,3,5,05,20,3,0,0,1,1,0,0,0,0
"POINT (8.404881917000068 48.966209054000046)",Unfall 89371 (2023) Kat:3, Licht: 0,89371,3,6,2,07,09,2,0,0,0,1,0,1,0,0
"POINT (8.365371607000043 49.004816379000033)",Unfall 89373 (2023) Kat:3, Licht: 0,89373,3,3,5,07,12,2,0,0,0,1,0,0,1,0
"POINT (8.444033163000029 49.004003667000063)",Unfall 89460 (2023) Kat:2, Licht: 2,89460,2,1,9,07,01,7,0,2,1,0,0,0,0,0
"POINT (8.442335391000029 49.004139505000069)",Unfall 89585 (2023) Kat:3, Licht: 0,89585,3,5,2,07,16,5,0,0,0,1,0,1,0,0
"POINT (8.472483152000052 49.021724760000041)",Unfall 89646 (2023) Kat:3, Licht: 0,89646,3,6,2,07,07,4,1,0,0,1,0,0,0,0
"POINT (8.475829971000053 48.960216224000078)",Unfall 89647 (2023) Kat:3, Licht: 2,89647,3,1,8,07,02,4,1,2,0,1,0,0,0,0
"POINT (8.355049347000033 49.018708401000026)",Unfall 89700 (2023) Kat:3, Licht: 0,89700,3,2,2,07,14,3,0,0,0,1,0,0,0,0
"POINT (8.396552448000023 48.959078091000038)",Unfall 89759 (2023) Kat:3, Licht: 0,89759,3,6,2,07,09,2,0,0,0,1,0,0,0,0
"POINT (8.442003870000065 48.997612906000029)",Unfall 89760 (2023) Kat:3, Licht: 0,89760,3,6,2,07,13,2,0,0,0,1,0,0,0,0
"POINT (8.436278389000051 48.990658404000044)",Unfall 89853 (2023) Kat:3, Licht: 2,89853,3,7,9,07,01,7,0,2,0,1,0,0,0,0
"POINT (8.467899512000031 49.017745304000073)",Unfall 89959 (2023) Kat:3, Licht: 1,89959,3,6,2,06,05,5,0,1,0,1,0,0,0,1
"POINT (8.395922159000065 48.994411896000031)",Unfall 90027 (2023) Kat:3, Licht: 0,90027,3,7,0,06,13,4,0,0,1,0,0,0,0,0
"POINT (8.463223620000065 49.012877984000056)",Unfall 90028 (2023) Kat:3, Licht: 0,90028,3,6,2,06,16,4,0,0,0,1,0,0,0,1
"POINT (8.400082843000064 49.005468370000074)",Unfall 90029 (2023) Kat:3, Licht: 0,90029,3,2,3,06,12,4,0,0,0,1,0,0,0,1
"POINT (8.459889073000056 49.030558735000056)",Unfall 90030 (2023) Kat:3, Licht: 0,90030,3,3,0,06,06,4,0,0,1,0,0,0,0,1
"POINT (8.442072624000048 49.008082592000051)",Unfall 90134 (2023) Kat:3, Licht: 0,90134,3,3,5,06,09,2,0,0,0,1,0,0,0,0
"POINT (8.397171808000053 48.959174645000076)",Unfall 90135 (2023) Kat:3, Licht: 0,90135,3,6,2,06,12,2,0,0,0,1,0,0,0,0
"POINT (8.509945935000076 48.954337532000068)",Unfall 90209 (2023) Kat:3, Licht: 0,90209,3,5,1,06,16,1,0,0,0,1,0,0,0,1
"POINT (8.442059221000022 48.997646400000065)",Unfall 90266 (2023) Kat:3, Licht: 0,90266,3,6,2,06,11,7,0,0,0,1,0,0,0,0
"POINT (8.403782540000066 48.984809640000037)",Unfall 90452 (2023) Kat:2, Licht: 0,90452,2,4,6,06,18,4,0,0,0,0,1,0,0,1
"POINT (8.437130051000054 48.979149845000052)",Unfall 90455 (2023) Kat:3, Licht: 1,90455,3,6,3,06,19,4,0,1,0,1,0,0,1,0
"POINT (8.374254566000047 48.995130677000077)",Unfall 90456 (2023) Kat:3, Licht: 0,90456,3,6,2,06,17,4,0,0,0,1,0,0,0,1
"POINT (8.442002226000056 48.997611910000046)",Unfall 90528 (2023) Kat:3, Licht: 0,90528,3,6,3,06,12,3,0,0,0,1,0,0,1,0
"POINT (8.393971056000055 48.999586032000082)",Unfall 90531 (2023) Kat:3, Licht: 0,90531,3,3,5,06,16,3,0,0,1,1,0,0,0,0
"POINT (8.496696983000049 48.944957817000045)",Unfall 90587 (2023) Kat:3, Licht: 0,90587,3,7,9,06,14,2,0,0,0,1,0,0,1,0
"POINT (8.395056254000053 49.032921502000079)",Unfall 90603 (2023) Kat:3, Licht: 0,90603,3,6,2,06,18,2,0,0,0,1,0,0,0,0
"POINT (8.464761867000050 48.964139736000050)",Unfall 90604 (2023) Kat:2, Licht: 0,90604,2,1,0,06,11,2,0,0,1,0,0,0,0,0
"POINT (8.395532948000039 49.030168728000035)",Unfall 90606 (2023) Kat:2, Licht: 0,90606,2,6,2,06,07,2,0,0,1,0,0,0,0,0
"POINT (8.438142804000051 49.004976417000080)",Unfall 90607 (2023) Kat:3, Licht: 0,90607,3,3,5,06,19,2,0,0,0,1,0,1,0,0
"POINT (8.362804662000030 49.006633862000058)",Unfall 90660 (2023) Kat:3, Licht: 0,90660,3,6,3,06,15,3,0,0,0,1,0,0,0,0
"POINT (8.353218150000032 49.016258474000040)",Unfall 90712 (2023) Kat:3, Licht: 0,90712,3,6,2,06,14,7,0,0,0,1,0,0,0,0
"POINT (8.439499897000076 49.006349789000069)",Unfall 90713 (2023) Kat:3, Licht: 0,90713,3,7,5,06,18,7,0,0,1,1,0,0,0,0
"POINT (8.328838310000037 49.035474954000051)",Unfall 90793 (2023) Kat:3, Licht: 0,90793,3,6,7,06,15,4,0,0,0,1,0,0,1,0
"POINT (8.398681970000041 48.989212299000030)",Unfall 90841 (2023) Kat:1, Licht: 0,90841,1,1,9,06,15,5,0,0,0,0,0,1,0,0
"POINT (8.444791239000040 48.999348316000066)",Unfall 90842 (2023) Kat:3, Licht: 0,90842,3,6,2,06,18,5,0,0,0,1,0,0,0,0
"POINT (8.465083403000051 48.980410179000046)",Unfall 90844 (2023) Kat:3, Licht: 0,90844,3,3,5,06,05,5,0,0,1,1,0,0,0,0
"POINT (8.437743822000073 49.005190861000074)",Unfall 90845 (2023) Kat:3, Licht: 0,90845,3,2,5,06,12,5,0,0,1,0,0,0,1,0
"POINT (8.369259716000045 48.991832616000067)",Unfall 90999 (2023) Kat:3, Licht: 0,90999,3,6,2,06,08,3,0,0,0,1,0,0,0,0
"POINT (8.354762655000059 49.014536848000034)",Unfall 91031 (2023) Kat:3, Licht: 0,91031,3,6,2,07,16,2,0,0,0,1,0,0,0,0
"POINT (8.393330247000051 49.034397890000037)",Unfall 91069 (2023) Kat:3, Licht: 0,91069,3,6,4,06,12,2,0,0,0,1,0,1,0,0
"POINT (8.375798955000050 48.975389637000035)",Unfall 91075 (2023) Kat:3, Licht: 0,91075,3,1,8,08,07,6,1,0,0,1,0,0,0,0
"POINT (8.336677983000072 49.035142249000046)",Unfall 91232 (2023) Kat:3, Licht: 0,91232,3,6,0,08,09,2,0,0,0,1,0,1,0,0
"POINT (8.423762861000057 49.003489310000077)",Unfall 91233 (2023) Kat:3, Licht: 0,91233,3,7,0,08,15,2,0,0,1,0,0,0,0,0
"POINT (8.502196000000026 48.950977897000030)",Unfall 91274 (2023) Kat:3, Licht: 0,91274,3,1,0,08,11,1,0,0,1,0,0,0,0,0
"POINT (8.432923113000072 48.970254709000073)",Unfall 91275 (2023) Kat:3, Licht: 1,91275,3,7,8,08,20,1,0,1,0,1,0,0,0,0
"POINT (8.342589659000055 49.029270336000081)",Unfall 91468 (2023) Kat:3, Licht: 0,91468,3,6,2,08,18,3,0,0,0,1,0,0,0,0
"POINT (8.387266589000035 49.005399185000044)",Unfall 91469 (2023) Kat:3, Licht: 0,91469,3,6,2,08,13,3,0,0,0,1,0,0,0,0
"POINT (8.436082730000066 48.988671565000061)",Unfall 91650 (2023) Kat:3, Licht: 0,91650,3,6,3,08,16,6,0,0,0,1,0,0,1,0
"POINT (8.460942546000069 49.010470187000067)",Unfall 91651 (2023) Kat:3, Licht: 0,91651,3,6,2,08,16,6,0,0,0,1,0,0,0,0
"POINT (8.396738725000034 49.023607787000060)",Unfall 91702 (2023) Kat:3, Licht: 0,91702,3,6,2,08,16,5,0,0,0,1,0,0,0,0
"POINT (8.385769710000034 48.998703150000040)",Unfall 91740 (2023) Kat:3, Licht: 0,91740,3,2,5,08,18,4,0,0,0,0,0,0,0,1
"POINT (8.529228672000045 48.961241912000048)",Unfall 91775 (2023) Kat:3, Licht: 0,91775,3,1,8,08,12,3,0,0,0,1,0,0,0,0
"POINT (8.438022022000041 48.994716862000075)",Unfall 91776 (2023) Kat:3, Licht: 0,91776,3,6,3,08,09,3,0,0,0,1,0,0,1,0
"POINT (8.396564149000028 49.023268114000075)",Unfall 91777 (2023) Kat:3, Licht: 0,91777,3,2,2,08,06,3,0,0,0,1,0,0,0,0
"POINT (8.384021610000048 48.991689196000038)",Unfall 91827 (2023) Kat:3, Licht: 0,91827,3,7,8,08,10,2,0,0,0,1,0,0,0,0
"POINT (8.420750139000063 49.004166129000055)",Unfall 91934 (2023) Kat:3, Licht: 0,91934,3,6,2,08,18,6,1,0,0,1,0,0,0,0
"POINT (8.387017933000038 49.006270672000028)",Unfall 91975 (2023) Kat:3, Licht: 0,91975,3,7,0,08,16,5,1,0,0,0,0,1,0,0
"POINT (8.358376026000030 49.010141832000045)",Unfall 92059 (2023) Kat:3, Licht: 0,92059,3,6,2,08,10,6,0,0,0,1,0,0,0,0
"POINT (8.391309257000046 49.005477601000052)",Unfall 92113 (2023) Kat:3, Licht: 0,92113,3,3,5,07,14,2,0,0,0,1,0,0,0,1
"POINT (8.464734649000036 48.967001680000067)",Unfall 92156 (2023) Kat:3, Licht: 1,92156,3,1,9,07,06,1,1,1,0,1,0,0,0,0
"POINT (8.415752840000039 49.005296788000066)",Unfall 92256 (2023) Kat:3, Licht: 0,92256,3,3,5,07,17,6,1,0,0,1,0,0,0,1
"POINT (8.441250894000063 48.972240767000073)",Unfall 92258 (2023) Kat:3, Licht: 2,92258,3,6,3,08,23,3,0,2,0,1,0,0,1,0
"POINT (8.487878050000063 49.008634752000034)",Unfall 92318 (2023) Kat:2, Licht: 1,92318,2,6,4,07,05,5,0,1,0,1,0,0,1,0
"POINT (8.395408438000061 49.030895924000049)",Unfall 92380 (2023) Kat:3, Licht: 2,92380,3,7,0,07,23,4,0,2,1,0,0,0,0,0
"POINT (8.390754963000063 49.005506427000057)",Unfall 92381 (2023) Kat:3, Licht: 0,92381,3,6,0,07,16,4,0,0,0,1,0,0,0,0
"POINT (8.398099462000062 49.015504947000068)",Unfall 92382 (2023) Kat:3, Licht: 0,92382,3,7,0,07,13,4,0,0,1,0,0,0,0,0
"POINT (8.423889901000052 49.003206532000036)",Unfall 92440 (2023) Kat:3, Licht: 0,92440,3,6,2,07,16,3,1,0,0,1,0,0,0,0
"POINT (8.496582833000048 48.946603870000047)",Unfall 92442 (2023) Kat:3, Licht: 0,92442,3,6,2,07,11,3,1,0,0,1,0,0,0,1
"POINT (8.386993763000021 49.006078048000063)",Unfall 92444 (2023) Kat:3, Licht: 0,92444,3,2,5,07,17,3,1,0,1,1,0,0,0,0
"POINT (8.362283044000037 49.039142141000070)",Unfall 92547 (2023) Kat:3, Licht: 0,92547,3,6,2,08,09,3,1,0,0,1,0,0,0,0
"POINT (8.472672463000038 49.021644006000031)",Unfall 92557 (2023) Kat:3, Licht: 0,92557,3,6,2,07,18,1,0,0,0,1,0,0,0,0
"POINT (8.357701043000077 49.011157887000081)",Unfall 92616 (2023) Kat:3, Licht: 0,92616,3,6,2,07,12,7,0,0,0,1,0,0,0,0
"POINT (8.345754583000030 49.026038753000080)",Unfall 92669 (2023) Kat:3, Licht: 0,92669,3,3,0,07,16,6,0,0,1,1,0,0,0,0
"POINT (8.412767747000032 49.005738286000053)",Unfall 92670 (2023) Kat:3, Licht: 0,92670,3,3,6,07,19,6,0,0,0,1,1,0,0,0
"POINT (8.474704654000050 48.960703644000034)",Unfall 92671 (2023) Kat:2, Licht: 2,92671,2,6,2,07,23,6,0,2,0,1,0,0,1,1
"POINT (8.392804957000067 49.060264992000043)",Unfall 92718 (2023) Kat:3, Licht: 0,92718,3,7,0,08,20,2,0,0,1,0,0,0,0,0
"POINT (8.396510801000034 49.023404587000073)",Unfall 92753 (2023) Kat:3, Licht: 0,92753,3,6,2,07,09,5,0,0,0,1,0,0,0,0
"POINT (8.438482837000038 49.004913725000051)",Unfall 92754 (2023) Kat:3, Licht: 0,92754,3,2,5,07,10,5,0,0,1,1,0,0,0,0
"POINT (8.319694321000043 49.037390365000078)",Unfall 92897 (2023) Kat:2, Licht: 2,92897,2,7,9,07,04,3,0,2,0,0,0,1,0,0
"POINT (8.396699272000035 49.023306363000074)",Unfall 92961 (2023) Kat:3, Licht: 0,92961,3,2,5,07,09,2,0,0,0,1,0,0,0,0
"POINT (8.478606082000056 49.020907755000053)",Unfall 92985 (2023) Kat:3, Licht: 0,92985,3,3,5,07,17,3,0,0,1,1,0,0,0,0
"POINT (8.436700628000040 48.984506752000073)",Unfall 93018 (2023) Kat:3, Licht: 2,93018,3,6,3,08,22,2,0,2,0,1,0,0,1,0
"POINT (8.357045605000053 49.011590075000072)",Unfall 93173 (2023) Kat:3, Licht: 2,93173,3,2,0,07,22,6,0,2,1,0,0,0,0,1
"POINT (8.383004493000044 49.005498181000064)",Unfall 93249 (2023) Kat:3, Licht: 0,93249,3,6,2,07,10,5,0,0,0,1,0,0,0,0
"POINT (8.454865796000036 49.001960489000055)",Unfall 93250 (2023) Kat:3, Licht: 0,93250,3,6,3,07,14,5,0,0,1,0,0,0,0,0
"POINT (8.356848597000067 49.011518177000028)",Unfall 93289 (2023) Kat:2, Licht: 0,93289,2,6,0,08,17,6,0,0,0,1,0,1,0,0
"POINT (8.476516476000029 48.996915523000041)",Unfall 93325 (2023) Kat:3, Licht: 0,93325,3,2,5,07,12,4,0,0,1,1,0,0,0,0
"POINT (8.403765895000049 48.990028424000059)",Unfall 93326 (2023) Kat:3, Licht: 0,93326,3,6,2,07,10,4,0,0,0,0,0,0,1,1
"POINT (8.387708823000025 49.012631991000035)",Unfall 93327 (2023) Kat:3, Licht: 0,93327,3,3,5,07,13,4,0,0,1,1,0,0,0,0
"POINT (8.393681907000030 48.994718434000049)",Unfall 93329 (2023) Kat:3, Licht: 0,93329,3,6,2,07,09,4,0,0,0,1,0,1,0,0
"POINT (8.394417731000033 49.002309606000040)",Unfall 93331 (2023) Kat:3, Licht: 0,93331,3,6,0,07,18,4,0,0,1,0,0,0,0,1
"POINT (8.386939960000063 49.005567997000071)",Unfall 93443 (2023) Kat:3, Licht: 2,93443,3,6,2,09,03,1,0,2,0,1,0,0,0,0