WKT,Name,OBJECTID,UKATEGORIE,UTYP1,UART,UMONAT,USTUNDE,UWOCHENTAG,STRZUSTAND,ULICHTVERH,ISTRAD,ISTPKW,ISTFUSS,ISTKRAD,ISTGKFZ,ISTSONSTIG
"POINT (8.399811934000070 48.989213579000079)",Unfall 93444 (2023) Kat:3, Licht: 0,93444,3,6,2,09,08,1,0,0,0,1,0,1,0,0
"POINT (8.438046981000070 49.005440332000035)",Unfall 93445 (2023) Kat:3, Licht: 0,93445,3,6,2,09,10,1,0,0,1,1,0,0,0,0
"POINT (8.472585088000073 49.021821446000047)",Unfall 93487 (2023) Kat:3, Licht: 0,93487,3,6,2,09,13,7,0,0,0,1,0,0,1,0
"POINT (8.476364627000066 49.025449940000044)",Unfall 93488 (2023) Kat:3, Licht: 0,93488,3,6,1,09,17,7,0,0,0,1,0,0,1,1
"POINT (8.357282900000030 49.024765532000060)",Unfall 93533 (2023) Kat:3, Licht: 0,93533,3,3,5,09,16,6,0,0,1,1,0,0,0,0
"POINT (8.479066099000022 48.958294085000034)",Unfall 93592 (2023) Kat:3, Licht: 2,93592,3,6,2,09,21,5,0,2,0,1,0,0,0,0
"POINT (8.314763996000067 49.037508070000058)",Unfall 93594 (2023) Kat:3, Licht: 0,93594,3,3,5,09,09,5,0,0,1,0,0,0,1,0
"POINT (8.344785605000027 49.001087635000033)",Unfall 93597 (2023) Kat:3, Licht: 0,93597,3,3,5,09,07,5,0,0,1,0,0,1,0,0
"POINT (8.403779751000059 48.984871860000055)",Unfall 93637 (2023) Kat:3, Licht: 0,93637,3,2,5,09,15,4,0,0,1,1,0,0,0,0
"POINT (8.398202848000039 49.005490549000058)",Unfall 93693 (2023) Kat:3, Licht: 0,93693,3,6,2,09,14,3,0,0,0,1,0,1,0,0
"POINT (8.366067156000042 48.994007141000054)",Unfall 93695 (2023) Kat:3, Licht: 0,93695,3,3,5,09,07,3,0,0,0,1,0,0,0,1
"POINT (8.396506900000077 49.023398771000075)",Unfall 93755 (2023) Kat:3, Licht: 0,93755,3,6,2,09,12,2,0,0,0,1,0,0,0,0
"POINT (8.436262480000039 48.990105411000059)",Unfall 93804 (2023) Kat:3, Licht: 0,93804,3,3,5,09,16,1,0,0,0,1,0,0,0,0
"POINT (8.412030622000032 48.992885821000073)",Unfall 93873 (2023) Kat:3, Licht: 0,93873,3,7,0,09,13,7,0,0,0,0,0,1,0,0
"POINT (8.387306444000046 49.008749524000052)",Unfall 93874 (2023) Kat:3, Licht: 0,93874,3,6,2,09,10,7,0,0,0,1,0,0,0,0
"POINT (8.396612152000046 49.023281702000077)",Unfall 93940 (2023) Kat:3, Licht: 0,93940,3,2,3,09,07,6,0,0,1,0,0,0,0,1
"POINT (8.403792136000050 48.985012659000063)",Unfall 94007 (2023) Kat:3, Licht: 0,94007,3,6,2,09,16,5,0,0,0,1,0,0,0,0
"POINT (8.406733855000027 48.976649543000065)",Unfall 94077 (2023) Kat:2, Licht: 0,94077,2,7,0,09,19,4,0,0,1,0,0,0,0,0
"POINT (8.356251513000075 48.997297190000040)",Unfall 94078 (2023) Kat:3, Licht: 2,94078,3,3,5,09,21,4,0,2,1,1,0,0,0,0
"POINT (8.457448299000021 49.001353136000034)",Unfall 94211 (2023) Kat:3, Licht: 0,94211,3,6,2,09,07,2,0,0,0,1,0,0,1,0
"POINT (8.342405558000053 48.993937463000066)",Unfall 94213 (2023) Kat:3, Licht: 2,94213,3,1,3,09,21,2,0,2,0,1,0,0,1,0
"POINT (8.391814779000072 48.958514790000038)",Unfall 94214 (2023) Kat:3, Licht: 0,94214,3,6,3,09,09,2,0,0,0,1,0,0,1,0
"POINT (8.354608831000064 49.014846384000066)",Unfall 94216 (2023) Kat:3, Licht: 0,94216,3,3,5,09,16,2,0,0,1,1,0,0,0,0
"POINT (8.355735645000038 49.012639984000032)",Unfall 94278 (2023) Kat:3, Licht: 2,94278,3,6,3,09,21,1,0,2,0,1,0,0,0,0
"POINT (8.386998022000057 49.005399617000080)",Unfall 94350 (2023) Kat:3, Licht: 2,94350,3,3,5,09,21,1,0,2,0,1,0,0,0,0
"POINT (8.353547580000054 49.016553200000033)",Unfall 94557 (2023) Kat:3, Licht: 0,94557,3,2,3,08,15,2,0,0,0,1,0,0,0,1
"POINT (8.472723550000069 49.021952777000081)",Unfall 94584 (2023) Kat:3, Licht: 2,94584,3,6,2,08,03,1,0,2,0,1,0,0,0,0
"POINT (8.398121785000058 49.015366133000043)",Unfall 94628 (2023) Kat:3, Licht: 2,94628,3,3,5,08,22,7,0,2,0,1,0,0,0,0
"POINT (8.452543576000039 49.041930797000077)",Unfall 94701 (2023) Kat:3, Licht: 0,94701,3,7,0,10,07,3,0,0,0,0,0,1,0,0
"POINT (8.479401334000045 48.999942304000058)",Unfall 94858 (2023) Kat:3, Licht: 1,94858,3,7,6,10,18,6,0,1,0,1,1,0,0,0
"POINT (8.460870433000025 49.010659461000046)",Unfall 94859 (2023) Kat:3, Licht: 0,94859,3,6,2,10,16,6,0,0,0,1,0,0,0,0
"POINT (8.403928933000032 48.990684501000032)",Unfall 94862 (2023) Kat:3, Licht: 2,94862,3,6,3,10,18,6,0,2,0,1,0,1,0,0
"POINT (8.367494196000052 49.004951171000073)",Unfall 94929 (2023) Kat:3, Licht: 2,94929,3,4,6,10,20,5,0,2,0,1,1,0,0,0
"POINT (8.442006214000060 48.997614324000040)",Unfall 94978 (2023) Kat:2, Licht: 0,94978,2,6,2,10,16,4,0,0,0,0,0,0,1,0
"POINT (8.426763935000054 49.000696687000072)",Unfall 94981 (2023) Kat:3, Licht: 0,94981,3,2,0,10,17,4,0,0,1,1,0,0,0,0
"POINT (8.432089914000073 48.992312176000041)",Unfall 94982 (2023) Kat:3, Licht: 0,94982,3,3,5,10,13,4,0,0,0,1,0,0,0,0
"POINT (8.393674901000054 48.996920406000072)",Unfall 95032 (2023) Kat:3, Licht: 2,95032,3,2,0,10,06,3,0,2,1,1,0,0,0,0
"POINT (8.386142837000023 49.002233239000077)",Unfall 95033 (2023) Kat:3, Licht: 0,95033,3,6,2,10,14,3,0,0,0,1,0,0,0,0
"POINT (8.412975809000045 48.962231624000026)",Unfall 95068 (2023) Kat:3, Licht: 0,95068,3,6,2,10,17,2,0,0,0,1,0,0,0,0
"POINT (8.427235873000029 49.000146833000031)",Unfall 95116 (2023) Kat:3, Licht: 2,95116,3,2,5,10,02,1,0,2,1,1,0,0,0,0
"POINT (8.468225398000072 49.026463877000026)",Unfall 95214 (2023) Kat:3, Licht: 2,95214,3,6,4,10,21,6,0,2,0,1,0,0,0,0
"POINT (8.396738953000067 49.023606187000041)",Unfall 95253 (2023) Kat:3, Licht: 0,95253,3,6,2,10,11,6,0,0,0,1,0,0,0,0
"POINT (8.403923065000072 48.984912326000028)",Unfall 95313 (2023) Kat:3, Licht: 2,95313,3,2,5,10,20,4,0,2,0,1,0,1,0,0
"POINT (8.403649221000023 48.990927580000061)",Unfall 95314 (2023) Kat:3, Licht: 2,95314,3,3,5,10,20,4,0,2,1,1,0,0,0,0
"POINT (8.448318442000073 49.003110081000045)",Unfall 95316 (2023) Kat:3, Licht: 0,95316,3,3,5,10,18,4,0,0,1,1,0,0,0,0
"POINT (8.428359999000065 48.968603387000030)",Unfall 95416 (2023) Kat:3, Licht: 2,95416,3,7,8,10,06,2,0,2,0,0,0,1,0,0
"POINT (8.439489730000048 49.006344358000035)",Unfall 95417 (2023) Kat:3, Licht: 0,95417,3,3,5,10,11,2,0,0,1,1,0,0,0,0
"POINT (8.443155454000021 49.003997872000070)",Unfall 95478 (2023) Kat:3, Licht: 2,95478,3,7,0,10,01,1,0,2,0,0,0,0,0,1
"POINT (8.423748288000070 49.003492583000082)",Unfall 95603 (2023) Kat:3, Licht: 0,95603,3,3,5,09,08,6,0,0,1,0,0,0,0,1
"POINT (8.355638777000024 49.012745876000054)",Unfall 95604 (2023) Kat:3, Licht: 2,95604,3,3,5,09,06,6,0,2,1,1,0,0,0,0
"POINT (8.429730171000074 48.993925680000075)",Unfall 95660 (2023) Kat:3, Licht: 0,95660,3,6,8,09,08,5,0,0,0,0,0,1,0,1
"POINT (8.352151581000044 49.018804415000034)",Unfall 95663 (2023) Kat:3, Licht: 0,95663,3,3,5,09,12,5,0,0,1,1,0,0,0,0
"POINT (8.404890342000044 48.966144207000070)",Unfall 95664 (2023) Kat:3, Licht: 0,95664,3,2,5,09,17,5,0,0,0,1,0,0,0,1
"POINT (8.387807934000023 49.013566267000044)",Unfall 95665 (2023) Kat:3, Licht: 0,95665,3,2,5,09,15,5,0,0,1,1,0,0,0,0
"POINT (8.396539950000033 48.994498798000052)",Unfall 95801 (2023) Kat:3, Licht: 0,95801,3,6,2,09,12,3,0,0,1,1,0,0,0,0
"POINT (8.436479902000031 49.015369181000040)",Unfall 95964 (2023) Kat:3, Licht: 0,95964,3,6,2,10,08,5,0,0,0,1,0,1,0,0
"POINT (8.392858529000023 49.045598146000032)",Unfall 96074 (2023) Kat:2, Licht: 0,96074,2,2,2,09,16,6,0,0,0,1,0,0,0,0
"POINT (8.444688793000068 48.987352497000074)",Unfall 96207 (2023) Kat:3, Licht: 0,96207,3,7,2,09,12,4,0,0,0,1,0,1,0,0
"POINT (8.440526944000055 49.010337534000030)",Unfall 96208 (2023) Kat:3, Licht: 0,96208,3,2,5,09,10,4,0,0,1,1,0,0,0,0
"POINT (8.372806838000031 48.990336960000036)",Unfall 96274 (2023) Kat:3, Licht: 0,96274,3,3,5,09,11,3,0,0,1,1,0,0,0,0
"POINT (8.424721276000071 49.002924608000058)",Unfall 96277 (2023) Kat:3, Licht: 2,96277,3,3,5,10,01,6,0,2,1,1,0,0,0,0
"POINT (8.484932176000029 49.003720802000032)",Unfall 96279 (2023) Kat:3, Licht: 0,96279,3,6,3,09,15,3,0,0,0,1,0,1,0,0
"POINT (8.467122277000044 48.977346509000029)",Unfall 96350 (2023) Kat:2, Licht: 2,96350,2,1,8,09,00,2,0,2,1,0,0,0,0,0
"POINT (8.477189924000072 48.997644360000038)",Unfall 96354 (2023) Kat:3, Licht: 0,96354,3,2,2,09,18,2,0,0,1,1,0,0,0,0
"POINT (8.389603537000028 49.018773660000079)",Unfall 96356 (2023) Kat:2, Licht: 2,96356,2,2,5,09,20,2,1,2,1,1,0,0,0,0
"POINT (8.403495118000023 48.988498135000043)",Unfall 96418 (2023) Kat:3, Licht: 2,96418,3,6,2,12,06,3,1,2,0,1,0,0,0,1
"POINT (8.410161654000035 49.005905191000068)",Unfall 96419 (2023) Kat:3, Licht: 0,96419,3,4,5,12,14,3,1,0,0,0,1,0,0,1
"POINT (8.379527553000059 48.992265866000025)",Unfall 96422 (2023) Kat:3, Licht: 2,96422,3,6,3,12,06,3,1,2,0,1,0,0,1,0
"POINT (8.396765914000071 49.023376601000052)",Unfall 96505 (2023) Kat:3, Licht: 2,96505,3,2,5,12,17,1,0,2,0,1,0,0,0,0
"POINT (8.323452238000073 49.036825790000080)",Unfall 96573 (2023) Kat:3, Licht: 0,96573,3,6,2,12,14,6,1,0,0,1,0,0,0,0
"POINT (8.393170474000044 48.958722280000075)",Unfall 96629 (2023) Kat:3, Licht: 0,96629,3,6,3,11,15,5,0,0,0,1,0,0,1,0
"POINT (8.398002735000034 49.016098958000043)",Unfall 96668 (2023) Kat:3, Licht: 2,96668,3,3,5,12,19,6,1,2,1,1,0,0,0,0
"POINT (8.379310587000020 48.992543934000025)",Unfall 96678 (2023) Kat:3, Licht: 0,96678,3,6,3,11,12,4,1,0,0,1,0,0,1,0
"POINT (8.403553167000041 48.988195081000072)",Unfall 96712 (2023) Kat:3, Licht: 0,96712,3,3,5,11,08,3,1,0,1,1,0,0,0,0
"POINT (8.410012854000058 49.005974516000038)",Unfall 96715 (2023) Kat:3, Licht: 2,96715,3,7,0,12,04,1,2,2,1,0,0,0,0,0
"POINT (8.342541043000040 49.029318956000054)",Unfall 96746 (2023) Kat:3, Licht: 2,96746,3,3,5,11,19,2,1,2,1,1,0,0,0,0
"POINT (8.409866858000044 48.961281760000077)",Unfall 96779 (2023) Kat:3, Licht: 2,96779,3,7,8,11,05,1,1,2,0,1,0,0,0,0
"POINT (8.459110064000072 49.009086606000039)",Unfall 96782 (2023) Kat:3, Licht: 2,96782,3,6,2,11,17,1,1,2,0,1,0,0,0,0
"POINT (8.430395877000024 49.048634710000044)",Unfall 96817 (2023) Kat:3, Licht: 0,96817,3,3,5,11,15,7,1,0,1,1,0,0,0,0
"POINT (8.396483295000053 49.023370759000045)",Unfall 96866 (2023) Kat:3, Licht: 0,96866,3,6,2,11,09,6,1,0,0,1,0,0,0,0
"POINT (8.403869663000023 48.983605851000050)",Unfall 96867 (2023) Kat:3, Licht: 0,96867,3,6,2,11,13,6,1,0,1,0,0,0,0,0
"POINT (8.477260580000063 48.997879043000069)",Unfall 96924 (2023) Kat:3, Licht: 2,96924,3,6,2,11,18,5,1,2,0,1,0,0,0,0
"POINT (8.394971824000038 49.033391136000034)",Unfall 96925 (2023) Kat:3, Licht: 2,96925,3,6,2,11,17,5,0,2,0,1,0,0,0,0
"POINT (8.356849909000061 49.024142135000034)",Unfall 96926 (2023) Kat:3, Licht: 2,96926,3,6,2,11,17,5,0,2,0,1,0,0,0,0
"POINT (8.381882384000050 49.005538826000077)",Unfall 96972 (2023) Kat:3, Licht: 0,96972,3,3,5,11,09,4,0,0,0,1,0,0,0,0
"POINT (8.345348825000031 49.031218829000068)",Unfall 97025 (2023) Kat:3, Licht: 1,97025,3,6,2,11,15,3,1,1,0,1,0,0,0,0
"POINT (8.404348022000022 48.971466013000054)",Unfall 97042 (2023) Kat:3, Licht: 2,97042,3,3,5,12,22,6,1,2,1,0,0,0,0,1
"POINT (8.459509881000031 49.032642784000075)",Unfall 97065 (2023) Kat:3, Licht: 2,97065,3,4,6,11,06,2,0,2,0,1,1,0,0,0
"POINT (8.445203108000044 49.021027662000051)",Unfall 97106 (2023) Kat:3, Licht: 0,97106,3,3,2,11,10,1,1,0,1,1,0,0,0,0
"POINT (8.363483693000035 48.995023335000042)",Unfall 97134 (2023) Kat:3, Licht: 0,97134,3,3,5,11,10,7,0,0,1,1,0,0,0,0
"POINT (8.374340966000034 48.989707602000067)",Unfall 97252 (2023) Kat:3, Licht: 2,97252,3,6,2,11,16,5,1,2,0,1,0,0,0,0
"POINT (8.449008540000023 49.001752744000044)",Unfall 97292 (2023) Kat:2, Licht: 0,97292,2,6,2,11,14,4,1,0,0,1,0,0,0,0
"POINT (8.376159332000043 48.989604196000073)",Unfall 97342 (2023) Kat:3, Licht: 2,97342,3,6,2,11,17,3,0,2,0,1,0,0,0,0
"POINT (8.344736536000028 49.030612432000055)",Unfall 97344 (2023) Kat:3, Licht: 0,97344,3,3,5,11,12,3,0,0,0,1,0,1,0,0
"POINT (8.452969054000050 49.042818057000034)",Unfall 97374 (2023) Kat:3, Licht: 1,97374,3,6,2,11,17,2,1,1,0,1,0,0,0,0
"POINT (8.460854473000040 49.010644628000080)",Unfall 97434 (2023) Kat:3, Licht: 0,97434,3,6,2,12,11,2,1,0,0,1,0,0,0,1
"POINT (8.403991744000052 48.991489905000037)",Unfall 97441 (2023) Kat:3, Licht: 0,97441,3,6,2,11,11,7,0,0,0,1,0,0,0,0
"POINT (8.392226134000055 49.058057631000054)",Unfall 97474 (2023) Kat:3, Licht: 2,97474,3,3,5,11,00,6,1,2,0,1,0,0,0,0
"POINT (8.350949832000026 49.035386357000050)",Unfall 97475 (2023) Kat:3, Licht: 0,97475,3,2,5,11,08,6,1,0,0,1,0,0,0,0
"POINT (8.472910011000067 49.024539252000068)",Unfall 97476 (2023) Kat:3, Licht: 0,97476,3,6,2,11,07,6,1,0,0,1,0,0,0,0
"POINT (8.438849882000056 48.995495231000064)",Unfall 97537 (2023) Kat:3, Licht: 0,97537,3,6,3,11,13,5,1,0,0,1,0,0,0,0
"POINT (8.444133611000041 48.971647216000065)",Unfall 97538 (2023) Kat:3, Licht: 2,97538,3,6,0,11,19,5,1,2,0,1,0,0,0,1
"POINT (8.436752696000042 48.980888233000030)",Unfall 97589 (2023) Kat:3, Licht: 0,97589,3,6,2,11,15,4,0,0,0,1,0,0,0,1
"POINT (8.403640966000069 48.987552618000052)",Unfall 97593 (2023) Kat:3, Licht: 2,97593,3,6,2,11,17,4,1,2,0,1,0,0,0,0
"POINT (8.408936432000075 48.991755254000054)",Unfall 97640 (2023) Kat:3, Licht: 2,97640,3,3,5,11,20,3,1,2,0,1,0,0,1,0
"POINT (8.452874899000051 49.042967726000029)",Unfall 97642 (2023) Kat:3, Licht: 0,97642,3,2,2,11,11,3,0,0,0,1,0,0,0,0
"POINT (8.446271519000049 48.969909449000056)",Unfall 97661 (2023) Kat:3, Licht: 2,97661,3,3,5,11,17,5,1,2,0,1,0,0,0,0
"POINT (8.398006262000024 49.016081504000056)",Unfall 97685 (2023) Kat:3, Licht: 2,97685,3,3,5,11,20,2,0,2,0,1,0,0,0,1
"POINT (8.350786789000040 48.999201596000034)",Unfall 97687 (2023) Kat:3, Licht: 2,97687,3,3,5,11,19,2,1,2,1,1,0,0,0,0
"POINT (8.359595991000049 48.996193772000026)",Unfall 97752 (2023) Kat:3, Licht: 0,97752,3,6,4,11,10,7,0,0,1,0,0,0,0,0
"POINT (8.444139307000057 48.998711046000039)",Unfall 97805 (2023) Kat:3, Licht: 0,97805,3,6,2,11,12,6,0,0,0,1,0,0,0,0
"POINT (8.353633978000062 49.016471126000056)",Unfall 97848 (2023) Kat:3, Licht: 0,97848,3,3,5,11,09,5,1,0,0,1,0,0,0,1
"POINT (8.359968414000036 49.031708219000052)",Unfall 97852 (2023) Kat:3, Licht: 0,97852,3,6,2,11,07,5,1,0,0,1,0,0,0,0
"POINT (8.394486239000059 49.005267276000041)",Unfall 97930 (2023) Kat:3, Licht: 0,97930,3,2,6,10,11,3,0,0,0,1,1,0,0,0
"POINT (8.463999404000049 49.013358664000066)",Unfall 97932 (2023) Kat:3, Licht: 0,97932,3,6,3,10,09,3,0,0,0,1,0,0,1,0
"POINT (8.452713973000073 48.971613260000026)",Unfall 97985 (2023) Kat:3, Licht: 2,97985,3,6,3,10,20,2,1,2,0,1,0,0,1,0
"POINT (8.433279006000021 48.992594777000079)",Unfall 98035 (2023) Kat:3, Licht: 0,98035,3,1,9,10,12,1,1,0,0,1,0,0,0,0
"POINT (8.396762230000036 49.023424990000080)",Unfall 98048 (2023) Kat:3, Licht: 0,98048,3,3,5,12,09,6,1,0,0,1,0,0,0,1
"POINT (8.443782427000031 48.972132260000080)",Unfall 98128 (2023) Kat:3, Licht: 0,98128,3,6,2,10,14,6,1,0,0,1,0,0,0,0
"POINT (8.437000591000071 48.980868825000073)",Unfall 98129 (2023) Kat:3, Licht: 0,98129,3,6,2,10,07,6,0,0,0,1,0,0,0,0
"POINT (8.474665923000032 49.023641527000052)",Unfall 98209 (2023) Kat:3, Licht: 0,98209,3,6,2,10,08,5,1,0,0,1,0,0,0,0
"POINT (8.436754977000021 48.980860321000080)",Unfall 98297 (2023) Kat:3, Licht: 0,98297,3,7,9,10,08,4,0,0,0,1,0,0,0,0
"POINT (8.493227120000029 49.005672216000050)",Unfall 98354 (2023) Kat:3, Licht: 2,98354,3,6,2,10,07,3,1,2,0,1,0,0,0,0
"POINT (8.427282975000026 49.000112438000031)",Unfall 98355 (2023) Kat:3, Licht: 1,98355,3,2,5,10,08,3,1,1,1,1,0,0,0,0
"POINT (8.437405343000023 48.994010995000053)",Unfall 98357 (2023) Kat:3, Licht: 0,98357,3,6,2,10,11,3,1,0,0,1,0,0,0,0
"POINT (8.404865079000047 48.966338677000067)",Unfall 98434 (2023) Kat:2, Licht: 0,98434,2,7,0,10,13,2,0,0,1,0,0,0,0,0
"POINT (8.442057323000029 49.004190840000035)",Unfall 98547 (2023) Kat:3, Licht: 0,98547,3,6,2,10,12,7,0,0,0,1,0,0,0,0
"POINT (8.492549500000052 48.943971343000044)",Unfall 98548 (2023) Kat:2, Licht: 1,98548,2,3,5,10,18,7,0,1,1,1,0,0,0,0
"POINT (8.403548749000038 48.988294890000077)",Unfall 98568 (2023) Kat:2, Licht: 0,98568,2,3,5,10,15,2,1,0,1,1,0,0,0,0
"POINT (8.385067622000065 48.991290391000064)",Unfall 98591 (2023) Kat:3, Licht: 0,98591,3,6,3,11,13,5,0,0,0,1,0,0,1,0
"POINT (8.466523942000038 48.960197196000081)",Unfall 98713 (2023) Kat:3, Licht: 0,98713,3,7,6,10,14,5,1,0,0,1,1,0,0,0
"POINT (8.451052395000033 49.003075277000050)",Unfall 98715 (2023) Kat:3, Licht: 2,98715,3,6,3,10,06,5,0,2,0,1,0,0,0,1
"POINT (8.351047712000025 49.035458066000047)",Unfall 98716 (2023) Kat:3, Licht: 0,98716,3,2,5,10,13,5,1,0,1,1,0,0,0,0
"POINT (8.440733064000028 48.996858970000062)",Unfall 98717 (2023) Kat:2, Licht: 1,98717,2,6,2,10,07,5,1,1,0,1,0,0,0,1
"POINT (8.436302740000031 48.985409832000073)",Unfall 99004 (2023) Kat:3, Licht: 0,99004,3,6,2,12,08,7,0,0,0,1,0,0,0,0
"POINT (8.464017867000052 48.967511002000037)",Unfall 99031 (2023) Kat:3, Licht: 0,99031,3,6,2,12,10,6,0,0,0,1,0,0,0,1
"POINT (8.446887743000048 49.000849732000063)",Unfall 99032 (2023) Kat:3, Licht: 0,99032,3,6,2,12,10,6,0,0,0,1,0,0,0,0
"POINT (8.398176187000047 49.014975124000046)",Unfall 99068 (2023) Kat:3, Licht: 2,99068,3,7,7,12,18,5,0,2,1,0,0,0,0,0
"POINT (8.447122624000031 48.986434165000048)",Unfall 99118 (2023) Kat:3, Licht: 0,99118,3,3,5,12,11,3,0,0,0,1,0,0,1,0
"POINT (8.387452633000066 49.010600090000025)",Unfall 99259 (2023) Kat:2, Licht: 2,99259,2,1,7,12,06,5,1,2,0,0,0,0,0,1
"POINT (8.403555003000065 48.988153623000073)",Unfall 99260 (2023) Kat:3, Licht: 2,99260,3,3,5,12,16,5,1,2,1,1,0,0,0,0
"POINT (8.489321875000030 48.949013011000034)",Unfall 99306 (2023) Kat:3, Licht: 2,99306,3,6,2,12,19,4,1,2,0,1,0,0,0,0
"POINT (8.477877473000035 48.947542924000061)",Unfall 99346 (2023) Kat:3, Licht: 0,99346,3,2,5,12,13,4,0,0,1,1,0,0,0,0
"POINT (8.377782012000068 49.005688423000038)",Unfall 99583 (2023) Kat:3, Licht: 0,99583,3,1,0,12,08,5,1,0,1,0,0,0,0,0
"POINT (8.511583416000065 48.955447294000066)",Unfall 99631 (2023) Kat:3, Licht: 0,99631,3,4,6,12,13,4,1,0,0,1,1,0,0,0
"POINT (8.466853672000070 48.958313410000073)",Unfall 99634 (2023) Kat:3, Licht: 0,99634,3,6,0,12,15,4,1,0,0,1,0,1,0,0
"POINT (8.474629827000058 49.023756127000070)",Unfall 99742 (2023) Kat:3, Licht: 0,99742,3,6,2,12,10,5,1,0,0,1,0,0,0,0
"POINT (8.461404486000049 48.982582331000060)",Unfall 99751 (2023) Kat:3, Licht: 2,99751,3,7,0,12,18,2,0,2,0,0,0,1,0,0
"POINT (8.396516800000029 49.023413533000053)",Unfall 99752 (2023) Kat:3, Licht: 0,99752,3,6,2,12,10,2,1,0,0,1,0,0,0,0
"POINT (8.344782939000027 49.001084502000026)",Unfall 99754 (2023) Kat:3, Licht: 0,99754,3,6,2,12,11,2,0,0,0,1,0,0,0,0
"POINT (8.427838771000040 48.999708607000059)",Unfall 99761 (2023) Kat:3, Licht: 2,99761,3,6,3,12,23,5,1,2,0,1,0,0,0,0
"POINT (8.424796207000043 48.966919120000057)",Unfall 99793 (2023) Kat:3, Licht: 2,99793,3,6,2,12,22,1,1,2,0,1,0,0,0,0
"POINT (8.475096715000063 49.024226345000045)",Unfall 99810 (2023) Kat:3, Licht: 0,99810,3,6,2,12,14,7,0,0,0,1,0,0,0,0
"POINT (8.366534965000028 49.003847213000029)",Unfall 99936 (2023) Kat:3, Licht: 2,99936,3,6,2,12,07,5,0,2,0,1,0,0,0,0
"POINT (8.404034999000032 48.990651926000055)",Unfall 99940 (2023) Kat:3, Licht: 0,99940,3,2,5,12,11,5,0,0,1,1,0,0,0,0
"POINT (8.394895267000038 49.008382152000081)",Unfall 202139 (2023) Kat:2, Licht: 2,202139,2,7,0,02,03,7,0,2,0,0,0,0,0,1
"POINT (8.392785351000043 49.006482070000061)",Unfall 202158 (2023) Kat:3, Licht: 0,202158,3,6,4,02,15,6,0,0,1,1,0,0,0,0
"POINT (8.454916326000046 49.002082313000074)",Unfall 202159 (2023) Kat:2, Licht: 0,202159,2,4,6,02,16,6,0,0,0,0,1,0,0,1
"POINT (8.417501659000038 49.006702053000026)",Unfall 202245 (2023) Kat:3, Licht: 0,202245,3,2,0,02,07,3,0,0,0,1,0,1,0,0
"POINT (8.435841728000071 49.015620258000069)",Unfall 202280 (2023) Kat:2, Licht: 0,202280,2,3,5,02,15,1,1,0,1,0,0,0,0,1
"POINT (8.435068065000053 49.038405538000063)",Unfall 202370 (2023) Kat:3, Licht: 2,202370,3,4,2,02,06,4,1,2,0,1,1,0,0,0
"POINT (8.460305595000023 49.000409445000059)",Unfall 202396 (2023) Kat:3, Licht: 1,202396,3,5,0,01,07,3,0,1,1,1,0,0,0,0
"POINT (8.367757992000065 48.991955006000069)",Unfall 202397 (2023) Kat:3, Licht: 2,202397,3,3,5,01,19,3,0,2,0,1,0,0,0,1
"POINT (8.350104588000022 49.000119874000063)",Unfall 202413 (2023) Kat:2, Licht: 0,202413,2,3,5,02,11,7,0,0,1,0,0,1,0,0
"POINT (8.430992355000058 49.032411458000070)",Unfall 202420 (2023) Kat:3, Licht: 2,202420,3,2,5,01,18,2,1,2,1,1,0,0,0,1
"POINT (8.410404358000051 49.003257962000077)",Unfall 202441 (2023) Kat:3, Licht: 2,202441,3,6,2,01,04,1,0,2,0,1,0,0,0,0
"POINT (8.401011076000032 49.009726156000056)",Unfall 202472 (2023) Kat:3, Licht: 2,202472,3,1,0,01,21,6,0,2,0,0,0,0,0,1
"POINT (8.401520474000051 49.007553949000055)",Unfall 202473 (2023) Kat:3, Licht: 0,202473,3,3,5,01,11,6,0,0,0,1,0,0,0,1
"POINT (8.379905750000034 49.007857370000067)",Unfall 202474 (2023) Kat:3, Licht: 0,202474,3,6,3,01,08,6,0,0,1,0,0,0,0,0
"POINT (8.423772008000071 49.025060042000064)",Unfall 202475 (2023) Kat:3, Licht: 0,202475,3,6,2,01,10,6,0,0,0,1,0,0,0,0
"POINT (8.458786527000029 48.997189617000060)",Unfall 202476 (2023) Kat:3, Licht: 2,202476,3,3,5,01,17,6,0,2,1,1,0,0,0,0
"POINT (8.377112251000028 49.005892877000065)",Unfall 202497 (2023) Kat:3, Licht: 2,202497,3,1,0,01,20,5,0,2,1,0,0,0,0,0
"POINT (8.389992233000044 49.009515568000040)",Unfall 202529 (2023) Kat:3, Licht: 2,202529,3,4,6,01,17,4,0,2,1,0,1,0,0,0
"POINT (8.497187481000026 49.005299318000027)",Unfall 202530 (2023) Kat:3, Licht: 2,202530,3,6,4,01,17,4,0,2,0,1,0,0,0,0
"POINT (8.452999758000033 48.996149902000070)",Unfall 202549 (2023) Kat:2, Licht: 0,202549,2,7,0,01,17,3,0,0,1,0,0,0,0,0
"POINT (8.416821332000040 49.008930894000059)",Unfall 202550 (2023) Kat:3, Licht: 0,202550,3,3,5,01,13,3,0,0,1,0,0,0,0,0
"POINT (8.390667756000028 48.999736139000049)",Unfall 202598 (2023) Kat:3, Licht: 0,202598,3,3,5,01,12,7,0,0,1,1,0,0,0,0
"POINT (8.394005103000040 49.011744415000067)",Unfall 202613 (2023) Kat:3, Licht: 1,202613,3,6,0,01,17,6,0,1,0,1,0,1,0,0
"POINT (8.357922008000060 49.027103969000052)",Unfall 202614 (2023) Kat:3, Licht: 2,202614,3,6,4,01,22,6,1,2,1,1,0,0,0,0