WKT,Name,OBJECTID,UKATEGORIE,UTYP1,UART,UMONAT,USTUNDE,UWOCHENTAG,STRZUSTAND,ULICHTVERH,ISTRAD,ISTPKW,ISTFUSS,ISTKRAD,ISTGKFZ,ISTSONSTIG
"POINT (8.406573149000053 49.007340483000064)",Unfall 205757 (2023) Kat:3, Licht: 0,205757,3,6,4,05,08,3,1,0,1,0,0,0,0,0
"POINT (8.415458396000076 49.020394446000068)",Unfall 205758 (2023) Kat:3, Licht: 2,205758,3,7,0,05,22,3,1,2,1,0,0,0,0,0
"POINT (8.395847040000035 49.006732161000059)",Unfall 205798 (2023) Kat:3, Licht: 2,205798,3,1,0,05,23,2,0,2,1,0,0,0,0,0
"POINT (8.334197392000021 49.006365575000075)",Unfall 205824 (2023) Kat:2, Licht: 0,205824,2,7,0,05,10,1,0,0,1,0,0,0,0,0
"POINT (8.405104245000075 48.966133745000036)",Unfall 205826 (2023) Kat:3, Licht: 0,205826,3,3,5,05,16,1,0,0,0,1,0,0,0,1
"POINT (8.405720975000065 49.000759515000027)",Unfall 205827 (2023) Kat:3, Licht: 0,205827,3,3,5,05,14,1,0,0,1,1,0,0,0,0
"POINT (8.372593279000057 48.996713560000046)",Unfall 205828 (2023) Kat:2, Licht: 0,205828,2,3,5,05,12,1,0,0,0,1,0,0,0,0
"POINT (8.355068640000070 49.009485553000047)",Unfall 205876 (2023) Kat:2, Licht: 0,205876,2,7,0,05,16,7,0,0,1,0,0,0,0,0
"POINT (8.414113785000040 49.004286902000047)",Unfall 205935 (2023) Kat:2, Licht: 0,205935,2,4,6,05,17,6,0,0,0,1,1,0,0,0
"POINT (8.394238900000062 49.008126933000028)",Unfall 205936 (2023) Kat:3, Licht: 0,205936,3,6,6,05,17,2,0,0,1,0,1,0,0,0
"POINT (8.423551412000052 49.009634226000060)",Unfall 205937 (2023) Kat:3, Licht: 0,205937,3,3,5,05,08,6,0,0,1,1,0,0,0,0
"POINT (8.449377907000041 49.025345899000058)",Unfall 206001 (2023) Kat:3, Licht: 0,206001,3,3,5,05,09,5,0,0,1,1,0,0,0,0
"POINT (8.404019569000070 49.010168188000080)",Unfall 206002 (2023) Kat:3, Licht: 0,206002,3,6,4,05,19,5,0,0,1,0,0,0,0,0
"POINT (8.438183787000071 49.041075551000063)",Unfall 206003 (2023) Kat:2, Licht: 0,206003,2,4,6,05,10,5,0,0,0,1,1,0,0,0
"POINT (8.408269991000054 49.011042782000061)",Unfall 206004 (2023) Kat:3, Licht: 0,206004,3,2,5,05,09,5,0,0,1,0,0,0,0,1
"POINT (8.373316470000077 49.008405445000051)",Unfall 206005 (2023) Kat:3, Licht: 0,206005,3,5,1,05,10,5,0,0,0,1,0,0,0,0
"POINT (8.369607821000045 49.016355175000058)",Unfall 206057 (2023) Kat:3, Licht: 0,206057,3,7,0,05,18,4,0,0,1,0,0,0,0,0
"POINT (8.485371503000067 49.002469255000051)",Unfall 206058 (2023) Kat:3, Licht: 0,206058,3,6,4,05,19,4,0,0,0,1,0,0,0,0
"POINT (8.379274126000041 49.007885253000040)",Unfall 206059 (2023) Kat:3, Licht: 0,206059,3,3,5,05,18,4,0,0,1,1,0,0,0,0
"POINT (8.496308200000044 49.005352577000053)",Unfall 206117 (2023) Kat:3, Licht: 0,206117,3,6,3,05,13,3,0,0,1,1,0,0,0,0
"POINT (8.445881437000025 49.010565303000078)",Unfall 206182 (2023) Kat:3, Licht: 2,206182,3,5,9,04,00,1,0,2,0,1,0,0,0,0
"POINT (8.393582737000031 49.007720462000066)",Unfall 206186 (2023) Kat:3, Licht: 0,206186,3,6,3,05,13,4,0,0,1,0,0,0,0,0
"POINT (8.360920248000070 49.011292571000070)",Unfall 206210 (2023) Kat:3, Licht: 0,206210,3,2,2,04,20,7,0,0,1,1,0,0,0,0
"POINT (8.434722965000049 49.009682914000052)",Unfall 206246 (2023) Kat:2, Licht: 2,206246,2,1,0,04,21,6,0,2,0,0,0,0,0,1
"POINT (8.423448415000053 49.009577317000037)",Unfall 206247 (2023) Kat:3, Licht: 0,206247,3,2,2,04,10,6,1,0,1,1,0,0,0,0
"POINT (8.498092487000065 49.004344956000068)",Unfall 206287 (2023) Kat:3, Licht: 0,206287,3,3,5,06,08,5,0,0,1,1,0,0,0,0
"POINT (8.439335873000061 49.018344012000057)",Unfall 206288 (2023) Kat:3, Licht: 0,206288,3,3,5,06,07,5,0,0,0,1,0,0,0,0
"POINT (8.395200561000024 49.011433987000032)",Unfall 206350 (2023) Kat:3, Licht: 0,206350,3,6,3,06,18,4,0,0,0,1,0,1,0,0
"POINT (8.371950618000028 49.019958605000056)",Unfall 206351 (2023) Kat:3, Licht: 0,206351,3,5,3,06,13,4,0,0,1,1,0,0,0,0
"POINT (8.383920506000038 49.015377160000071)",Unfall 206411 (2023) Kat:3, Licht: 0,206411,3,3,5,06,16,3,0,0,1,1,0,0,0,0
"POINT (8.455741215000046 48.987394768000058)",Unfall 206412 (2023) Kat:3, Licht: 2,206412,3,6,6,06,22,3,0,2,1,0,1,0,0,0
"POINT (8.424086096000053 49.002885352000078)",Unfall 206465 (2023) Kat:3, Licht: 0,206465,3,3,5,06,13,2,0,0,1,1,0,0,0,0
"POINT (8.455467183000053 49.027954599000054)",Unfall 206466 (2023) Kat:3, Licht: 0,206466,3,3,5,06,19,2,0,0,1,1,0,0,0,0
"POINT (8.404058326000040 49.010721785000044)",Unfall 206467 (2023) Kat:3, Licht: 0,206467,3,3,0,06,12,2,0,0,0,1,0,1,0,0
"POINT (8.369236975000035 49.013694265000026)",Unfall 206469 (2023) Kat:3, Licht: 0,206469,3,2,6,06,12,2,0,0,0,0,1,0,0,1
"POINT (8.391279412000074 49.005315068000073)",Unfall 206470 (2023) Kat:3, Licht: 0,206470,3,3,5,06,14,2,0,0,1,1,0,0,0,0
"POINT (8.357306799000071 49.002844442000026)",Unfall 206597 (2023) Kat:3, Licht: 0,206597,3,2,5,06,15,6,0,0,1,1,0,0,0,0
"POINT (8.417410451000023 49.008225160000052)",Unfall 206632 (2023) Kat:2, Licht: 2,206632,2,5,1,06,00,5,0,2,1,1,0,0,0,0
"POINT (8.336320028000046 49.004396356000029)",Unfall 206668 (2023) Kat:3, Licht: 0,206668,3,5,1,06,19,4,0,0,0,1,0,1,0,0
"POINT (8.391052174000038 49.010186697000051)",Unfall 206718 (2023) Kat:3, Licht: 0,206718,3,5,1,06,18,3,0,0,1,1,0,0,0,0
"POINT (8.386818552000022 49.030983901000070)",Unfall 206719 (2023) Kat:3, Licht: 0,206719,3,2,5,06,12,3,0,0,1,1,0,0,0,0
"POINT (8.392712169000049 49.014568083000029)",Unfall 206754 (2023) Kat:3, Licht: 0,206754,3,3,5,06,18,5,0,0,1,1,0,0,0,0
"POINT (8.463238426000032 49.001265229000069)",Unfall 206760 (2023) Kat:3, Licht: 0,206760,3,3,5,06,17,2,0,0,1,1,0,0,0,0
"POINT (8.373185506000027 49.035298122000029)",Unfall 206764 (2023) Kat:2, Licht: 0,206764,2,3,5,06,11,2,0,0,0,1,0,1,0,0
"POINT (8.381523552000033 48.998902859000054)",Unfall 206765 (2023) Kat:3, Licht: 0,206765,3,2,5,06,07,2,0,0,0,1,0,1,0,0
"POINT (8.433726229000058 49.005941107000069)",Unfall 206808 (2023) Kat:2, Licht: 0,206808,2,4,6,06,19,1,0,0,1,0,1,0,0,0
"POINT (8.410254020000025 49.004435673000046)",Unfall 206847 (2023) Kat:3, Licht: 0,206847,3,2,5,06,16,7,0,0,1,1,0,0,0,0
"POINT (8.459270537000066 48.997079455000062)",Unfall 206848 (2023) Kat:3, Licht: 2,206848,3,7,9,06,21,7,0,2,0,1,0,0,0,0
"POINT (8.404159871000047 49.006964439000058)",Unfall 206849 (2023) Kat:3, Licht: 0,206849,3,7,6,06,11,7,0,0,1,0,1,0,1,0
"POINT (8.467806540000026 48.999410040000043)",Unfall 206895 (2023) Kat:3, Licht: 2,206895,3,7,6,06,22,6,0,2,0,1,1,1,0,0
"POINT (8.457283385000039 48.989725772000043)",Unfall 206938 (2023) Kat:3, Licht: 0,206938,3,3,5,06,15,5,0,0,1,0,0,0,0,0
"POINT (8.398451675000047 49.005603067000038)",Unfall 206943 (2023) Kat:3, Licht: 0,206943,3,2,5,06,07,3,0,0,1,1,0,0,0,0
"POINT (8.367224093000061 48.991417686000034)",Unfall 206948 (2023) Kat:3, Licht: 0,206948,3,6,2,06,14,3,0,0,0,1,0,0,0,0
"POINT (8.395644190000041 48.989079958000048)",Unfall 206998 (2023) Kat:3, Licht: 0,206998,3,7,0,05,17,4,0,0,1,0,0,0,0,0
"POINT (8.463402233000068 49.000543144000062)",Unfall 206999 (2023) Kat:3, Licht: 0,206999,3,7,6,05,09,4,0,0,1,0,1,0,0,0
"POINT (8.401483542000051 49.007566301000054)",Unfall 207069 (2023) Kat:2, Licht: 2,207069,2,6,3,06,02,1,0,2,0,0,0,0,0,1
"POINT (8.404082999000025 49.010809885000072)",Unfall 207125 (2023) Kat:3, Licht: 2,207125,3,3,5,05,01,1,0,2,0,1,0,0,0,0
"POINT (8.408999789000063 49.001485365000065)",Unfall 207126 (2023) Kat:2, Licht: 0,207126,2,7,0,05,14,1,0,0,1,0,0,0,0,0
"POINT (8.428084791000060 49.013195337000070)",Unfall 207171 (2023) Kat:3, Licht: 0,207171,3,5,0,05,15,7,0,0,1,1,0,0,0,0
"POINT (8.416551606000041 49.015376709000066)",Unfall 207236 (2023) Kat:3, Licht: 0,207236,3,7,0,05,12,6,0,0,1,0,0,0,0,0
"POINT (8.344408183000041 49.001204420000079)",Unfall 207293 (2023) Kat:3, Licht: 0,207293,3,7,0,05,12,5,0,0,1,0,0,0,0,0
"POINT (8.408428577000052 48.996465643000079)",Unfall 207294 (2023) Kat:3, Licht: 0,207294,3,7,5,05,10,5,0,0,1,1,0,0,0,0
"POINT (8.464932624000028 48.980362039000056)",Unfall 207296 (2023) Kat:2, Licht: 0,207296,2,2,3,05,08,5,0,0,1,1,0,0,0,0
"POINT (8.449282328000038 49.025413250000042)",Unfall 207327 (2023) Kat:3, Licht: 0,207327,3,6,2,07,13,5,0,0,0,1,0,0,0,0
"POINT (8.465610369000046 48.999816508000038)",Unfall 207377 (2023) Kat:3, Licht: 0,207377,3,7,0,07,19,4,0,0,1,0,0,0,0,0
"POINT (8.341864355000041 49.011766804000047)",Unfall 207379 (2023) Kat:3, Licht: 0,207379,3,2,5,07,07,4,1,0,0,1,0,1,0,0
"POINT (8.384628360000022 49.014749902000062)",Unfall 207380 (2023) Kat:3, Licht: 0,207380,3,2,5,07,09,4,0,0,1,1,0,0,0,0
"POINT (8.397645744000044 49.001511179000033)",Unfall 207422 (2023) Kat:3, Licht: 0,207422,3,1,0,07,19,3,1,0,0,0,0,1,0,0
"POINT (8.381283638000070 49.010573840000063)",Unfall 207423 (2023) Kat:3, Licht: 0,207423,3,5,1,07,09,3,0,0,1,1,0,0,0,0
"POINT (8.343616472000065 49.036034921000066)",Unfall 207479 (2023) Kat:3, Licht: 0,207479,3,2,5,07,07,2,0,0,1,1,0,0,0,0
"POINT (8.388775571000053 48.991923154000062)",Unfall 207480 (2023) Kat:3, Licht: 0,207480,3,6,1,07,18,2,0,0,1,1,0,0,0,0
"POINT (8.369209684000054 49.014035127000056)",Unfall 207481 (2023) Kat:3, Licht: 0,207481,3,3,5,07,07,2,0,0,1,1,0,0,0,0
"POINT (8.416836549000038 49.008928644000036)",Unfall 207520 (2023) Kat:3, Licht: 0,207520,3,6,2,07,16,1,0,0,0,1,0,0,0,0
"POINT (8.378427486000021 48.988433476000068)",Unfall 207522 (2023) Kat:2, Licht: 0,207522,2,3,5,07,16,1,0,0,0,1,0,0,0,0
"POINT (8.389253689000043 48.998601845000053)",Unfall 207523 (2023) Kat:3, Licht: 0,207523,3,7,1,07,10,1,0,0,1,1,0,0,0,0
"POINT (8.423486020000041 49.009865265000030)",Unfall 207556 (2023) Kat:2, Licht: 2,207556,2,7,0,07,03,7,0,2,0,0,0,0,0,1
"POINT (8.430991159000030 49.034669534000045)",Unfall 207598 (2023) Kat:3, Licht: 0,207598,3,3,5,06,08,6,0,0,1,1,0,0,0,0
"POINT (8.337399542000071 49.034762404000048)",Unfall 207599 (2023) Kat:3, Licht: 0,207599,3,2,5,06,14,6,1,0,0,1,0,1,0,0
"POINT (8.383217722000040 49.004417711000031)",Unfall 207600 (2023) Kat:3, Licht: 0,207600,3,6,0,06,07,6,0,0,1,0,0,0,0,1
"POINT (8.390949990000024 49.010191069000030)",Unfall 207656 (2023) Kat:3, Licht: 0,207656,3,1,0,06,13,5,0,0,1,0,0,0,0,0
"POINT (8.426022379000074 49.012401399000055)",Unfall 207657 (2023) Kat:3, Licht: 0,207657,3,1,0,06,08,5,0,0,1,0,0,0,0,0
"POINT (8.405662176000021 48.978276995000044)",Unfall 207658 (2023) Kat:3, Licht: 0,207658,3,5,1,06,20,5,0,0,1,1,0,0,0,0
"POINT (8.413338812000063 49.009128016000034)",Unfall 207659 (2023) Kat:2, Licht: 0,207659,2,6,4,06,18,5,0,0,1,0,0,0,0,0
"POINT (8.381659323000065 49.009032491000028)",Unfall 207717 (2023) Kat:3, Licht: 0,207717,3,5,1,06,15,4,0,0,0,1,0,1,0,0
"POINT (8.379195206000077 49.010992507000026)",Unfall 207718 (2023) Kat:3, Licht: 0,207718,3,3,5,06,17,4,0,0,1,0,0,0,0,1
"POINT (8.358535049000068 49.031703416000028)",Unfall 207719 (2023) Kat:3, Licht: 0,207719,3,3,5,06,12,4,0,0,1,1,0,0,0,0
"POINT (8.447068889000036 48.996221499000058)",Unfall 207720 (2023) Kat:3, Licht: 0,207720,3,2,2,06,15,4,0,0,0,1,0,0,0,0
"POINT (8.423933931000022 49.011601900000073)",Unfall 207721 (2023) Kat:3, Licht: 0,207721,3,5,1,06,19,4,0,0,1,0,0,0,0,1
"POINT (8.353234246000056 49.001638464000052)",Unfall 207722 (2023) Kat:3, Licht: 0,207722,3,2,2,06,10,4,0,0,0,1,0,0,0,0
"POINT (8.415381610000054 49.020353291000049)",Unfall 207723 (2023) Kat:3, Licht: 0,207723,3,2,2,06,08,4,0,0,0,1,0,1,0,0
"POINT (8.374235587000044 49.015215123000075)",Unfall 207724 (2023) Kat:3, Licht: 0,207724,3,7,0,06,19,4,0,0,1,0,0,0,0,0
"POINT (8.384938795000039 49.007728343000053)",Unfall 207725 (2023) Kat:2, Licht: 0,207725,2,2,5,06,17,4,0,0,1,1,0,0,0,0
"POINT (8.433908049000024 49.007612917000074)",Unfall 207778 (2023) Kat:3, Licht: 0,207778,3,1,0,06,19,3,0,0,1,0,0,0,0,0
"POINT (8.415825559000041 49.005469590000075)",Unfall 207779 (2023) Kat:3, Licht: 0,207779,3,3,5,06,16,3,0,0,0,1,0,0,0,0
"POINT (8.411097483000049 49.022781592000058)",Unfall 207780 (2023) Kat:3, Licht: 0,207780,3,3,5,06,06,3,0,0,1,1,0,0,0,0
"POINT (8.409872025000027 49.009837711000046)",Unfall 207781 (2023) Kat:3, Licht: 0,207781,3,7,4,06,20,3,0,0,0,1,0,0,0,0
"POINT (8.451702258000068 49.025461635000056)",Unfall 207833 (2023) Kat:3, Licht: 0,207833,3,3,6,06,08,2,0,0,1,0,1,0,0,0
"POINT (8.432337298000050 49.020421150000061)",Unfall 207834 (2023) Kat:3, Licht: 1,207834,3,3,5,06,20,2,0,1,1,0,0,0,0,0
"POINT (8.405873109000026 48.992662024000026)",Unfall 207873 (2023) Kat:3, Licht: 0,207873,3,7,0,06,21,1,0,0,0,0,0,0,0,1
"POINT (8.490755178000029 49.007891822000033)",Unfall 207874 (2023) Kat:2, Licht: 0,207874,2,7,0,06,12,1,0,0,1,0,0,0,0,0
"POINT (8.397714076000057 49.001596372000051)",Unfall 207877 (2023) Kat:3, Licht: 0,207877,3,3,5,06,10,1,0,0,1,0,0,0,0,0
"POINT (8.410144026000069 49.009629435000079)",Unfall 207879 (2023) Kat:3, Licht: 2,207879,3,7,0,06,23,5,0,2,1,0,0,0,0,0
"POINT (8.450284536000026 49.024501120000082)",Unfall 207923 (2023) Kat:3, Licht: 0,207923,3,3,5,06,16,7,0,0,1,0,0,0,0,0
"POINT (8.343950990000053 48.995366058000059)",Unfall 207926 (2023) Kat:2, Licht: 2,207926,2,7,0,06,22,7,0,2,1,0,0,0,0,0
"POINT (8.387097336000068 49.029995222000082)",Unfall 207977 (2023) Kat:3, Licht: 0,207977,3,3,5,06,14,6,0,0,1,1,0,0,0,0
"POINT (8.408678465000037 49.008722148000061)",Unfall 207978 (2023) Kat:3, Licht: 2,207978,3,6,6,06,03,6,0,2,0,1,1,0,0,0
"POINT (8.443130963000044 49.005537624000056)",Unfall 207979 (2023) Kat:3, Licht: 0,207979,3,6,2,06,07,6,0,0,0,1,0,0,0,0
"POINT (8.381851203000053 49.005605957000057)",Unfall 208026 (2023) Kat:3, Licht: 0,208026,3,7,0,06,14,5,0,0,1,0,0,0,0,0
"POINT (8.396165735000068 49.009205001000055)",Unfall 208027 (2023) Kat:3, Licht: 2,208027,3,1,0,06,23,5,1,2,1,0,0,0,0,0
"POINT (8.388246472000048 48.981791243000032)",Unfall 208028 (2023) Kat:2, Licht: 0,208028,2,7,2,06,17,5,0,0,1,1,0,0,0,0
"POINT (8.362510875000055 49.012489797000057)",Unfall 208029 (2023) Kat:3, Licht: 0,208029,3,3,5,06,05,5,0,0,0,1,0,0,0,0
"POINT (8.416058894000059 49.011484826000071)",Unfall 208030 (2023) Kat:3, Licht: 0,208030,3,7,0,06,13,5,0,0,0,0,0,1,0,0
"POINT (8.356366285000036 49.011092198000028)",Unfall 208031 (2023) Kat:3, Licht: 0,208031,3,5,1,06,07,5,0,0,1,1,0,0,0,0
"POINT (8.409164444000055 48.999051268000073)",Unfall 208032 (2023) Kat:3, Licht: 0,208032,3,5,1,06,12,5,0,0,0,1,0,0,0,0
"POINT (8.375342767000063 49.008275552000043)",Unfall 208098 (2023) Kat:3, Licht: 2,208098,3,1,0,06,23,4,0,2,1,0,0,0,0,0
"POINT (8.384938500000032 49.007725190000031)",Unfall 208099 (2023) Kat:3, Licht: 0,208099,3,2,5,06,17,4,0,0,1,1,0,0,0,0
"POINT (8.392707514000051 49.014489328000082)",Unfall 208101 (2023) Kat:3, Licht: 0,208101,3,3,5,06,18,4,0,0,1,1,0,0,0,0
"POINT (8.434496494000030 49.010381916000028)",Unfall 208102 (2023) Kat:3, Licht: 0,208102,3,3,5,06,13,4,0,0,0,1,0,1,0,0
"POINT (8.392602101000023 49.052070237000066)",Unfall 208103 (2023) Kat:3, Licht: 0,208103,3,3,5,06,17,4,0,0,1,0,0,0,0,0
"POINT (8.408282744000076 49.011085632000061)",Unfall 208104 (2023) Kat:3, Licht: 0,208104,3,2,5,06,15,4,0,0,1,0,0,1,0,0
"POINT (8.430622008000057 49.034429437000028)",Unfall 208138 (2023) Kat:3, Licht: 0,208138,3,7,0,06,18,3,0,0,1,0,0,0,0,0
"POINT (8.362428054000077 48.985691606000046)",Unfall 208139 (2023) Kat:3, Licht: 0,208139,3,3,5,06,16,3,0,0,1,1,0,0,0,0
"POINT (8.395908192000036 49.009965247000082)",Unfall 208140 (2023) Kat:3, Licht: 0,208140,3,1,0,06,05,3,1,0,1,0,0,0,0,0
"POINT (8.386428223000053 49.000524984000037)",Unfall 208141 (2023) Kat:3, Licht: 0,208141,3,7,1,06,08,3,0,0,1,1,0,0,0,0
"POINT (8.395103347000031 49.011980302000040)",Unfall 208142 (2023) Kat:3, Licht: 0,208142,3,3,5,06,15,3,0,0,0,1,0,1,0,0
"POINT (8.402489851000041 49.017799748000073)",Unfall 208193 (2023) Kat:3, Licht: 0,208193,3,1,0,06,20,2,0,0,1,0,0,0,0,0
"POINT (8.439808267000046 49.018742970000062)",Unfall 208194 (2023) Kat:3, Licht: 0,208194,3,5,1,06,18,2,0,0,1,1,0,0,0,0
"POINT (8.406916396000042 49.005701431000034)",Unfall 208195 (2023) Kat:3, Licht: 0,208195,3,6,2,06,11,2,0,0,0,1,0,0,0,1
"POINT (8.430621666000036 49.028931878000037)",Unfall 208223 (2023) Kat:3, Licht: 0,208223,3,2,5,06,07,4,1,0,0,1,0,0,0,1
"POINT (8.460545704000026 49.042735757000059)",Unfall 208228 (2023) Kat:3, Licht: 2,208228,3,7,0,06,22,3,0,2,1,0,0,0,0,0
"POINT (8.417248976000053 48.981704251000053)",Unfall 208237 (2023) Kat:3, Licht: 0,208237,3,7,7,06,07,1,0,0,1,0,0,0,0,1
"POINT (8.392822847000048 49.001440234000029)",Unfall 208238 (2023) Kat:3, Licht: 0,208238,3,4,6,06,14,1,0,0,1,0,1,0,0,0
"POINT (8.473199309000051 48.999119680000035)",Unfall 208239 (2023) Kat:3, Licht: 2,208239,3,7,0,06,02,1,0,2,1,0,0,0,0,0
"POINT (8.370549998000058 49.020825433000027)",Unfall 208274 (2023) Kat:3, Licht: 0,208274,3,7,1,06,15,7,1,0,0,1,0,0,0,0
"POINT (8.410200181000050 49.008524218000048)",Unfall 208275 (2023) Kat:3, Licht: 0,208275,3,6,2,06,19,7,0,0,0,1,0,1,0,0
"POINT (8.414841966000040 49.010906142000067)",Unfall 208329 (2023) Kat:2, Licht: 0,208329,2,2,5,06,09,6,0,0,1,0,0,0,0,0
"POINT (8.401376981000055 49.003942997000081)",Unfall 208336 (2023) Kat:3, Licht: 0,208336,3,1,0,07,18,2,0,0,1,0,0,0,0,0
"POINT (8.387113527000054 49.029993575000049)",Unfall 208347 (2023) Kat:2, Licht: 0,208347,2,3,5,07,17,5,0,0,1,1,0,0,0,0
"POINT (8.359235543000068 49.022783850000053)",Unfall 208386 (2023) Kat:3, Licht: 0,208386,3,7,0,07,18,4,0,0,1,0,0,0,0,0
"POINT (8.476939811000022 49.003538072000026)",Unfall 208387 (2023) Kat:3, Licht: 0,208387,3,5,1,07,18,4,0,0,1,1,0,0,0,0
"POINT (8.412455421000061 49.006078024000033)",Unfall 208388 (2023) Kat:3, Licht: 0,208388,3,2,5,07,09,4,0,0,1,1,0,0,0,0
"POINT (8.372101353000062 49.020107086000053)",Unfall 208389 (2023) Kat:3, Licht: 0,208389,3,2,5,07,07,4,0,0,1,1,0,0,0,0
"POINT (8.393961388000037 48.992690620000076)",Unfall 208426 (2023) Kat:3, Licht: 0,208426,3,1,0,07,18,3,1,0,1,0,0,0,0,0
"POINT (8.424313325000071 49.003657628000042)",Unfall 208427 (2023) Kat:3, Licht: 0,208427,3,3,5,07,12,3,1,0,1,1,0,0,0,0
"POINT (8.349791423000056 48.999856054000077)",Unfall 208428 (2023) Kat:3, Licht: 0,208428,3,7,0,07,18,3,1,0,0,0,0,1,0,0
"POINT (8.391200610000055 49.007000176000076)",Unfall 208462 (2023) Kat:3, Licht: 0,208462,3,5,1,07,19,2,0,0,1,1,0,0,0,0
"POINT (8.407894796000051 49.004260620000082)",Unfall 208463 (2023) Kat:3, Licht: 0,208463,3,3,5,07,09,2,1,0,1,1,0,0,0,0
"POINT (8.366447952000044 49.008678262000046)",Unfall 208464 (2023) Kat:3, Licht: 0,208464,3,7,1,07,13,2,0,0,1,1,0,0,0,0
"POINT (8.380724502000021 48.998028485000077)",Unfall 208488 (2023) Kat:3, Licht: 0,208488,3,2,0,07,12,1,0,0,0,1,0,1,0,1
"POINT (8.382986890000041 49.010491029000036)",Unfall 208521 (2023) Kat:3, Licht: 0,208521,3,7,0,07,18,7,0,0,0,0,0,0,0,1
"POINT (8.469878742000049 49.001689566000039)",Unfall 208522 (2023) Kat:3, Licht: 0,208522,3,2,6,07,09,7,0,0,0,1,1,0,0,0
"POINT (8.440450648000024 49.018104741000059)",Unfall 208523 (2023) Kat:3, Licht: 0,208523,3,7,0,07,17,7,0,0,0,0,0,0,0,1
"POINT (8.421190096000032 49.008128467000063)",Unfall 208582 (2023) Kat:3, Licht: 0,208582,3,3,5,07,18,6,0,0,1,1,0,0,0,0
"POINT (8.359650609000028 49.002490360000081)",Unfall 208583 (2023) Kat:3, Licht: 0,208583,3,2,5,07,10,6,0,0,1,1,0,0,0,0
"POINT (8.388770468000075 48.994896044000029)",Unfall 208633 (2023) Kat:3, Licht: 0,208633,3,6,6,07,10,5,0,0,1,0,1,0,0,0
"POINT (8.387893604000055 49.010221805000072)",Unfall 208634 (2023) Kat:3, Licht: 2,208634,3,7,0,07,22,5,0,2,1,0,0,0,0,0
"POINT (8.457579256000031 49.018337909000081)",Unfall 208635 (2023) Kat:2, Licht: 0,208635,2,1,0,07,09,5,1,0,0,0,0,1,0,0
"POINT (8.371259867000049 49.007202197000026)",Unfall 208683 (2023) Kat:3, Licht: 0,208683,3,3,5,07,19,4,0,0,1,1,0,0,0,0
"POINT (8.444032780000043 49.033863721000046)",Unfall 208684 (2023) Kat:3, Licht: 0,208684,3,3,5,07,08,4,0,0,0,1,0,0,0,1
"POINT (8.369020651000028 49.017114072000027)",Unfall 208685 (2023) Kat:3, Licht: 0,208685,3,2,5,07,08,4,0,0,1,1,0,0,0,0
"POINT (8.408153053000035 49.006645892000051)",Unfall 208733 (2023) Kat:3, Licht: 0,208733,3,5,1,07,18,3,0,0,1,1,0,0,0,0
"POINT (8.391142981000030 49.004614144000072)",Unfall 208734 (2023) Kat:3, Licht: 0,208734,3,3,5,07,17,3,0,0,1,1,0,0,0,0
"POINT (8.393394292000039 48.961593339000046)",Unfall 208735 (2023) Kat:3, Licht: 0,208735,3,3,5,07,07,3,0,0,1,1,0,0,0,0
"POINT (8.417868295000062 49.016854782000053)",Unfall 208736 (2023) Kat:3, Licht: 0,208736,3,5,1,07,09,3,0,0,0,1,0,1,0,0
"POINT (8.403176568000049 49.003227557000059)",Unfall 208790 (2023) Kat:3, Licht: 0,208790,3,7,0,07,15,5,0,0,1,0,0,0,0,0
"POINT (8.387297187000058 49.001117866000072)",Unfall 208792 (2023) Kat:3, Licht: 0,208792,3,3,5,07,08,2,0,0,1,1,0,0,0,0
"POINT (8.397903850000034 48.984361690000071)",Unfall 208793 (2023) Kat:3, Licht: 0,208793,3,3,5,07,17,2,0,0,1,1,0,0,0,0
"POINT (8.395604423000066 48.994690926000033)",Unfall 208794 (2023) Kat:3, Licht: 0,208794,3,3,5,07,16,2,0,0,0,1,0,1,0,0
"POINT (8.374645218000069 49.010549051000055)",Unfall 208797 (2023) Kat:2, Licht: 2,208797,2,7,0,07,21,2,0,2,1,0,0,0,0,0
"POINT (8.399022729000023 49.010869683000067)",Unfall 208798 (2023) Kat:3, Licht: 0,208798,3,1,0,07,21,2,0,0,1,0,0,0,0,0
"POINT (8.459072515000059 49.001435426000057)",Unfall 208836 (2023) Kat:2, Licht: 0,208836,2,3,5,07,20,1,0,0,1,0,0,0,0,1
"POINT (8.429180093000070 49.014527870000052)",Unfall 208837 (2023) Kat:3, Licht: 0,208837,3,5,1,07,11,1,0,0,1,1,0,0,0,0
"POINT (8.386030452000057 48.995111077000047)",Unfall 208875 (2023) Kat:3, Licht: 0,208875,3,7,8,07,19,7,0,0,1,0,0,0,0,0
"POINT (8.374923176000038 48.991591807000077)",Unfall 208876 (2023) Kat:2, Licht: 0,208876,2,2,2,07,12,7,0,0,1,1,0,0,0,0
"POINT (8.468673640000077 48.999308167000038)",Unfall 208877 (2023) Kat:3, Licht: 0,208877,3,7,0,07,11,7,0,0,1,0,0,0,0,0
"POINT (8.371133012000030 48.994545979000065)",Unfall 208878 (2023) Kat:3, Licht: 1,208878,3,7,0,07,21,7,0,1,1,0,0,0,0,0
"POINT (8.413707021000050 49.007110647000047)",Unfall 208885 (2023) Kat:3, Licht: 0,208885,3,6,2,07,11,7,0,0,0,1,0,0,0,0