WKT,Name,OBJECTID,UKATEGORIE,UTYP1,UART,UMONAT,USTUNDE,UWOCHENTAG,STRZUSTAND,ULICHTVERH,ISTRAD,ISTPKW,ISTFUSS,ISTKRAD,ISTGKFZ,ISTSONSTIG
"POINT (8.464497768000058 48.998791827000048)",Unfall 208938 (2023) Kat:3, Licht: 0,208938,3,7,5,07,18,6,0,0,1,1,0,0,0,0
"POINT (8.400117191000049 49.011358812000026)",Unfall 208939 (2023) Kat:3, Licht: 0,208939,3,6,1,07,13,6,0,0,0,1,0,0,0,0
"POINT (8.401621861000024 48.984683398000072)",Unfall 209012 (2023) Kat:3, Licht: 0,209012,3,2,5,07,17,5,0,0,1,0,0,0,0,0
"POINT (8.410160979000068 49.006140639000080)",Unfall 209013 (2023) Kat:3, Licht: 0,209013,3,2,2,07,12,5,0,0,0,1,0,0,0,1
"POINT (8.391154033000021 49.004591604000041)",Unfall 209015 (2023) Kat:3, Licht: 0,209015,3,3,5,07,18,5,0,0,1,1,0,0,0,0
"POINT (8.396782049000024 48.999499239000045)",Unfall 209016 (2023) Kat:3, Licht: 0,209016,3,7,2,07,13,5,0,0,0,0,0,1,0,1
"POINT (8.448812346000068 48.992648258000031)",Unfall 209070 (2023) Kat:3, Licht: 0,209070,3,3,5,07,09,4,0,0,1,1,0,0,0,0
"POINT (8.362700930000074 48.999990632000049)",Unfall 209071 (2023) Kat:2, Licht: 0,209071,2,3,5,07,18,4,0,0,1,1,0,0,0,0
"POINT (8.399015024000050 49.008338679000076)",Unfall 209072 (2023) Kat:3, Licht: 0,209072,3,7,0,07,17,4,0,0,0,0,0,0,0,1
"POINT (8.468842771000027 48.970152212000073)",Unfall 209118 (2023) Kat:3, Licht: 0,209118,3,6,0,07,07,3,0,0,1,0,0,0,0,1
"POINT (8.365123390000065 49.011409251000032)",Unfall 209120 (2023) Kat:2, Licht: 0,209120,2,3,5,07,11,3,0,0,1,0,0,0,0,1
"POINT (8.389193821000049 49.035948795000081)",Unfall 209122 (2023) Kat:3, Licht: 0,209122,3,3,0,07,07,3,0,0,1,1,0,0,0,0
"POINT (8.372417693000045 49.017142373000070)",Unfall 209124 (2023) Kat:3, Licht: 0,209124,3,6,0,07,15,3,0,0,0,1,1,0,0,0
"POINT (8.405048284000031 48.974878554000043)",Unfall 209175 (2023) Kat:3, Licht: 0,209175,3,6,0,07,09,2,0,0,1,0,0,0,0,0
"POINT (8.415663271000028 48.998871525000027)",Unfall 209176 (2023) Kat:3, Licht: 0,209176,3,5,0,07,08,2,0,0,0,0,0,0,1,1
"POINT (8.424315927000066 49.003784930000052)",Unfall 209228 (2023) Kat:2, Licht: 2,209228,2,1,0,07,01,1,0,2,0,0,0,0,0,1
"POINT (8.442520363000028 49.040111504000038)",Unfall 209229 (2023) Kat:3, Licht: 0,209229,3,5,1,07,14,1,0,0,0,1,0,0,0,0
"POINT (8.395604990000038 49.009978655000054)",Unfall 209271 (2023) Kat:3, Licht: 0,209271,3,1,0,07,14,7,0,0,1,0,0,0,0,0
"POINT (8.322006346000023 49.005130176000080)",Unfall 209272 (2023) Kat:3, Licht: 0,209272,3,6,2,07,14,7,0,0,0,1,0,0,0,1
"POINT (8.372326794000060 49.013793025000041)",Unfall 209273 (2023) Kat:3, Licht: 0,209273,3,6,2,07,14,2,0,0,0,0,0,1,0,1
"POINT (8.375247959000035 49.049544142000059)",Unfall 209274 (2023) Kat:3, Licht: 0,209274,3,3,5,07,19,7,0,0,0,1,0,0,0,0
"POINT (8.457892654000034 49.000992940000060)",Unfall 209321 (2023) Kat:3, Licht: 0,209321,3,6,6,07,13,6,0,0,1,0,1,0,0,0
"POINT (8.431881905000068 49.008107406000079)",Unfall 209394 (2023) Kat:3, Licht: 0,209394,3,3,5,08,13,5,0,0,1,0,0,0,0,1
"POINT (8.387588715000049 49.010551242000076)",Unfall 209433 (2023) Kat:3, Licht: 0,209433,3,7,0,08,08,4,0,0,1,0,0,0,0,0
"POINT (8.387584470000036 49.055109688000073)",Unfall 209456 (2023) Kat:3, Licht: 0,209456,3,3,5,08,06,3,0,0,1,1,0,0,0,0
"POINT (8.401108240000042 49.009721980000052)",Unfall 209469 (2023) Kat:3, Licht: 0,209469,3,6,6,08,13,2,0,0,1,0,1,0,0,0
"POINT (8.418021261000035 49.009201529000052)",Unfall 209483 (2023) Kat:2, Licht: 0,209483,2,4,0,08,15,1,0,0,0,0,1,0,0,1
"POINT (8.369324737000056 48.982351406000078)",Unfall 209500 (2023) Kat:3, Licht: 2,209500,3,2,6,08,01,7,1,2,0,1,1,0,0,0
"POINT (8.423175774000072 49.007730862000074)",Unfall 209501 (2023) Kat:2, Licht: 2,209501,2,4,6,08,23,7,0,2,0,0,1,0,0,1
"POINT (8.448762607000049 48.992295940000076)",Unfall 209519 (2023) Kat:3, Licht: 0,209519,3,7,0,08,15,6,0,0,1,0,0,0,0,0
"POINT (8.430582148000042 48.997346086000050)",Unfall 209560 (2023) Kat:3, Licht: 0,209560,3,6,2,08,16,5,0,0,0,1,0,1,0,0
"POINT (8.463879566000060 49.000442460000045)",Unfall 209561 (2023) Kat:2, Licht: 0,209561,2,3,5,08,15,5,1,0,1,1,0,0,0,0
"POINT (8.394767109000043 49.005946471000073)",Unfall 209594 (2023) Kat:3, Licht: 0,209594,3,2,5,08,09,4,0,0,1,0,0,1,0,0
"POINT (8.331839939000076 49.037692195000034)",Unfall 209628 (2023) Kat:3, Licht: 0,209628,3,3,5,08,12,3,0,0,1,0,0,0,0,0
"POINT (8.385846796000067 49.014742202000036)",Unfall 209629 (2023) Kat:2, Licht: 0,209629,2,2,5,08,08,3,0,0,1,1,0,0,0,0
"POINT (8.311996960000045 49.017268659000081)",Unfall 209651 (2023) Kat:2, Licht: 0,209651,2,6,0,08,05,2,0,0,1,0,0,0,0,0
"POINT (8.389333718000046 49.005672326000081)",Unfall 209678 (2023) Kat:3, Licht: 2,209678,3,5,1,08,21,1,0,2,0,1,0,0,0,0
"POINT (8.359605927000075 49.011419200000034)",Unfall 209708 (2023) Kat:3, Licht: 0,209708,3,5,1,08,10,7,0,0,1,1,0,0,0,0
"POINT (8.361512102000063 48.996784158000025)",Unfall 209709 (2023) Kat:2, Licht: 0,209709,2,7,9,08,09,7,0,0,1,0,0,0,0,0
"POINT (8.373953712000059 49.009752114000037)",Unfall 209736 (2023) Kat:3, Licht: 2,209736,3,5,1,08,23,6,0,2,1,1,0,0,0,0
"POINT (8.374345748000053 49.008275795000031)",Unfall 209737 (2023) Kat:3, Licht: 0,209737,3,5,1,08,17,6,0,0,0,1,0,0,0,1
"POINT (8.393798755000034 49.010063669000033)",Unfall 209762 (2023) Kat:3, Licht: 0,209762,3,4,6,08,18,5,0,0,1,0,1,0,0,0
"POINT (8.463717348000046 48.991614777000052)",Unfall 209763 (2023) Kat:3, Licht: 0,209763,3,6,4,08,11,5,0,0,1,0,0,0,0,1
"POINT (8.443987670000070 48.996757000000059)",Unfall 209835 (2023) Kat:3, Licht: 2,209835,3,5,1,08,03,2,0,2,1,0,0,0,0,1
"POINT (8.391204544000061 49.005188430000032)",Unfall 209869 (2023) Kat:3, Licht: 0,209869,3,7,0,08,08,2,0,0,1,0,0,0,0,0
"POINT (8.465777527000057 48.999774142000035)",Unfall 209870 (2023) Kat:3, Licht: 0,209870,3,2,5,08,11,2,0,0,1,1,0,0,0,0
"POINT (8.407286670000076 49.005567618000043)",Unfall 209962 (2023) Kat:3, Licht: 0,209962,3,2,5,08,17,6,0,0,1,1,0,0,0,0
"POINT (8.370960321000041 48.990108224000039)",Unfall 209963 (2023) Kat:2, Licht: 0,209963,2,2,5,08,10,6,0,0,0,1,0,1,0,0
"POINT (8.395555836000028 49.014333671000031)",Unfall 209964 (2023) Kat:3, Licht: 0,209964,3,7,0,08,11,6,0,0,1,0,0,0,0,0
"POINT (8.335775809000040 49.004642167000043)",Unfall 210026 (2023) Kat:3, Licht: 0,210026,3,5,1,08,18,5,0,0,1,1,0,0,0,0
"POINT (8.390246221000041 48.994807497000068)",Unfall 210027 (2023) Kat:3, Licht: 0,210027,3,2,5,08,17,5,0,0,1,1,0,0,0,0
"POINT (8.396687980000024 49.011338535000050)",Unfall 210028 (2023) Kat:3, Licht: 0,210028,3,3,5,08,12,5,0,0,1,1,0,0,0,0
"POINT (8.435523284000055 48.996627303000025)",Unfall 210029 (2023) Kat:3, Licht: 0,210029,3,6,2,08,08,5,0,0,0,1,0,0,0,1
"POINT (8.413228462000063 48.999872766000067)",Unfall 210064 (2023) Kat:3, Licht: 0,210064,3,3,5,08,18,4,1,0,1,1,0,0,0,0
"POINT (8.346989599000040 48.997642908000046)",Unfall 210065 (2023) Kat:3, Licht: 0,210065,3,6,2,08,17,4,0,0,0,1,0,0,0,0
"POINT (8.471715324000058 49.032498673000077)",Unfall 210088 (2023) Kat:3, Licht: 0,210088,3,7,0,08,14,3,0,0,0,0,0,1,0,0
"POINT (8.397991815000069 49.008550753000065)",Unfall 210090 (2023) Kat:3, Licht: 0,210090,3,6,6,08,14,3,0,0,0,1,1,0,0,0
"POINT (8.383389330000057 48.998803339000062)",Unfall 210091 (2023) Kat:2, Licht: 0,210091,2,6,4,08,13,3,0,0,0,1,0,1,0,0
"POINT (8.429614925000067 49.004220102000033)",Unfall 210158 (2023) Kat:3, Licht: 0,210158,3,3,5,08,19,7,0,0,1,1,0,0,0,0
"POINT (8.393578769000044 49.010848094000039)",Unfall 210159 (2023) Kat:3, Licht: 0,210159,3,3,5,08,16,7,0,0,1,1,0,0,0,0
"POINT (8.395501023000065 49.016832437000062)",Unfall 210160 (2023) Kat:3, Licht: 0,210160,3,5,1,08,10,7,0,0,1,1,0,0,0,0
"POINT (8.469439510000029 49.003732612000078)",Unfall 210192 (2023) Kat:3, Licht: 0,210192,3,3,5,08,12,6,1,0,1,1,0,0,0,0
"POINT (8.430391580000048 49.006573152000044)",Unfall 210193 (2023) Kat:3, Licht: 1,210193,3,2,5,08,20,6,1,1,1,1,0,0,0,0
"POINT (8.390959062000036 49.018338323000080)",Unfall 210194 (2023) Kat:3, Licht: 0,210194,3,3,5,08,12,6,0,0,0,1,0,0,0,1
"POINT (8.395314770000027 49.002373926000075)",Unfall 210195 (2023) Kat:3, Licht: 0,210195,3,2,5,08,12,6,1,0,1,1,0,0,0,0
"POINT (8.399925431000042 49.005351706000056)",Unfall 210233 (2023) Kat:3, Licht: 0,210233,3,6,2,08,16,5,0,0,0,1,0,0,0,0
"POINT (8.390346336000050 49.047021818000076)",Unfall 210235 (2023) Kat:3, Licht: 0,210235,3,3,5,08,07,5,0,0,1,1,0,0,0,0
"POINT (8.410958886000060 48.978648540000052)",Unfall 210270 (2023) Kat:3, Licht: 0,210270,3,2,2,08,10,4,1,0,1,0,0,0,0,0
"POINT (8.414389115000063 49.000912845000073)",Unfall 210271 (2023) Kat:3, Licht: 2,210271,3,7,0,08,02,4,0,2,1,0,0,0,0,0
"POINT (8.347620799000026 49.015160941000033)",Unfall 210272 (2023) Kat:3, Licht: 0,210272,3,3,5,08,10,4,1,0,1,1,0,0,0,0
"POINT (8.391374561000021 49.001959360000058)",Unfall 210296 (2023) Kat:3, Licht: 0,210296,3,5,1,08,11,3,1,0,1,1,0,0,0,0
"POINT (8.449059528000021 49.025561514000060)",Unfall 210297 (2023) Kat:3, Licht: 0,210297,3,3,5,08,08,3,1,0,1,1,0,0,0,0
"POINT (8.395230188000028 49.009995228000037)",Unfall 210358 (2023) Kat:3, Licht: 0,210358,3,1,0,07,19,1,0,0,1,0,0,0,0,0
"POINT (8.430936356000075 49.019787629000064)",Unfall 210397 (2023) Kat:3, Licht: 0,210397,3,7,0,07,19,7,0,0,1,0,1,0,0,0
"POINT (8.388482881000073 49.010033906000046)",Unfall 210399 (2023) Kat:3, Licht: 2,210399,3,7,0,07,21,7,0,2,1,0,0,1,0,0
"POINT (8.398247967000032 49.004026712000041)",Unfall 210427 (2023) Kat:3, Licht: 0,210427,3,6,6,07,10,6,0,0,1,0,1,0,0,0
"POINT (8.441886811000074 49.013696497000069)",Unfall 210428 (2023) Kat:3, Licht: 0,210428,3,6,0,07,17,6,0,0,1,1,0,0,0,0
"POINT (8.419690399000046 49.007127457000081)",Unfall 210429 (2023) Kat:3, Licht: 0,210429,3,3,5,07,14,6,1,0,0,1,0,1,0,0
"POINT (8.374842791000049 49.011121800000069)",Unfall 210430 (2023) Kat:3, Licht: 0,210430,3,2,6,07,10,6,0,0,1,0,1,0,0,0
"POINT (8.350331881000045 49.000307215000078)",Unfall 210512 (2023) Kat:3, Licht: 2,210512,3,2,0,09,20,6,1,2,0,1,0,1,0,0
"POINT (8.440155762000074 49.006557511000040)",Unfall 210513 (2023) Kat:2, Licht: 2,210513,2,1,0,09,19,6,1,2,1,0,0,0,0,0
"POINT (8.345970304000048 49.009832303000053)",Unfall 210514 (2023) Kat:3, Licht: 0,210514,3,2,5,09,09,6,1,0,0,1,0,0,0,0
"POINT (8.413190925000038 49.009091733000048)",Unfall 210515 (2023) Kat:3, Licht: 1,210515,3,3,5,09,18,6,1,1,1,0,0,0,0,1
"POINT (8.473972767000021 48.985875380000039)",Unfall 210566 (2023) Kat:3, Licht: 0,210566,3,1,0,09,08,5,1,0,1,0,0,0,0,1
"POINT (8.373931972000037 49.015225157000032)",Unfall 210567 (2023) Kat:3, Licht: 0,210567,3,6,4,09,17,5,0,0,1,0,0,0,0,1
"POINT (8.351575981000053 49.011875157000077)",Unfall 210568 (2023) Kat:2, Licht: 2,210568,2,6,4,09,05,5,1,2,0,1,0,1,1,0
"POINT (8.329427424000073 49.037025267000047)",Unfall 210569 (2023) Kat:3, Licht: 0,210569,3,3,5,09,14,5,0,0,0,1,0,0,0,0
"POINT (8.389660030000073 49.008685561000050)",Unfall 210615 (2023) Kat:3, Licht: 0,210615,3,3,5,09,08,4,0,0,1,0,0,0,0,1
"POINT (8.384023634000073 49.012731123000037)",Unfall 210616 (2023) Kat:3, Licht: 0,210616,3,5,0,09,08,4,0,0,1,1,0,0,0,0
"POINT (8.421020476000024 49.011721171000033)",Unfall 210684 (2023) Kat:3, Licht: 0,210684,3,5,1,09,16,2,0,0,1,1,0,0,0,0
"POINT (8.371740057000068 49.007293564000065)",Unfall 210685 (2023) Kat:3, Licht: 0,210685,3,3,5,09,17,2,0,0,1,1,0,0,0,0
"POINT (8.389006906000077 48.982047779000027)",Unfall 210774 (2023) Kat:3, Licht: 0,210774,3,7,0,09,08,7,0,0,1,1,0,0,0,0
"POINT (8.367631652000057 49.030672346000074)",Unfall 210775 (2023) Kat:3, Licht: 0,210775,3,6,2,09,12,7,0,0,0,1,0,0,0,1
"POINT (8.408617476000074 49.009136134000073)",Unfall 210820 (2023) Kat:3, Licht: 0,210820,3,7,6,09,14,6,0,0,1,0,1,0,0,0
"POINT (8.441712890000076 49.013890442000047)",Unfall 210821 (2023) Kat:3, Licht: 0,210821,3,3,5,09,11,6,0,0,1,1,0,0,0,0
"POINT (8.366779641000051 49.018149561000030)",Unfall 210823 (2023) Kat:3, Licht: 0,210823,3,2,2,09,11,6,0,0,0,1,0,0,0,1
"POINT (8.454733427000065 49.001627030000066)",Unfall 210824 (2023) Kat:3, Licht: 0,210824,3,3,5,09,08,6,0,0,1,1,0,0,0,0
"POINT (8.436568811000029 49.019041387000073)",Unfall 210869 (2023) Kat:3, Licht: 0,210869,3,6,2,09,13,5,0,0,0,1,0,0,0,0
"POINT (8.330033665000030 49.008334455000067)",Unfall 210907 (2023) Kat:2, Licht: 2,210907,2,1,0,09,22,4,0,2,1,0,0,0,0,0
"POINT (8.406989328000066 49.023947147000058)",Unfall 210953 (2023) Kat:3, Licht: 0,210953,3,6,4,09,18,3,0,0,1,0,0,0,0,0
"POINT (8.452873948000047 48.973888338000052)",Unfall 210954 (2023) Kat:3, Licht: 0,210954,3,7,0,09,14,3,0,0,1,0,0,0,0,0
"POINT (8.410454101000028 49.001860078000050)",Unfall 210955 (2023) Kat:2, Licht: 0,210955,2,5,0,09,13,3,0,0,1,0,0,0,0,0
"POINT (8.338521847000038 49.010564442000032)",Unfall 210956 (2023) Kat:2, Licht: 0,210956,2,3,5,09,16,3,0,0,1,1,0,0,0,0
"POINT (8.381302625000046 49.002405084000031)",Unfall 210994 (2023) Kat:3, Licht: 0,210994,3,3,5,09,16,2,0,0,1,1,0,0,0,0
"POINT (8.367457429000069 49.017647901000032)",Unfall 210995 (2023) Kat:3, Licht: 0,210995,3,6,2,09,12,2,0,0,0,1,0,0,0,0
"POINT (8.356021516000055 49.036183047000065)",Unfall 211103 (2023) Kat:3, Licht: 0,211103,3,1,1,09,10,7,0,0,0,1,0,0,0,0
"POINT (8.391979778000064 48.994153782000069)",Unfall 211105 (2023) Kat:3, Licht: 0,211105,3,7,0,09,08,7,0,0,0,1,0,0,0,0
"POINT (8.424315710000030 49.003831387000048)",Unfall 211106 (2023) Kat:3, Licht: 0,211106,3,2,5,09,12,7,0,0,1,1,0,0,0,0
"POINT (8.410428712000055 49.002445619000071)",Unfall 211107 (2023) Kat:3, Licht: 0,211107,3,2,5,09,19,7,0,0,1,1,0,0,0,0
"POINT (8.478100771000072 49.004908826000076)",Unfall 211206 (2023) Kat:3, Licht: 0,211206,3,2,5,09,10,5,0,0,1,1,0,0,0,0
"POINT (8.394793072000027 49.006802800000060)",Unfall 211207 (2023) Kat:3, Licht: 1,211207,3,5,1,09,19,5,0,1,1,1,0,0,0,0
"POINT (8.420831225000029 49.004974366000056)",Unfall 211210 (2023) Kat:3, Licht: 0,211210,3,3,0,09,09,5,0,0,1,1,0,0,0,0
"POINT (8.356654423000066 49.013842866000061)",Unfall 211233 (2023) Kat:3, Licht: 0,211233,3,7,7,09,17,5,0,0,1,0,0,0,0,0
"POINT (8.458785551000062 48.997186917000079)",Unfall 211265 (2023) Kat:2, Licht: 0,211265,2,3,5,09,08,4,0,0,1,1,0,0,0,0
"POINT (8.390168338000024 48.994912112000065)",Unfall 211266 (2023) Kat:3, Licht: 0,211266,3,3,5,09,07,4,0,0,0,1,0,0,0,1
"POINT (8.450676382000040 48.995487499000035)",Unfall 211267 (2023) Kat:3, Licht: 0,211267,3,3,5,09,15,4,0,0,0,1,0,0,0,0
"POINT (8.381726015000027 49.004535375000046)",Unfall 211321 (2023) Kat:3, Licht: 0,211321,3,2,5,09,12,3,0,0,0,1,0,1,0,0
"POINT (8.403299179000044 48.984864176000031)",Unfall 211360 (2023) Kat:3, Licht: 0,211360,3,6,2,09,10,2,0,0,1,1,0,0,0,0
"POINT (8.475116441000068 48.999321945000077)",Unfall 211361 (2023) Kat:2, Licht: 0,211361,2,7,0,09,10,2,0,0,1,0,0,0,0,0
"POINT (8.365291261000039 49.011379766000061)",Unfall 211371 (2023) Kat:3, Licht: 0,211371,3,7,0,09,13,3,0,0,0,1,0,0,0,1
"POINT (8.395337131000076 49.003382177000049)",Unfall 211437 (2023) Kat:3, Licht: 2,211437,3,6,3,09,21,7,0,2,1,0,0,0,0,0
"POINT (8.397048412000061 49.009914816000048)",Unfall 211456 (2023) Kat:3, Licht: 2,211456,3,7,6,09,01,6,1,2,1,0,1,0,0,0
"POINT (8.414558785000054 49.020840407000037)",Unfall 211457 (2023) Kat:3, Licht: 0,211457,3,7,0,09,12,6,0,0,0,0,0,1,0,0
"POINT (8.407677539000076 49.007627878000051)",Unfall 211504 (2023) Kat:2, Licht: 2,211504,2,4,6,10,19,1,0,2,0,1,1,0,0,0
"POINT (8.460546899000065 49.042748247000077)",Unfall 211562 (2023) Kat:2, Licht: 0,211562,2,7,0,10,16,6,0,0,1,0,0,0,0,0
"POINT (8.390423094000028 48.997225222000054)",Unfall 211563 (2023) Kat:3, Licht: 0,211563,3,1,0,10,16,6,0,0,1,0,0,0,0,0
"POINT (8.498218160000022 49.006432753000070)",Unfall 211564 (2023) Kat:3, Licht: 1,211564,3,7,0,10,16,6,0,1,1,0,0,0,0,0
"POINT (8.357209340000054 49.029128245000038)",Unfall 211565 (2023) Kat:2, Licht: 0,211565,2,7,5,10,12,6,0,0,1,0,0,0,0,1
"POINT (8.442908519000071 49.028091150000080)",Unfall 211619 (2023) Kat:3, Licht: 0,211619,3,7,0,10,08,5,0,0,1,0,0,0,0,0
"POINT (8.405102273000068 49.003900782000073)",Unfall 211621 (2023) Kat:3, Licht: 0,211621,3,3,5,10,16,5,0,0,1,0,0,0,0,0
"POINT (8.375008465000064 49.015067798000075)",Unfall 211726 (2023) Kat:3, Licht: 2,211726,3,2,5,10,21,3,0,2,1,1,0,0,0,0
"POINT (8.396037149000051 49.011118043000067)",Unfall 211728 (2023) Kat:3, Licht: 0,211728,3,6,6,10,16,3,0,0,1,0,1,0,0,0
"POINT (8.417221233000021 49.008927393000079)",Unfall 211774 (2023) Kat:3, Licht: 0,211774,3,6,2,10,13,2,0,0,0,1,0,0,0,0
"POINT (8.362046670000041 49.011298404000058)",Unfall 211776 (2023) Kat:3, Licht: 0,211776,3,5,5,10,15,2,0,0,1,1,0,0,0,0
"POINT (8.457545705000030 49.018549593000046)",Unfall 211807 (2023) Kat:2, Licht: 0,211807,2,3,5,10,18,1,0,0,0,1,0,0,0,0
"POINT (8.411377996000056 49.008693204000053)",Unfall 211845 (2023) Kat:3, Licht: 2,211845,3,5,1,10,22,7,0,2,1,1,0,0,0,0
"POINT (8.447755332000042 49.003976719000036)",Unfall 211897 (2023) Kat:3, Licht: 0,211897,3,3,5,10,09,6,0,0,1,1,0,0,0,0
"POINT (8.385289989000057 48.991609374000063)",Unfall 211936 (2023) Kat:3, Licht: 0,211936,3,4,6,10,17,5,0,0,1,0,1,0,0,0
"POINT (8.389804613000024 49.044785405000027)",Unfall 211937 (2023) Kat:3, Licht: 0,211937,3,3,5,10,09,5,0,0,1,1,0,0,0,0
"POINT (8.427474821000033 49.008931681000035)",Unfall 211938 (2023) Kat:3, Licht: 0,211938,3,3,5,10,17,5,0,0,1,1,0,0,0,0
"POINT (8.394462458000021 49.030032598000048)",Unfall 211980 (2023) Kat:3, Licht: 0,211980,3,2,2,10,13,4,0,0,0,1,0,0,0,1
"POINT (8.357972586000074 49.010043735000067)",Unfall 212061 (2023) Kat:2, Licht: 0,212061,2,2,5,10,15,2,0,0,1,1,0,0,0,0
"POINT (8.370276826000065 49.030542761000049)",Unfall 212062 (2023) Kat:3, Licht: 0,212062,3,2,5,10,06,2,0,0,0,1,0,0,0,0
"POINT (8.348395367000023 48.991986183000051)",Unfall 212111 (2023) Kat:3, Licht: 0,212111,3,3,5,10,15,1,0,0,0,1,0,0,0,0
"POINT (8.403384219000031 48.999263131000077)",Unfall 212150 (2023) Kat:3, Licht: 1,212150,3,7,5,09,19,7,0,1,0,1,0,0,0,1
"POINT (8.340515070000038 49.003750690000061)",Unfall 212151 (2023) Kat:3, Licht: 0,212151,3,5,1,09,18,7,0,0,1,1,0,0,0,0
"POINT (8.395481446000076 49.007612204000054)",Unfall 212152 (2023) Kat:2, Licht: 0,212152,2,3,5,09,15,7,0,0,1,1,0,0,0,0
"POINT (8.362510703000055 48.987390308000045)",Unfall 212211 (2023) Kat:2, Licht: 0,212211,2,2,5,09,12,6,0,0,0,1,0,0,0,0
"POINT (8.397954887000026 49.014235670000062)",Unfall 212261 (2023) Kat:3, Licht: 0,212261,3,6,3,09,16,5,0,0,1,0,0,0,0,0
"POINT (8.447744020000073 49.003978610000047)",Unfall 212262 (2023) Kat:3, Licht: 0,212262,3,4,6,09,09,5,0,0,0,1,1,0,0,0
"POINT (8.383385067000063 49.004172459000074)",Unfall 212264 (2023) Kat:2, Licht: 0,212264,2,2,2,09,07,5,0,0,1,0,0,1,0,0
"POINT (8.336398499000040 49.007701544000042)",Unfall 212265 (2023) Kat:2, Licht: 2,212265,2,7,0,09,23,5,0,2,0,0,0,1,0,0
"POINT (8.339419961000033 48.997318720000067)",Unfall 212333 (2023) Kat:2, Licht: 0,212333,2,2,5,09,12,4,0,0,1,0,0,0,0,1
"POINT (8.437907839000047 48.996892767000077)",Unfall 212334 (2023) Kat:3, Licht: 0,212334,3,7,1,09,13,4,0,0,0,1,0,0,0,0
"POINT (8.507167022000033 49.007089130000054)",Unfall 212368 (2023) Kat:3, Licht: 0,212368,3,7,0,10,08,5,0,0,1,0,0,0,0,0
"POINT (8.330828818000043 48.992520683000066)",Unfall 212405 (2023) Kat:3, Licht: 0,212405,3,1,0,09,16,3,0,0,1,0,0,0,0,0
"POINT (8.417868486000032 49.010831591000056)",Unfall 212467 (2023) Kat:3, Licht: 0,212467,3,2,5,09,12,2,0,0,1,0,0,0,0,1
"POINT (8.398655673000064 48.984397449000028)",Unfall 212500 (2023) Kat:3, Licht: 0,212500,3,3,5,09,17,1,0,0,1,1,0,0,0,0
"POINT (8.368424685000036 49.017223114000046)",Unfall 212501 (2023) Kat:3, Licht: 0,212501,3,4,0,09,18,1,0,0,1,0,1,0,0,0
"POINT (8.400584218000063 49.007846781000069)",Unfall 212535 (2023) Kat:2, Licht: 0,212535,2,4,6,09,16,7,0,0,1,0,1,0,0,0
"POINT (8.379753503000074 49.010439888000064)",Unfall 212536 (2023) Kat:3, Licht: 0,212536,3,7,0,09,17,7,0,0,0,0,0,0,0,1
"POINT (8.362545845000056 49.011333308000076)",Unfall 212537 (2023) Kat:3, Licht: 0,212537,3,6,2,09,16,7,0,0,0,1,0,0,0,0
"POINT (8.394458384000075 49.030057159000080)",Unfall 212538 (2023) Kat:3, Licht: 0,212538,3,3,5,09,07,7,0,0,1,1,0,0,0,0
"POINT (8.401481609000029 49.003937805000078)",Unfall 212543 (2023) Kat:3, Licht: 2,212543,3,1,0,11,17,5,1,2,1,0,0,0,0,0
"POINT (8.424075029000051 49.002857020000079)",Unfall 212545 (2023) Kat:3, Licht: 2,212545,3,3,5,11,17,5,1,2,1,1,0,0,0,0
"POINT (8.385084684000049 49.017397769000070)",Unfall 212582 (2023) Kat:3, Licht: 2,212582,3,3,5,11,06,4,1,2,0,1,0,0,0,1
"POINT (8.347946157000024 48.998397849000071)",Unfall 212610 (2023) Kat:3, Licht: 2,212610,3,3,5,11,18,3,1,2,0,1,0,1,0,0
"POINT (8.364949684000067 49.030932984000060)",Unfall 212612 (2023) Kat:2, Licht: 2,212612,2,7,1,11,19,3,1,2,1,1,0,0,0,0
"POINT (8.401661533000038 49.007509373000062)",Unfall 212613 (2023) Kat:2, Licht: 0,212613,2,4,6,11,11,3,0,0,1,0,1,0,0,0
"POINT (8.421750381000038 49.006165879000037)",Unfall 212624 (2023) Kat:3, Licht: 2,212624,3,3,5,11,22,3,1,2,0,1,0,0,0,0
"POINT (8.315434900000071 49.053262282000048)",Unfall 212653 (2023) Kat:3, Licht: 0,212653,3,6,2,11,07,2,1,0,0,1,0,0,0,1
"POINT (8.384207190000041 48.998763328000052)",Unfall 212654 (2023) Kat:3, Licht: 0,212654,3,6,2,11,09,2,1,0,1,1,0,0,0,0
"POINT (8.391286674000071 49.002250137000033)",Unfall 212655 (2023) Kat:3, Licht: 2,212655,3,5,0,11,17,2,1,2,0,1,0,0,0,1
"POINT (8.391279046000022 49.005639458000076)",Unfall 212656 (2023) Kat:3, Licht: 0,212656,3,7,6,11,09,2,1,0,1,0,1,0,0,0
"POINT (8.457703690000073 49.018553691000079)",Unfall 212701 (2023) Kat:2, Licht: 2,212701,2,6,2,11,18,7,0,2,0,1,0,0,0,0
"POINT (8.439853652000068 48.984818339000071)",Unfall 212736 (2023) Kat:3, Licht: 0,212736,3,3,5,11,15,6,1,0,1,1,0,0,0,0