WKT,Name,OBJECTID,UKATEGORIE,UTYP1,UART,UMONAT,USTUNDE,UWOCHENTAG,STRZUSTAND,ULICHTVERH,ISTRAD,ISTPKW,ISTFUSS,ISTKRAD,ISTGKFZ,ISTSONSTIG
"POINT (8.457777842000041 48.977419883000039)",Unfall 212737 (2023) Kat:2, Licht: 0,212737,2,3,0,11,14,6,0,0,1,1,0,0,0,0
"POINT (8.406681209000055 48.966269662000059)",Unfall 212774 (2023) Kat:3, Licht: 0,212774,3,7,0,11,12,5,1,0,1,0,0,0,0,0
"POINT (8.403128023000022 49.001441996000040)",Unfall 212801 (2023) Kat:3, Licht: 0,212801,3,7,5,11,08,4,0,0,1,1,0,0,0,0
"POINT (8.469589783000060 48.996305132000032)",Unfall 212802 (2023) Kat:3, Licht: 0,212802,3,5,1,11,10,4,1,0,1,1,0,0,0,0
"POINT (8.472378164000077 49.003465922000032)",Unfall 212803 (2023) Kat:2, Licht: 0,212803,2,3,5,11,13,4,0,0,1,1,0,0,0,0
"POINT (8.385632012000030 48.992485367000029)",Unfall 212804 (2023) Kat:3, Licht: 2,212804,3,2,5,11,17,4,0,2,1,1,0,0,0,0
"POINT (8.373270887000047 48.982470228000068)",Unfall 212839 (2023) Kat:3, Licht: 0,212839,3,2,5,11,08,3,1,0,1,1,0,0,0,0
"POINT (8.387040761000037 49.029949928000065)",Unfall 212840 (2023) Kat:3, Licht: 0,212840,3,2,3,11,15,3,1,0,1,1,0,0,0,0
"POINT (8.350002137000047 48.998240423000027)",Unfall 212841 (2023) Kat:2, Licht: 2,212841,2,2,6,11,18,3,1,2,0,1,1,0,0,0
"POINT (8.385849783000026 49.014742080000076)",Unfall 212876 (2023) Kat:3, Licht: 2,212876,3,3,5,11,19,2,1,2,1,1,0,0,0,0
"POINT (8.463924580000025 49.018721924000033)",Unfall 212953 (2023) Kat:3, Licht: 1,212953,3,1,0,11,07,6,0,1,1,0,0,0,0,0
"POINT (8.424208966000037 49.025312055000029)",Unfall 212954 (2023) Kat:2, Licht: 2,212954,2,7,9,11,04,6,1,2,0,1,0,0,0,0
"POINT (8.438851958000043 49.006784206000077)",Unfall 212955 (2023) Kat:3, Licht: 0,212955,3,3,5,11,16,6,0,0,0,1,0,0,0,0
"POINT (8.461911204000046 48.997657764000053)",Unfall 212978 (2023) Kat:3, Licht: 2,212978,3,1,0,11,06,3,1,2,0,0,0,0,0,1
"POINT (8.458464631000027 49.021420831000057)",Unfall 212985 (2023) Kat:3, Licht: 2,212985,3,6,2,11,19,5,1,2,0,1,0,0,0,0
"POINT (8.385506857000053 48.992105841000068)",Unfall 212988 (2023) Kat:3, Licht: 2,212988,3,7,0,11,17,5,0,2,1,0,0,0,0,0
"POINT (8.498605660000067 49.002165588000025)",Unfall 212989 (2023) Kat:1, Licht: 0,212989,1,7,6,11,13,5,1,0,0,1,1,0,0,0
"POINT (8.408311453000067 49.011065188000032)",Unfall 213037 (2023) Kat:3, Licht: 1,213037,3,2,5,10,17,3,1,1,1,1,0,0,0,0
"POINT (8.438841490000073 49.006805927000073)",Unfall 213038 (2023) Kat:3, Licht: 2,213038,3,3,5,10,17,3,1,2,1,1,0,0,0,0
"POINT (8.423111652000046 49.011285126000075)",Unfall 213039 (2023) Kat:3, Licht: 0,213039,3,4,6,10,07,3,1,0,0,0,1,0,0,1
"POINT (8.381602893000036 49.007903658000032)",Unfall 213069 (2023) Kat:3, Licht: 2,213069,3,3,4,10,17,2,1,2,1,0,0,0,0,1
"POINT (8.463648000000035 48.996189522000066)",Unfall 213070 (2023) Kat:3, Licht: 2,213070,3,7,0,10,20,2,1,2,1,0,0,0,0,0
"POINT (8.320586548000051 49.043625045000056)",Unfall 213071 (2023) Kat:3, Licht: 1,213071,3,2,5,10,06,2,1,1,0,1,0,0,1,0
"POINT (8.394587417000025 49.006245760000070)",Unfall 213072 (2023) Kat:3, Licht: 2,213072,3,6,2,10,17,2,1,2,0,1,0,0,0,0
"POINT (8.390116564000039 49.009472540000047)",Unfall 213108 (2023) Kat:3, Licht: 0,213108,3,5,1,10,10,7,0,0,1,1,0,0,0,0
"POINT (8.462526486000058 49.000554843000032)",Unfall 213109 (2023) Kat:3, Licht: 2,213109,3,7,0,10,23,7,1,2,0,0,0,0,0,1
"POINT (8.356462972000031 48.997987365000029)",Unfall 213110 (2023) Kat:3, Licht: 0,213110,3,3,5,10,11,7,1,0,0,1,0,1,0,0
"POINT (8.430750722000028 49.013905207000050)",Unfall 213111 (2023) Kat:3, Licht: 0,213111,3,7,6,10,12,7,1,0,1,0,1,0,0,0
"POINT (8.463808005000033 49.000281770000072)",Unfall 213112 (2023) Kat:3, Licht: 2,213112,3,6,1,10,17,7,1,2,0,1,0,0,0,0
"POINT (8.385485540000047 49.035744993000037)",Unfall 213162 (2023) Kat:3, Licht: 1,213162,3,4,6,10,07,6,1,1,0,1,1,0,0,0
"POINT (8.375650717000042 49.020495338000046)",Unfall 213164 (2023) Kat:3, Licht: 0,213164,3,6,4,10,08,6,0,0,1,0,0,0,0,0
"POINT (8.422891409000044 49.007785117000026)",Unfall 213165 (2023) Kat:3, Licht: 0,213165,3,6,2,10,16,6,1,0,0,1,0,0,0,0
"POINT (8.343999117000067 48.994663501000048)",Unfall 213166 (2023) Kat:2, Licht: 0,213166,2,7,6,10,09,6,1,0,0,0,1,0,0,1
"POINT (8.430612129000053 49.029085879000036)",Unfall 213167 (2023) Kat:3, Licht: 0,213167,3,6,2,10,17,6,1,0,0,1,0,0,0,1
"POINT (8.383797172000072 49.010643367000057)",Unfall 213169 (2023) Kat:3, Licht: 2,213169,3,4,6,10,19,6,0,2,0,1,1,0,0,0
"POINT (8.390906926000071 49.001988893000032)",Unfall 213170 (2023) Kat:3, Licht: 0,213170,3,2,3,10,16,6,0,0,0,1,0,0,0,1
"POINT (8.363213590000043 49.011518701000057)",Unfall 213205 (2023) Kat:3, Licht: 0,213205,3,2,3,10,13,5,0,0,1,1,0,0,0,0
"POINT (8.355648934000044 49.021881395000037)",Unfall 213240 (2023) Kat:3, Licht: 0,213240,3,7,6,10,12,4,0,0,0,1,1,0,0,0
"POINT (8.361951008000062 49.011288818000025)",Unfall 213241 (2023) Kat:3, Licht: 0,213241,3,2,0,10,16,4,1,0,0,1,0,0,0,1
"POINT (8.364097564000076 48.988661295000043)",Unfall 213242 (2023) Kat:3, Licht: 0,213242,3,3,5,10,09,4,0,0,1,1,0,0,0,0
"POINT (8.365522553000062 49.020892590000074)",Unfall 213244 (2023) Kat:3, Licht: 0,213244,3,3,5,10,17,4,1,0,0,1,0,1,0,0
"POINT (8.435655520000068 49.005440951000026)",Unfall 213275 (2023) Kat:3, Licht: 2,213275,3,7,0,10,01,3,1,2,1,0,0,0,0,0
"POINT (8.440822136000065 49.018016616000068)",Unfall 213276 (2023) Kat:3, Licht: 0,213276,3,2,5,10,13,3,1,0,1,1,0,0,0,0
"POINT (8.403551946000050 48.999173532000043)",Unfall 213277 (2023) Kat:3, Licht: 2,213277,3,6,1,10,18,3,1,2,0,1,0,0,0,0
"POINT (8.392927693000047 49.050289390000046)",Unfall 213319 (2023) Kat:3, Licht: 2,213319,3,5,1,10,05,2,0,2,0,1,0,1,0,0
"POINT (8.313649096000063 49.037766855000029)",Unfall 213321 (2023) Kat:3, Licht: 0,213321,3,6,2,10,11,2,0,0,0,1,0,0,1,0
"POINT (8.387072726000042 49.031807670000035)",Unfall 213343 (2023) Kat:3, Licht: 2,213343,3,7,0,10,04,1,0,2,0,0,0,0,0,1
"POINT (8.373358388000042 49.023705942000049)",Unfall 213344 (2023) Kat:3, Licht: 0,213344,3,4,6,10,17,1,0,0,0,1,1,0,0,0
"POINT (8.448307771000032 49.003884377000077)",Unfall 213413 (2023) Kat:3, Licht: 0,213413,3,1,8,10,08,6,1,0,0,1,0,0,0,0
"POINT (8.352543776000061 48.995313136000050)",Unfall 213414 (2023) Kat:3, Licht: 0,213414,3,7,0,10,10,6,1,0,0,0,0,0,0,1
"POINT (8.367119278000075 48.982404606000046)",Unfall 213415 (2023) Kat:3, Licht: 0,213415,3,3,5,10,08,6,1,0,1,0,0,0,0,1
"POINT (8.448583995000035 49.006094248000068)",Unfall 213416 (2023) Kat:3, Licht: 0,213416,3,6,2,10,11,6,1,0,0,1,0,0,0,0
"POINT (8.417684661000067 49.010838914000033)",Unfall 213417 (2023) Kat:3, Licht: 0,213417,3,1,0,10,09,6,1,0,0,0,0,0,0,1
"POINT (8.387235162000025 49.007635342000071)",Unfall 213471 (2023) Kat:3, Licht: 0,213471,3,2,3,10,14,5,1,0,1,1,0,0,0,0
"POINT (8.397850654000024 49.014240104000066)",Unfall 213472 (2023) Kat:3, Licht: 0,213472,3,6,2,10,14,5,1,0,0,1,0,1,0,0
"POINT (8.423504206000075 49.024906656000041)",Unfall 213473 (2023) Kat:3, Licht: 0,213473,3,6,2,10,15,5,1,0,0,1,0,0,0,0
"POINT (8.366416721000064 49.011259578000079)",Unfall 213474 (2023) Kat:3, Licht: 2,213474,3,6,2,10,19,5,1,2,0,1,0,0,0,1
"POINT (8.423584428000026 49.009504628000059)",Unfall 213476 (2023) Kat:3, Licht: 2,213476,3,3,5,10,06,5,1,2,1,1,0,0,0,0
"POINT (8.374809072000062 49.011041464000073)",Unfall 213519 (2023) Kat:3, Licht: 2,213519,3,3,5,10,19,4,1,2,1,0,0,0,0,1
"POINT (8.410473549000073 49.001414832000080)",Unfall 213558 (2023) Kat:3, Licht: 0,213558,3,7,2,10,15,3,0,0,0,0,0,0,0,1
"POINT (8.390313760000026 49.010218296000062)",Unfall 213607 (2023) Kat:3, Licht: 0,213607,3,7,0,10,15,2,0,0,1,0,0,0,0,0
"POINT (8.423533097000075 49.009633424000071)",Unfall 213608 (2023) Kat:3, Licht: 0,213608,3,3,5,10,09,2,0,0,1,1,0,0,0,0
"POINT (8.415716886000041 49.002595108000037)",Unfall 213636 (2023) Kat:3, Licht: 2,213636,3,4,6,12,16,3,0,2,0,1,1,0,0,0
"POINT (8.403336484000022 48.979298383000071)",Unfall 213637 (2023) Kat:2, Licht: 2,213637,2,5,0,12,17,3,1,2,1,1,0,0,0,0
"POINT (8.409698662000039 49.012287120000053)",Unfall 213667 (2023) Kat:3, Licht: 0,213667,3,2,5,12,15,2,0,0,1,1,0,0,0,0
"POINT (8.427782231000037 49.009350865000044)",Unfall 213668 (2023) Kat:3, Licht: 0,213668,3,7,6,12,14,2,1,0,0,1,1,0,0,0
"POINT (8.348424631000057 48.996682738000061)",Unfall 213669 (2023) Kat:3, Licht: 0,213669,3,3,5,12,12,2,0,0,1,1,0,0,0,0
"POINT (8.360077074000060 49.014386209000065)",Unfall 213671 (2023) Kat:3, Licht: 2,213671,3,3,5,12,17,2,0,2,0,0,0,0,0,1
"POINT (8.340035541000077 48.997734841000067)",Unfall 213713 (2023) Kat:2, Licht: 0,213713,2,7,0,12,16,7,0,0,1,0,0,0,0,1
"POINT (8.387047828000050 49.029980195000064)",Unfall 213714 (2023) Kat:3, Licht: 0,213714,3,3,5,12,10,7,1,0,0,1,0,0,0,0
"POINT (8.446220532000041 49.011870682000051)",Unfall 213725 (2023) Kat:3, Licht: 0,213725,3,2,6,12,07,3,0,0,0,1,1,0,0,0
"POINT (8.413045315000033 48.968926477000082)",Unfall 213774 (2023) Kat:3, Licht: 1,213774,3,3,5,12,16,5,1,1,0,1,0,0,0,0
"POINT (8.342880053000044 48.994891504000066)",Unfall 213775 (2023) Kat:3, Licht: 0,213775,3,3,5,12,13,5,0,0,0,1,0,0,0,0
"POINT (8.375259417000052 49.016277608000053)",Unfall 213776 (2023) Kat:3, Licht: 2,213776,3,3,1,12,05,5,1,2,1,1,0,0,0,0
"POINT (8.371687395000038 49.007586136000043)",Unfall 213812 (2023) Kat:3, Licht: 1,213812,3,4,6,12,16,4,1,1,1,0,1,0,0,0
"POINT (8.404058326000040 49.010721785000044)",Unfall 213813 (2023) Kat:3, Licht: 0,213813,3,7,8,12,13,4,0,0,0,1,0,0,0,0
"POINT (8.413255393000043 49.021659539000041)",Unfall 213814 (2023) Kat:3, Licht: 2,213814,3,2,5,12,17,4,1,2,0,1,0,0,0,0
"POINT (8.391746293000040 49.008909127000038)",Unfall 213815 (2023) Kat:3, Licht: 2,213815,3,6,2,12,16,4,1,2,0,1,0,1,0,0
"POINT (8.407102040000041 48.976235122000048)",Unfall 213816 (2023) Kat:3, Licht: 0,213816,3,6,2,12,15,4,1,0,1,1,0,0,0,0
"POINT (8.396855237000068 48.999875429000042)",Unfall 213856 (2023) Kat:3, Licht: 2,213856,3,4,6,12,20,3,1,2,0,1,1,0,0,0
"POINT (8.390317803000073 48.996148988000073)",Unfall 213857 (2023) Kat:2, Licht: 2,213857,2,3,5,12,18,3,1,2,1,1,0,0,0,0
"POINT (8.400393276000045 49.006081385000073)",Unfall 213858 (2023) Kat:3, Licht: 2,213858,3,2,2,12,18,3,1,2,0,1,0,0,0,0
"POINT (8.473245182000028 48.998988360000055)",Unfall 213860 (2023) Kat:3, Licht: 0,213860,3,5,1,12,09,3,0,0,1,1,0,0,0,0
"POINT (8.386933924000061 49.059694424000043)",Unfall 213963 (2023) Kat:3, Licht: 2,213963,3,3,5,12,21,6,0,2,0,1,0,0,0,0
"POINT (8.356290154000021 49.006115652000062)",Unfall 213964 (2023) Kat:3, Licht: 0,213964,3,3,5,12,10,6,1,0,1,1,0,0,0,0
"POINT (8.356096755000067 49.005551317000027)",Unfall 214000 (2023) Kat:3, Licht: 1,214000,3,6,2,12,07,5,0,1,0,1,0,0,0,0
"POINT (8.375316554000051 49.011097762000077)",Unfall 214001 (2023) Kat:3, Licht: 2,214001,3,3,5,12,16,5,0,2,1,1,0,0,0,0
"POINT (8.433475788000067 49.005991419000054)",Unfall 214058 (2023) Kat:3, Licht: 0,214058,3,6,2,12,16,2,0,0,0,1,0,1,0,0
"POINT (8.366514190000032 49.017391747000033)",Unfall 214064 (2023) Kat:3, Licht: 1,214064,3,5,0,12,08,3,0,1,1,1,0,0,0,0
"POINT (8.374295641000060 48.979517144000056)",Unfall 214065 (2023) Kat:3, Licht: 2,214065,3,1,0,12,01,3,2,2,1,0,0,0,0,0
"POINT (8.435034266000059 49.038376267000046)",Unfall 214066 (2023) Kat:2, Licht: 2,214066,2,4,6,12,16,3,1,2,0,1,1,0,0,0
"POINT (8.399976671000047 49.008097579000037)",Unfall 214067 (2023) Kat:3, Licht: 2,214067,3,2,6,12,17,3,1,2,0,1,1,0,0,0
"POINT (8.390173734000030 49.044928579000043)",Unfall 214095 (2023) Kat:3, Licht: 1,214095,3,3,5,12,16,3,1,1,1,0,0,0,0,1
"POINT (8.344454269000039 48.995747674000029)",Unfall 214101 (2023) Kat:3, Licht: 0,214101,3,3,5,12,12,2,1,0,0,1,0,0,1,0
"POINT (8.421195930000067 49.020071095000048)",Unfall 214102 (2023) Kat:3, Licht: 0,214102,3,3,5,12,10,2,1,0,1,1,0,0,0,0
"POINT (8.330505256000038 49.036935882000080)",Unfall 214113 (2023) Kat:3, Licht: 0,214113,3,3,5,12,13,1,0,0,0,1,0,0,0,0
"POINT (8.355970906000039 49.012994730000059)",Unfall 214164 (2023) Kat:3, Licht: 2,214164,3,3,5,12,05,6,0,2,1,0,0,0,0,1
"POINT (8.395144208000033 49.010981613000070)",Unfall 214166 (2023) Kat:3, Licht: 2,214166,3,7,2,12,18,6,1,2,0,1,0,0,0,0
"POINT (8.417869050000036 49.010831568000071)",Unfall 214196 (2023) Kat:3, Licht: 0,214196,3,2,5,11,08,5,0,0,1,1,0,0,0,0
"POINT (8.398001512000064 49.002293821000080)",Unfall 214267 (2023) Kat:3, Licht: 2,214267,3,7,0,11,07,3,1,2,1,0,0,0,0,0
"POINT (8.475677432000055 49.001409819000060)",Unfall 214268 (2023) Kat:3, Licht: 0,214268,3,5,1,11,14,3,0,0,1,1,0,0,0,0
"POINT (8.467059065000058 49.001933635000057)",Unfall 214304 (2023) Kat:3, Licht: 2,214304,3,2,5,11,18,2,1,2,1,1,0,0,0,0
"POINT (8.474420632000033 48.999167732000046)",Unfall 214305 (2023) Kat:3, Licht: 2,214305,3,3,5,11,18,2,1,2,1,1,0,0,0,0
"POINT (8.408051697000076 49.002369437000027)",Unfall 214348 (2023) Kat:3, Licht: 2,214348,3,7,0,11,21,7,1,2,1,0,0,0,0,0
"POINT (8.391412541000022 49.005316212000025)",Unfall 214349 (2023) Kat:3, Licht: 0,214349,3,3,5,11,12,7,0,0,1,1,0,0,0,0
"POINT (8.415321992000031 49.020281152000052)",Unfall 214350 (2023) Kat:3, Licht: 2,214350,3,2,5,11,17,7,1,2,0,1,0,0,0,0
"POINT (8.467503834000070 48.993257718000052)",Unfall 214351 (2023) Kat:3, Licht: 2,214351,3,3,5,11,21,7,1,2,0,1,0,0,0,0
"POINT (8.436684049000064 48.977327078000030)",Unfall 214383 (2023) Kat:3, Licht: 2,214383,3,6,2,11,17,6,1,2,0,1,0,0,0,0
"POINT (8.361218779000069 49.014728068000068)",Unfall 214422 (2023) Kat:3, Licht: 1,214422,3,3,5,11,07,5,0,1,1,1,0,0,0,0
"POINT (8.381945840000071 49.010537194000051)",Unfall 214435 (2023) Kat:3, Licht: 0,214435,3,3,5,11,14,5,0,0,1,1,0,0,0,0
"POINT (8.385942096000065 49.026510156000029)",Unfall 214459 (2023) Kat:3, Licht: 0,214459,3,7,6,11,08,4,0,0,0,0,1,0,0,1
"POINT (8.468073924000066 48.996989346000078)",Unfall 214460 (2023) Kat:3, Licht: 2,214460,3,2,2,11,07,4,1,2,1,0,0,0,0,1
"POINT (8.444429607000075 49.016739993000044)",Unfall 214461 (2023) Kat:3, Licht: 0,214461,3,3,5,11,07,4,0,0,0,1,0,0,0,0
"POINT (8.379418813000029 49.012908677000041)",Unfall 214462 (2023) Kat:3, Licht: 0,214462,3,7,5,11,08,4,1,0,0,1,0,0,0,1
"POINT (8.362737145000040 49.011349323000047)",Unfall 214463 (2023) Kat:2, Licht: 0,214463,2,4,6,11,11,4,0,0,0,0,1,0,0,1
"POINT (8.375743778000071 49.015132753000046)",Unfall 214480 (2023) Kat:3, Licht: 2,214480,3,6,4,12,18,3,0,2,1,0,0,0,0,0
"POINT (8.436043294000058 49.015618872000061)",Unfall 214497 (2023) Kat:3, Licht: 2,214497,3,3,5,11,17,3,0,2,1,1,0,0,0,0
"POINT (8.341038484000023 49.035235263000061)",Unfall 214498 (2023) Kat:2, Licht: 0,214498,2,3,5,11,09,3,1,0,1,1,0,0,0,0
"POINT (8.376048821000040 49.050804346000064)",Unfall 214533 (2023) Kat:2, Licht: 0,214533,2,7,8,11,11,2,0,0,0,0,0,1,1,0
"POINT (8.457096863000061 49.029420584000036)",Unfall 214534 (2023) Kat:2, Licht: 0,214534,2,3,5,11,09,2,0,0,1,0,0,0,0,0
"POINT (8.410539144000040 49.001525470000047)",Unfall 214555 (2023) Kat:2, Licht: 0,214555,2,1,0,11,13,1,1,0,1,0,0,0,0,0
"POINT (8.400847286000044 49.010925726000039)",Unfall 214556 (2023) Kat:3, Licht: 2,214556,3,3,5,11,17,1,0,2,1,1,0,0,0,0
"POINT (8.394904624000048 49.007750422000072)",Unfall 214641 (2023) Kat:3, Licht: 0,214641,3,6,2,11,09,5,0,0,0,1,0,0,0,1
"POINT (8.382319279000058 49.037202843000046)",Unfall 215454 (2023) Kat:3, Licht: 0,215454,3,6,6,12,16,7,0,0,1,0,1,0,0,0
"POINT (8.359982894000041 49.014289651000070)",Unfall 215455 (2023) Kat:3, Licht: 0,215455,3,4,6,12,10,7,0,0,0,1,1,0,0,0
"POINT (8.345340521000026 48.996333829000037)",Unfall 215479 (2023) Kat:3, Licht: 0,215479,3,3,5,12,13,6,0,0,0,1,0,0,0,0
"POINT (8.366546888000073 49.018314602000032)",Unfall 215524 (2023) Kat:3, Licht: 2,215524,3,6,4,12,19,3,1,2,0,1,0,0,0,1
"POINT (8.385059637000040 49.020288137000080)",Unfall 215585 (2023) Kat:3, Licht: 2,215585,3,3,5,12,17,6,1,2,1,1,0,0,0,0
"POINT (8.367707726000049 49.008354920000045)",Unfall 215611 (2023) Kat:3, Licht: 0,215611,3,5,1,12,13,5,0,0,1,1,0,0,0,0
"POINT (8.407629709000048 49.011503900000037)",Unfall 215612 (2023) Kat:3, Licht: 2,215612,3,6,2,12,17,5,1,2,0,1,0,0,0,0
"POINT (8.409828124000057 49.007840432000080)",Unfall 215646 (2023) Kat:3, Licht: 0,215646,3,3,5,12,12,4,1,0,1,1,0,0,0,0
"POINT (8.336113085000022 49.007800626000062)",Unfall 265505 (2023) Kat:3, Licht: 0,265505,3,1,0,01,14,1,1,0,1,0,0,0,0,0
"POINT (8.403875474000074 48.980843378000031)",Unfall 265565 (2023) Kat:3, Licht: 0,265565,3,3,5,02,13,5,0,0,1,0,0,0,0,1
"POINT (8.416287481000040 48.994083145000047)",Unfall 265602 (2023) Kat:3, Licht: 0,265602,3,1,0,03,11,3,0,0,1,0,0,0,0,0
"POINT (8.407152279000059 49.040104177000046)",Unfall 265628 (2023) Kat:3, Licht: 0,265628,3,6,3,04,17,2,0,0,1,0,0,0,0,0
"POINT (8.438141707000057 49.025282174000040)",Unfall 265638 (2023) Kat:2, Licht: 0,265638,2,3,5,04,18,2,0,0,1,0,0,0,0,0
"POINT (8.358681753000042 49.009300412000073)",Unfall 265645 (2023) Kat:3, Licht: 0,265645,3,7,6,04,10,5,0,0,1,0,1,0,0,0
"POINT (8.404708832000040 49.013961630000040)",Unfall 265677 (2023) Kat:3, Licht: 0,265677,3,6,4,05,07,4,0,0,1,0,0,0,0,0
"POINT (8.404865483000037 49.017954328000030)",Unfall 265693 (2023) Kat:2, Licht: 2,265693,2,7,0,05,21,7,0,2,1,0,0,0,0,0
"POINT (8.381436041000029 48.992659470000035)",Unfall 265694 (2023) Kat:3, Licht: 0,265694,3,3,5,05,10,7,0,0,1,0,0,0,0,1
"POINT (8.433794663000072 49.021695405000060)",Unfall 265706 (2023) Kat:3, Licht: 1,265706,3,6,0,05,20,2,1,1,1,0,0,0,0,0
"POINT (8.396629231000077 48.973825093000073)",Unfall 265717 (2023) Kat:3, Licht: 0,265717,3,2,2,05,11,6,0,0,1,0,0,0,0,0
"POINT (8.502917082000067 48.986720313000035)",Unfall 265738 (2023) Kat:2, Licht: 0,265738,2,1,0,05,19,5,0,0,1,0,0,0,0,0
"POINT (8.370131551000043 49.047344884000040)",Unfall 265751 (2023) Kat:2, Licht: 0,265751,2,3,5,05,17,2,0,0,1,1,0,0,0,0
"POINT (8.369283630000041 49.036139653000077)",Unfall 265766 (2023) Kat:2, Licht: 0,265766,2,3,6,05,15,5,0,0,1,0,1,0,0,0
"POINT (8.381993729000044 48.992699196000046)",Unfall 265843 (2023) Kat:3, Licht: 0,265843,3,6,9,06,17,1,0,0,1,0,0,0,0,0
"POINT (8.402888254000061 49.012931109000078)",Unfall 265844 (2023) Kat:3, Licht: 2,265844,3,7,0,06,01,1,0,2,1,0,0,0,0,0
"POINT (8.463068770000064 48.985809415000062)",Unfall 265861 (2023) Kat:3, Licht: 0,265861,3,3,5,06,17,2,0,0,1,0,0,0,0,0
"POINT (8.450034557000038 48.979892323000058)",Unfall 265939 (2023) Kat:2, Licht: 0,265939,2,6,3,06,07,4,0,0,1,0,0,0,0,0
"POINT (8.417337811000039 49.016661769000052)",Unfall 265988 (2023) Kat:3, Licht: 0,265988,3,3,5,06,08,3,1,0,1,0,0,0,0,0
"POINT (8.399828128000024 48.978729856000029)",Unfall 265989 (2023) Kat:3, Licht: 0,265989,3,1,0,06,06,3,1,0,1,0,0,0,0,0
"POINT (8.383667671000069 48.992264609000074)",Unfall 265994 (2023) Kat:3, Licht: 1,265994,3,6,6,06,21,4,0,1,1,0,1,0,0,0
"POINT (8.395687939000027 49.014476240000079)",Unfall 266002 (2023) Kat:3, Licht: 0,266002,3,3,5,06,13,5,0,0,1,0,0,0,0,0
"POINT (8.354071744000066 49.007430994000060)",Unfall 266022 (2023) Kat:3, Licht: 0,266022,3,6,2,06,14,1,0,0,1,0,0,0,0,0
"POINT (8.409665531000030 49.008670729000073)",Unfall 266053 (2023) Kat:3, Licht: 0,266053,3,6,4,06,15,6,1,0,1,0,0,0,0,0
"POINT (8.400115840000069 49.013880682000035)",Unfall 266073 (2023) Kat:3, Licht: 0,266073,3,2,5,07,16,2,0,0,1,0,0,0,0,0
"POINT (8.377199171000029 49.013111511000034)",Unfall 266074 (2023) Kat:3, Licht: 0,266074,3,3,5,07,13,2,0,0,1,0,0,0,0,1
"POINT (8.489986512000030 49.005989294000074)",Unfall 266125 (2023) Kat:3, Licht: 0,266125,3,6,4,07,13,2,0,0,1,0,0,0,0,0
"POINT (8.463892380000061 48.988767367000037)",Unfall 266137 (2023) Kat:3, Licht: 0,266137,3,5,1,07,17,4,0,0,1,1,0,0,0,0
"POINT (8.405538637000063 49.024565125000038)",Unfall 266143 (2023) Kat:2, Licht: 0,266143,2,3,5,07,16,5,0,0,1,0,0,0,0,0
"POINT (8.364736928000070 49.009588825000037)",Unfall 266184 (2023) Kat:3, Licht: 0,266184,3,3,6,07,11,3,0,0,1,0,1,0,0,0
"POINT (8.475172966000059 49.007442222000066)",Unfall 266220 (2023) Kat:2, Licht: 0,266220,2,1,8,07,18,7,0,0,1,0,0,0,0,0
"POINT (8.408534929000041 49.023845479000045)",Unfall 266282 (2023) Kat:3, Licht: 0,266282,3,3,5,08,08,6,0,0,1,1,0,0,0,0
"POINT (8.405544967000026 49.012866210000027)",Unfall 266334 (2023) Kat:2, Licht: 0,266334,2,3,5,08,17,2,0,0,1,0,0,0,0,0
"POINT (8.340339975000063 48.984155236000049)",Unfall 266356 (2023) Kat:3, Licht: 0,266356,3,3,5,08,11,6,0,0,1,0,0,1,0,0
"POINT (8.476710037000032 49.022501707000060)",Unfall 266372 (2023) Kat:3, Licht: 0,266372,3,1,8,08,18,2,0,0,1,0,0,0,0,0
"POINT (8.443539285000043 48.992781444000059)",Unfall 266406 (2023) Kat:3, Licht: 0,266406,3,7,0,08,07,3,0,0,1,0,0,0,0,1
"POINT (8.394801845000075 49.035071960000039)",Unfall 266413 (2023) Kat:3, Licht: 0,266413,3,6,4,08,09,5,0,0,1,0,0,0,0,0
"POINT (8.404866139000035 49.017959072000053)",Unfall 266532 (2023) Kat:3, Licht: 0,266532,3,6,6,09,08,3,0,0,1,0,1,0,0,0
"POINT (8.386480884000036 48.991240090000076)",Unfall 266533 (2023) Kat:2, Licht: 0,266533,2,6,2,09,13,3,0,0,1,0,0,0,0,0
"POINT (8.375522137000075 48.996384742000032)",Unfall 266680 (2023) Kat:3, Licht: 0,266680,3,6,4,10,14,3,0,0,1,0,0,0,0,0
"POINT (8.449399301000028 49.033709556000076)",Unfall 266683 (2023) Kat:3, Licht: 0,266683,3,3,5,10,16,4,1,0,1,0,0,0,0,0
"POINT (8.349449213000071 49.002071518000037)",Unfall 266753 (2023) Kat:3, Licht: 1,266753,3,7,0,11,07,3,1,1,1,0,0,0,0,1
"POINT (8.474077078000050 48.964675454000030)",Unfall 78361 (2024) Kat:3, Licht: 0,78361,3,3,5,01,09,6,0,0,0,1,0,0,0,1
"POINT (8.476602742000068 49.025415884000040)",Unfall 78362 (2024) Kat:3, Licht: 2,78362,3,6,2,01,07,6,0,2,0,1,0,0,0,0
"POINT (8.436776701000042 48.983604604000050)",Unfall 78430 (2024) Kat:2, Licht: 0,78430,2,6,2,01,12,4,0,0,0,0,0,0,1,0