WKT,Name,OBJECTID,UKATEGORIE,UTYP1,UART,UMONAT,USTUNDE,UWOCHENTAG,STRZUSTAND,ULICHTVERH,ISTRAD,ISTPKW,ISTFUSS,ISTKRAD,ISTGKFZ,ISTSONSTIG
"POINT (8.437628756000038 48.994275601000027)",Unfall 78432 (2024) Kat:3, Licht: 0,78432,3,6,2,01,07,4,0,0,0,1,0,0,0,0
"POINT (8.464193651000073 48.967392959000051)",Unfall 78433 (2024) Kat:3, Licht: 0,78433,3,6,2,01,16,4,0,0,0,1,0,0,1,0
"POINT (8.386971356000060 49.005519432000028)",Unfall 80525 (2024) Kat:3, Licht: 0,80525,3,2,2,01,08,3,0,0,1,1,0,0,0,0
"POINT (8.403781387000038 48.984835361000080)",Unfall 81508 (2024) Kat:3, Licht: 0,81508,3,3,5,02,10,3,0,0,1,0,0,0,0,1
"POINT (8.375312757000074 48.989308658000027)",Unfall 81535 (2024) Kat:3, Licht: 0,81535,3,6,0,02,17,2,1,0,0,0,0,0,0,1
"POINT (8.350935985000035 49.035377281000081)",Unfall 81642 (2024) Kat:2, Licht: 1,81642,2,2,5,02,17,5,0,1,0,1,0,1,0,0
"POINT (8.379085487000054 49.005639089000056)",Unfall 81763 (2024) Kat:2, Licht: 2,81763,2,3,5,02,17,2,0,2,1,1,0,0,0,0
"POINT (8.387997116000065 49.005396897000026)",Unfall 81812 (2024) Kat:3, Licht: 2,81812,3,5,5,02,18,7,0,2,1,1,0,0,0,0
"POINT (8.436328836000030 49.015834367000082)",Unfall 81842 (2024) Kat:3, Licht: 1,81842,3,6,2,02,17,6,0,1,0,1,0,0,0,0
"POINT (8.426707437000061 49.000653827000065)",Unfall 81843 (2024) Kat:3, Licht: 0,81843,3,2,5,02,13,6,0,0,0,0,0,0,0,1
"POINT (8.393369965000034 49.042405893000080)",Unfall 81888 (2024) Kat:3, Licht: 2,81888,3,6,4,02,07,5,1,2,1,0,0,0,0,0
"POINT (8.362316124000074 49.039218295000069)",Unfall 81994 (2024) Kat:3, Licht: 2,81994,3,6,2,01,07,2,0,2,0,1,0,0,0,0
"POINT (8.456014662000030 48.971021252000071)",Unfall 81995 (2024) Kat:2, Licht: 2,81995,2,1,9,01,06,2,2,2,0,1,0,0,0,0
"POINT (8.460896883000032 49.010684040000058)",Unfall 82209 (2024) Kat:3, Licht: 0,82209,3,6,2,01,08,4,1,0,0,1,0,0,0,0
"POINT (8.451171582000029 49.035093892000077)",Unfall 82277 (2024) Kat:3, Licht: 2,82277,3,6,2,01,18,3,1,2,0,1,0,0,0,0
"POINT (8.396882725000069 49.022457874000054)",Unfall 82278 (2024) Kat:3, Licht: 0,82278,3,7,0,01,11,3,0,0,0,1,0,0,0,1
"POINT (8.398222056000066 49.014411902000063)",Unfall 82279 (2024) Kat:3, Licht: 0,82279,3,4,6,01,12,3,0,0,0,1,1,0,0,0
"POINT (8.467704876000028 48.957188458000076)",Unfall 82334 (2024) Kat:2, Licht: 1,82334,2,7,6,01,16,2,1,1,0,1,1,0,0,0
"POINT (8.450218748000054 49.002638976000071)",Unfall 82335 (2024) Kat:3, Licht: 2,82335,3,6,7,01,04,2,0,2,0,0,0,0,1,1
"POINT (8.436138052000047 49.015658679000069)",Unfall 82354 (2024) Kat:3, Licht: 2,82354,3,2,5,01,07,1,1,2,0,1,0,0,0,0
"POINT (8.438890176000029 48.990477368000029)",Unfall 82355 (2024) Kat:3, Licht: 0,82355,3,1,8,01,10,1,2,0,0,1,0,0,0,0
"POINT (8.469396580000023 49.008249676000048)",Unfall 82453 (2024) Kat:3, Licht: 0,82453,3,1,8,01,13,5,2,0,0,1,0,0,0,0
"POINT (8.483132808000050 48.954756362000069)",Unfall 82520 (2024) Kat:3, Licht: 0,82520,3,1,8,01,09,4,2,0,0,1,0,0,0,0
"POINT (8.374348213000076 48.989704629000073)",Unfall 82521 (2024) Kat:3, Licht: 2,82521,3,6,2,01,18,4,1,2,0,1,0,0,0,0
"POINT (8.439317066000058 49.004758949000063)",Unfall 82522 (2024) Kat:3, Licht: 0,82522,3,7,0,01,09,2,0,0,0,1,0,0,0,0
"POINT (8.423889901000052 49.003206532000036)",Unfall 82571 (2024) Kat:3, Licht: 0,82571,3,3,5,01,16,3,0,0,0,1,0,0,0,0
"POINT (8.366371185000048 49.048809599000037)",Unfall 82687 (2024) Kat:2, Licht: 0,82687,2,7,8,03,16,6,1,0,0,1,0,0,0,0
"POINT (8.381747881000024 49.005543861000035)",Unfall 82717 (2024) Kat:3, Licht: 0,82717,3,4,6,03,15,5,0,0,0,1,1,0,0,0
"POINT (8.470635929000025 49.025544232000072)",Unfall 82836 (2024) Kat:3, Licht: 0,82836,3,6,2,03,09,2,0,0,0,1,0,0,0,0
"POINT (8.335408289000043 49.035879690000058)",Unfall 82839 (2024) Kat:3, Licht: 0,82839,3,2,5,03,08,2,0,0,0,1,0,0,0,1
"POINT (8.426748374000056 49.000605846000042)",Unfall 82840 (2024) Kat:3, Licht: 0,82840,3,6,2,03,10,2,0,0,0,1,0,0,1,0
"POINT (8.453061522000041 49.002291034000052)",Unfall 82934 (2024) Kat:2, Licht: 0,82934,2,3,5,03,07,6,0,0,1,1,0,0,0,0
"POINT (8.442175502000055 48.997497239000040)",Unfall 83030 (2024) Kat:3, Licht: 0,83030,3,6,3,03,17,4,0,0,0,1,0,0,0,1
"POINT (8.464948111000069 49.014266851000059)",Unfall 83031 (2024) Kat:3, Licht: 0,83031,3,6,2,03,18,4,0,0,0,1,0,0,0,0
"POINT (8.458931253000060 49.030850990000033)",Unfall 83032 (2024) Kat:3, Licht: 0,83032,3,3,5,03,14,4,0,0,1,1,0,0,0,0
"POINT (8.354910983000025 49.014235284000051)",Unfall 83033 (2024) Kat:3, Licht: 0,83033,3,6,5,03,14,4,0,0,1,1,0,0,0,0
"POINT (8.436100677000070 48.988401429000078)",Unfall 83034 (2024) Kat:3, Licht: 0,83034,3,6,2,03,07,4,0,0,0,1,0,0,0,1
"POINT (8.463536563000048 48.965933732000053)",Unfall 83122 (2024) Kat:1, Licht: 0,83122,1,6,4,03,08,2,1,0,0,1,0,0,0,0
"POINT (8.343042698000033 49.029260438000051)",Unfall 83272 (2024) Kat:3, Licht: 0,83272,3,2,6,03,18,3,0,0,1,0,1,0,0,0
"POINT (8.387174200000061 49.007637644000056)",Unfall 83328 (2024) Kat:3, Licht: 0,83328,3,2,6,03,10,4,0,0,0,1,1,0,0,0
"POINT (8.437012109000023 48.980727921000039)",Unfall 83329 (2024) Kat:3, Licht: 0,83329,3,6,2,03,07,4,1,0,0,1,0,0,0,0
"POINT (8.453110096000046 49.002282340000079)",Unfall 83330 (2024) Kat:3, Licht: 0,83330,3,3,5,03,18,4,0,0,0,1,0,0,0,1
"POINT (8.436892175000025 48.979000915000029)",Unfall 83331 (2024) Kat:3, Licht: 1,83331,3,6,3,03,06,4,1,1,0,1,0,0,1,0
"POINT (8.385761629000058 48.998655499000051)",Unfall 83332 (2024) Kat:3, Licht: 2,83332,3,2,5,03,20,4,1,2,1,1,0,0,0,0
"POINT (8.449040796000077 48.971936296000081)",Unfall 83334 (2024) Kat:3, Licht: 0,83334,3,6,1,03,07,4,1,0,0,1,0,0,0,0
"POINT (8.426580336000029 49.000515119000056)",Unfall 83384 (2024) Kat:3, Licht: 2,83384,3,6,2,03,18,3,1,2,1,0,0,0,0,0
"POINT (8.450052930000027 49.002959804000056)",Unfall 83429 (2024) Kat:3, Licht: 0,83429,3,6,2,03,07,2,0,0,0,1,0,0,0,0
"POINT (8.393624868000074 48.996401217000027)",Unfall 83462 (2024) Kat:3, Licht: 2,83462,3,5,0,03,20,1,1,2,1,1,0,0,0,0
"POINT (8.445074672000032 48.987660536000078)",Unfall 83463 (2024) Kat:3, Licht: 2,83463,3,6,2,03,19,1,1,2,0,1,0,0,0,0
"POINT (8.354738197000074 48.997845171000051)",Unfall 83503 (2024) Kat:3, Licht: 0,83503,3,6,2,03,11,7,0,0,0,1,0,0,1,0
"POINT (8.468713155000046 49.015171247000069)",Unfall 83504 (2024) Kat:3, Licht: 1,83504,3,7,8,03,17,7,0,1,0,1,0,0,0,0
"POINT (8.394569524000076 48.994660796000062)",Unfall 83507 (2024) Kat:3, Licht: 2,83507,3,6,2,03,18,7,0,2,1,1,0,0,0,0
"POINT (8.375490595000031 49.005679032000046)",Unfall 83562 (2024) Kat:3, Licht: 0,83562,3,4,6,03,17,1,1,0,1,0,1,0,0,0
"POINT (8.445041082000046 48.987513644000046)",Unfall 83605 (2024) Kat:3, Licht: 0,83605,3,7,2,03,17,5,0,0,0,1,0,1,0,0
"POINT (8.444968887000073 48.972159090000048)",Unfall 83646 (2024) Kat:2, Licht: 0,83646,2,6,3,03,07,4,1,0,0,1,0,0,0,1
"POINT (8.437000750000038 48.980866878000029)",Unfall 83693 (2024) Kat:3, Licht: 2,83693,3,6,0,03,19,3,0,2,0,1,0,0,1,0
"POINT (8.442791195000041 49.004246202000047)",Unfall 83917 (2024) Kat:3, Licht: 0,83917,3,6,2,02,09,5,0,0,0,1,0,0,0,0
"POINT (8.463941494000039 48.967562289000057)",Unfall 83974 (2024) Kat:3, Licht: 0,83974,3,6,2,02,12,4,0,0,0,1,0,0,0,0
"POINT (8.404052188000037 48.991173756000080)",Unfall 84008 (2024) Kat:3, Licht: 0,84008,3,3,5,02,10,3,1,0,1,1,0,0,0,0
"POINT (8.436380243000031 49.004550609000034)",Unfall 84052 (2024) Kat:3, Licht: 0,84052,3,6,2,02,16,2,0,0,0,1,0,0,0,1
"POINT (8.438255134000030 49.004955971000072)",Unfall 84110 (2024) Kat:3, Licht: 0,84110,3,6,2,02,14,7,0,0,0,1,0,0,0,0
"POINT (8.378695502000028 49.005651648000025)",Unfall 84158 (2024) Kat:3, Licht: 0,84158,3,2,2,02,10,6,0,0,0,1,0,0,0,0
"POINT (8.447144983000044 48.986552554000070)",Unfall 84160 (2024) Kat:2, Licht: 0,84160,2,2,5,02,12,6,0,0,0,1,0,0,0,0
"POINT (8.363795848000052 49.006022301000030)",Unfall 84242 (2024) Kat:3, Licht: 0,84242,3,6,2,02,08,4,0,0,0,1,0,0,0,0
"POINT (8.345676494000031 49.026119725000058)",Unfall 84358 (2024) Kat:3, Licht: 0,84358,3,5,1,02,13,1,0,0,1,1,0,0,0,0
"POINT (8.464001165000070 48.984039553000059)",Unfall 84451 (2024) Kat:2, Licht: 2,84451,2,3,5,02,07,5,1,2,1,1,0,0,0,0
"POINT (8.475998456000070 49.012501596000050)",Unfall 84539 (2024) Kat:3, Licht: 0,84539,3,6,2,05,07,3,0,0,0,1,0,0,0,0
"POINT (8.424681152000062 49.003068888000030)",Unfall 84540 (2024) Kat:3, Licht: 0,84540,3,3,5,05,07,3,0,0,0,1,0,0,0,0
"POINT (8.396440946000041 49.023329487000069)",Unfall 84541 (2024) Kat:3, Licht: 0,84541,3,2,2,05,17,3,1,0,0,1,0,0,0,0
"POINT (8.404947897000056 48.960326164000037)",Unfall 84587 (2024) Kat:1, Licht: 2,84587,1,6,2,05,22,2,0,2,0,1,0,1,1,0
"POINT (8.421829895000030 48.994735300000059)",Unfall 84625 (2024) Kat:3, Licht: 0,84625,3,6,2,05,14,1,0,0,0,1,0,0,0,0
"POINT (8.443871751000074 48.998539910000034)",Unfall 84626 (2024) Kat:3, Licht: 0,84626,3,6,1,05,14,1,0,0,0,1,0,0,0,0
"POINT (8.442345199000044 49.004332501000079)",Unfall 84720 (2024) Kat:3, Licht: 0,84720,3,2,6,05,13,6,0,0,0,1,1,0,0,0
"POINT (8.476374850000070 49.025459730000080)",Unfall 84819 (2024) Kat:2, Licht: 0,84819,2,6,2,05,09,4,0,0,0,1,0,0,0,1
"POINT (8.459683051000070 48.970193527000049)",Unfall 84820 (2024) Kat:3, Licht: 0,84820,3,6,3,05,13,4,0,0,0,1,0,0,1,0
"POINT (8.478435402000059 48.999147971000070)",Unfall 84845 (2024) Kat:3, Licht: 0,84845,3,7,0,05,16,3,1,0,1,0,0,0,0,0
"POINT (8.312183011000059 49.037102423000078)",Unfall 84875 (2024) Kat:3, Licht: 0,84875,3,6,2,05,06,2,1,0,0,1,0,0,0,0
"POINT (8.394882968000047 49.033912177000047)",Unfall 84876 (2024) Kat:3, Licht: 0,84876,3,6,2,05,16,2,0,0,0,1,0,0,0,0
"POINT (8.404073807000032 48.989438258000064)",Unfall 84910 (2024) Kat:3, Licht: 0,84910,3,2,2,05,14,1,0,0,0,1,0,0,0,0
"POINT (8.481942311000068 49.001593549000063)",Unfall 84953 (2024) Kat:3, Licht: 2,84953,3,7,9,05,23,7,1,2,1,0,0,0,0,0
"POINT (8.395537002000026 49.030145045000040)",Unfall 84958 (2024) Kat:3, Licht: 0,84958,3,2,0,05,15,3,0,0,1,1,0,0,0,0
"POINT (8.409462075000022 48.961192463000032)",Unfall 85160 (2024) Kat:2, Licht: 0,85160,2,3,5,04,12,3,0,0,0,1,0,0,0,0
"POINT (8.386523601000022 49.063883407000048)",Unfall 85211 (2024) Kat:3, Licht: 2,85211,3,1,8,04,22,2,0,2,0,1,0,0,0,0
"POINT (8.344635214000050 49.030837944000041)",Unfall 85257 (2024) Kat:2, Licht: 2,85257,2,3,0,04,00,1,0,2,0,0,0,0,1,1
"POINT (8.426691569000070 49.000672426000051)",Unfall 85258 (2024) Kat:3, Licht: 0,85258,3,2,5,04,13,1,0,0,0,1,0,0,0,0
"POINT (8.400003707000053 49.011426381000035)",Unfall 85353 (2024) Kat:3, Licht: 0,85353,3,6,3,04,13,6,0,0,1,1,0,0,0,0
"POINT (8.495799799000054 48.946178850000081)",Unfall 85355 (2024) Kat:3, Licht: 0,85355,3,6,2,04,08,6,0,0,0,1,0,0,0,0
"POINT (8.345022564000033 49.001648746000058)",Unfall 85463 (2024) Kat:3, Licht: 0,85463,3,6,2,04,17,3,0,0,0,1,0,0,0,0
"POINT (8.403554743000029 48.988159487000075)",Unfall 85493 (2024) Kat:3, Licht: 0,85493,3,3,5,04,17,2,0,0,1,1,0,0,0,0
"POINT (8.387356933000035 49.009380328000077)",Unfall 85519 (2024) Kat:3, Licht: 0,85519,3,7,0,04,13,1,0,0,0,1,0,0,0,0
"POINT (8.359976793000044 48.996171936000053)",Unfall 85602 (2024) Kat:3, Licht: 0,85602,3,6,2,04,14,6,1,0,0,1,0,0,0,0
"POINT (8.493537019000030 48.944911441000045)",Unfall 85659 (2024) Kat:3, Licht: 0,85659,3,6,2,04,13,5,0,0,0,1,0,0,0,0
"POINT (8.367038804000060 49.049036535000027)",Unfall 85729 (2024) Kat:3, Licht: 0,85729,3,2,5,04,18,4,1,0,0,1,0,0,0,0
"POINT (8.386941226000033 49.005582762000074)",Unfall 85763 (2024) Kat:3, Licht: 0,85763,3,6,2,04,13,3,1,0,0,1,0,0,0,0
"POINT (8.447614177000048 48.971995629000048)",Unfall 85764 (2024) Kat:3, Licht: 0,85764,3,6,2,04,10,3,1,0,0,1,0,0,0,0
"POINT (8.335743271000069 49.035710507000033)",Unfall 85822 (2024) Kat:3, Licht: 0,85822,3,6,2,04,12,2,0,0,0,1,0,1,0,0
"POINT (8.403553036000062 48.988198054000065)",Unfall 85823 (2024) Kat:2, Licht: 0,85823,2,3,5,04,12,2,0,0,1,1,0,0,0,0
"POINT (8.436985679000031 48.992953417000081)",Unfall 85898 (2024) Kat:3, Licht: 0,85898,3,6,2,04,16,1,0,0,0,1,0,0,0,0
"POINT (8.423908068000060 49.003155950000064)",Unfall 85970 (2024) Kat:3, Licht: 0,85970,3,6,3,04,16,7,0,0,0,1,0,1,0,0
"POINT (8.344784726000057 49.001086602000044)",Unfall 85972 (2024) Kat:3, Licht: 0,85972,3,4,6,04,17,7,0,0,0,1,1,0,0,0
"POINT (8.389800777000062 49.019009389000075)",Unfall 85973 (2024) Kat:3, Licht: 0,85973,3,6,2,04,10,7,0,0,0,1,0,0,0,0
"POINT (8.403827272000058 48.990044787000045)",Unfall 86047 (2024) Kat:3, Licht: 0,86047,3,6,3,04,15,6,0,0,0,1,0,0,0,0
"POINT (8.430842676000054 48.993116147000080)",Unfall 86123 (2024) Kat:3, Licht: 0,86123,3,6,2,04,18,5,0,0,0,1,0,0,0,0
"POINT (8.393871130000036 48.998645426000053)",Unfall 86125 (2024) Kat:3, Licht: 1,86125,3,7,0,04,19,5,0,1,1,1,0,0,0,0
"POINT (8.442162911000025 48.997489606000045)",Unfall 86126 (2024) Kat:3, Licht: 0,86126,3,6,2,04,18,5,0,0,0,1,0,0,0,1
"POINT (8.449313028000063 48.971924985000044)",Unfall 86194 (2024) Kat:3, Licht: 0,86194,3,6,2,04,09,4,0,0,0,1,0,0,0,0
"POINT (8.441957425000055 48.997584800000027)",Unfall 86253 (2024) Kat:3, Licht: 0,86253,3,6,3,04,06,3,0,0,0,1,0,0,1,0
"POINT (8.344766939000067 49.001377700000035)",Unfall 86254 (2024) Kat:3, Licht: 0,86254,3,4,6,04,13,3,0,0,0,0,1,0,0,1
"POINT (8.430351935000033 48.993370000000027)",Unfall 86256 (2024) Kat:3, Licht: 0,86256,3,6,0,04,12,3,0,0,0,1,0,0,1,0
"POINT (8.439333106000049 49.004891373000078)",Unfall 86257 (2024) Kat:3, Licht: 0,86257,3,2,5,04,16,3,0,0,1,1,0,0,0,0
"POINT (8.452461471000049 48.971624779000081)",Unfall 86478 (2024) Kat:3, Licht: 0,86478,3,6,2,04,16,3,0,0,0,1,0,0,0,0
"POINT (8.424836151000022 48.966744021000068)",Unfall 86489 (2024) Kat:2, Licht: 0,86489,2,1,9,04,16,5,0,0,0,1,0,0,0,0
"POINT (8.459012495000025 49.030800629000055)",Unfall 86506 (2024) Kat:3, Licht: 0,86506,3,7,4,05,14,2,1,0,0,1,0,0,0,0
"POINT (8.426769037000042 49.000698397000065)",Unfall 86599 (2024) Kat:3, Licht: 2,86599,3,2,0,04,21,5,1,2,1,0,0,0,0,1
"POINT (8.466515600000037 49.015765523000027)",Unfall 86600 (2024) Kat:3, Licht: 0,86600,3,6,3,04,13,5,1,0,0,1,0,0,1,0
"POINT (8.366477974000077 49.004490500000031)",Unfall 86715 (2024) Kat:3, Licht: 0,86715,3,4,5,04,12,3,0,0,0,0,1,0,0,1
"POINT (8.387901400000032 49.014671628000031)",Unfall 86750 (2024) Kat:2, Licht: 0,86750,2,2,5,04,16,2,1,0,0,1,0,0,0,0
"POINT (8.448540767000054 49.001399840000033)",Unfall 86751 (2024) Kat:3, Licht: 0,86751,3,6,2,04,07,5,1,0,0,1,0,0,0,0
"POINT (8.361251815000060 49.007770340000036)",Unfall 86772 (2024) Kat:3, Licht: 0,86772,3,6,3,04,13,5,1,0,0,1,0,0,1,0
"POINT (8.378106003000028 49.005677831000071)",Unfall 86932 (2024) Kat:3, Licht: 0,86932,3,3,5,06,09,2,0,0,1,1,0,0,0,0
"POINT (8.479042564000054 48.999686633000067)",Unfall 86970 (2024) Kat:3, Licht: 0,86970,3,1,0,06,19,1,0,0,1,0,0,0,0,0
"POINT (8.362270169000055 49.038997573000074)",Unfall 87064 (2024) Kat:3, Licht: 0,87064,3,6,2,06,17,6,0,0,0,1,0,1,0,0
"POINT (8.349869218000038 49.005424033000054)",Unfall 87065 (2024) Kat:3, Licht: 0,87065,3,6,0,06,16,6,0,0,1,0,0,0,0,1
"POINT (8.387452648000021 49.010600168000053)",Unfall 87066 (2024) Kat:3, Licht: 0,87066,3,3,5,06,16,6,0,0,1,1,0,0,0,0
"POINT (8.409003598000027 48.961386461000075)",Unfall 87067 (2024) Kat:2, Licht: 0,87067,2,1,9,06,15,6,0,0,0,0,0,1,0,0
"POINT (8.378944250000075 49.005642482000042)",Unfall 87186 (2024) Kat:3, Licht: 0,87186,3,3,5,06,13,4,0,0,1,0,0,0,0,1
"POINT (8.394186012000034 49.038044901000035)",Unfall 87232 (2024) Kat:3, Licht: 0,87232,3,7,0,06,16,3,0,0,1,0,0,0,0,0
"POINT (8.436178259000030 48.991478964000066)",Unfall 87278 (2024) Kat:3, Licht: 0,87278,3,6,3,06,07,2,0,0,0,1,0,0,1,0
"POINT (8.376647725000055 48.990011506000030)",Unfall 87279 (2024) Kat:3, Licht: 0,87279,3,6,2,06,14,2,0,0,0,1,0,0,0,0
"POINT (8.357499553000025 49.025764119000030)",Unfall 87280 (2024) Kat:3, Licht: 0,87280,3,6,2,06,18,2,0,0,0,1,0,1,0,0
"POINT (8.451174724000055 49.035107409000034)",Unfall 87332 (2024) Kat:3, Licht: 0,87332,3,6,2,06,18,1,0,0,0,1,0,0,0,0
"POINT (8.437723688000062 48.994054750000032)",Unfall 87492 (2024) Kat:3, Licht: 0,87492,3,6,3,05,10,4,0,0,0,1,0,0,0,0
"POINT (8.437728973000048 49.005269493000071)",Unfall 87539 (2024) Kat:3, Licht: 0,87539,3,6,2,05,15,3,0,0,0,1,0,0,0,1
"POINT (8.363277895000067 48.995091172000059)",Unfall 87577 (2024) Kat:2, Licht: 0,87577,2,7,7,05,16,2,0,0,1,0,0,0,0,0
"POINT (8.480039038000029 49.029201083000032)",Unfall 87606 (2024) Kat:3, Licht: 1,87606,3,1,8,06,05,1,1,1,0,1,0,0,0,0
"POINT (8.349451847000068 48.999795916000039)",Unfall 87691 (2024) Kat:3, Licht: 0,87691,3,3,5,05,18,6,0,0,1,0,0,0,0,0
"POINT (8.448695417000067 49.025683152000056)",Unfall 87692 (2024) Kat:2, Licht: 0,87692,2,2,5,05,09,6,0,0,0,1,0,0,0,0
"POINT (8.438092669000071 49.012621569000032)",Unfall 87724 (2024) Kat:3, Licht: 0,87724,3,2,2,05,13,5,0,0,0,1,0,0,0,1
"POINT (8.480032711000035 49.029193299000042)",Unfall 87801 (2024) Kat:3, Licht: 0,87801,3,1,8,05,11,3,1,0,0,1,0,0,0,0
"POINT (8.428179635000049 48.995832316000076)",Unfall 87957 (2024) Kat:3, Licht: 0,87957,3,1,0,05,18,5,1,0,0,0,0,1,0,0
"POINT (8.356083012000056 49.022005138000054)",Unfall 87981 (2024) Kat:3, Licht: 0,87981,3,6,2,05,13,7,0,0,0,1,0,0,0,0
"POINT (8.351379012000052 49.006355964000079)",Unfall 88101 (2024) Kat:3, Licht: 0,88101,3,7,0,06,08,3,0,0,0,0,0,0,0,1
"POINT (8.399745511000049 48.959739196000044)",Unfall 88190 (2024) Kat:3, Licht: 1,88190,3,1,9,07,20,4,1,1,0,1,0,0,0,0
"POINT (8.427235303000032 49.000147250000055)",Unfall 88191 (2024) Kat:3, Licht: 0,88191,3,3,5,07,17,4,0,0,1,1,0,0,0,0
"POINT (8.427954615000033 48.995149417000050)",Unfall 88192 (2024) Kat:3, Licht: 0,88192,3,6,2,07,07,4,1,0,0,1,0,0,0,0
"POINT (8.420339843000022 49.004258297000035)",Unfall 88373 (2024) Kat:3, Licht: 0,88373,3,1,0,07,16,1,0,0,0,0,0,1,0,0
"POINT (8.352715561000025 49.013885323000068)",Unfall 88474 (2024) Kat:3, Licht: 0,88474,3,6,2,07,12,6,0,0,0,1,0,0,0,0
"POINT (8.387425626000038 49.010293668000031)",Unfall 88516 (2024) Kat:3, Licht: 0,88516,3,7,0,07,12,5,0,0,0,0,0,0,0,1
"POINT (8.387708823000025 49.012631991000035)",Unfall 88570 (2024) Kat:3, Licht: 0,88570,3,3,5,07,15,4,1,0,1,1,0,0,0,0
"POINT (8.437686918000054 49.005381438000029)",Unfall 88616 (2024) Kat:3, Licht: 0,88616,3,6,2,07,17,3,1,0,0,1,0,0,0,0
"POINT (8.494079509000073 49.049738417000071)",Unfall 88712 (2024) Kat:3, Licht: 0,88712,3,6,3,06,14,1,1,0,0,1,0,0,0,1
"POINT (8.331315613000072 48.985034719000055)",Unfall 88812 (2024) Kat:3, Licht: 0,88812,3,6,2,06,13,6,0,0,0,1,0,0,0,0
"POINT (8.395636738000064 49.022892212000045)",Unfall 88813 (2024) Kat:3, Licht: 0,88813,3,2,5,06,08,6,0,0,1,1,0,0,0,0
"POINT (8.474022256000069 49.010489331000031)",Unfall 88869 (2024) Kat:3, Licht: 0,88869,3,1,0,06,12,5,0,0,0,0,0,1,0,0
"POINT (8.470734742000047 48.953847252000060)",Unfall 88871 (2024) Kat:2, Licht: 1,88871,2,2,5,06,21,5,0,1,1,1,0,0,0,0
"POINT (8.438309029000038 48.973181025000031)",Unfall 88872 (2024) Kat:3, Licht: 0,88872,3,6,2,06,08,5,0,0,0,1,0,0,0,0
"POINT (8.371461189000058 49.005598119000069)",Unfall 88955 (2024) Kat:3, Licht: 0,88955,3,3,5,07,13,5,0,0,0,1,0,0,0,1
"POINT (8.455360525000060 48.971458183000038)",Unfall 88961 (2024) Kat:3, Licht: 0,88961,3,6,2,06,16,6,0,0,0,1,0,0,0,0
"POINT (8.447989564000068 48.971834032000061)",Unfall 89016 (2024) Kat:3, Licht: 0,89016,3,6,3,06,13,3,0,0,0,1,0,0,1,0
"POINT (8.450971177000042 49.034822122000037)",Unfall 89018 (2024) Kat:3, Licht: 0,89018,3,2,5,06,12,3,0,0,0,1,0,0,0,0
"POINT (8.435960327000032 48.990845823000029)",Unfall 89019 (2024) Kat:3, Licht: 0,89019,3,2,3,06,15,3,0,0,0,1,0,0,1,0
"POINT (8.360398267000051 48.996034342000030)",Unfall 89100 (2024) Kat:3, Licht: 0,89100,3,7,1,06,18,2,0,0,0,1,0,1,0,0
"POINT (8.481030926000074 48.946534908000046)",Unfall 89162 (2024) Kat:3, Licht: 0,89162,3,1,0,06,15,1,0,0,0,0,0,1,0,0
"POINT (8.356906348000052 49.011476608000066)",Unfall 89337 (2024) Kat:3, Licht: 0,89337,3,1,0,06,14,5,0,0,0,0,0,0,0,1
"POINT (8.393626291000032 48.996415984000066)",Unfall 89410 (2024) Kat:3, Licht: 0,89410,3,6,3,06,19,4,0,0,0,0,0,0,0,1
"POINT (8.459859671000061 49.033302867000032)",Unfall 89465 (2024) Kat:3, Licht: 0,89465,3,3,5,06,08,3,0,0,1,1,0,0,0,0
"POINT (8.357993030000046 49.010965612000064)",Unfall 89466 (2024) Kat:3, Licht: 0,89466,3,2,5,06,10,3,0,0,0,1,0,1,0,0
"POINT (8.484413705000065 48.993438734000051)",Unfall 89467 (2024) Kat:2, Licht: 2,89467,2,1,9,06,00,3,0,2,0,0,0,1,0,0
"POINT (8.470738277000066 49.025504224000031)",Unfall 89590 (2024) Kat:3, Licht: 0,89590,3,3,5,06,17,1,0,0,0,1,0,0,0,0
"POINT (8.350320828000065 49.005534441000066)",Unfall 89591 (2024) Kat:3, Licht: 0,89591,3,4,6,06,17,1,0,0,0,1,1,0,0,0
"POINT (8.375657087000036 49.005571488000044)",Unfall 89700 (2024) Kat:3, Licht: 0,89700,3,3,5,06,07,6,0,0,1,0,0,0,0,0
"POINT (8.451458273000071 48.971670539000058)",Unfall 89778 (2024) Kat:3, Licht: 0,89778,3,6,2,06,17,5,0,0,0,1,0,0,0,1
"POINT (8.395604109000033 49.022877970000081)",Unfall 89841 (2024) Kat:3, Licht: 0,89841,3,3,5,06,14,4,0,0,1,1,0,0,0,0
"POINT (8.394103914000027 49.000779211000065)",Unfall 89899 (2024) Kat:3, Licht: 0,89899,3,2,0,06,16,3,0,0,1,1,0,0,0,0
"POINT (8.362287576000028 49.039152575000060)",Unfall 89903 (2024) Kat:3, Licht: 0,89903,3,6,2,06,07,3,0,0,0,1,0,0,0,0
"POINT (8.368284702000039 49.005505608000078)",Unfall 89915 (2024) Kat:3, Licht: 0,89915,3,6,2,08,09,2,0,0,0,1,0,0,0,0
"POINT (8.387063608000062 49.006634704000078)",Unfall 89945 (2024) Kat:3, Licht: 2,89945,3,2,5,08,21,1,0,2,1,1,0,0,0,0
"POINT (8.404160437000030 48.980673555000067)",Unfall 89992 (2024) Kat:3, Licht: 2,89992,3,3,5,08,06,7,0,2,0,1,0,1,0,0
"POINT (8.362282678000042 49.039141300000040)",Unfall 90026 (2024) Kat:3, Licht: 0,90026,3,6,2,08,18,6,0,0,0,1,0,0,0,0
"POINT (8.403970096000023 48.991170145000069)",Unfall 90027 (2024) Kat:2, Licht: 0,90027,2,3,5,08,16,6,0,0,1,1,0,0,0,0