WKT,Name,OBJECTID,UKATEGORIE,UTYP1,UART,UMONAT,USTUNDE,UWOCHENTAG,STRZUSTAND,ULICHTVERH,ISTRAD,ISTPKW,ISTFUSS,ISTKRAD,ISTGKFZ,ISTSONSTIG
"POINT (8.377419255000063 48.990626577000057)",Unfall 90028 (2024) Kat:3, Licht: 0,90028,3,6,2,08,15,6,0,0,0,1,0,0,0,0
"POINT (8.398906245000035 48.990942123000082)",Unfall 90079 (2024) Kat:3, Licht: 0,90079,3,6,2,08,12,5,0,0,0,1,0,0,0,0
"POINT (8.437286567000058 48.993841840000073)",Unfall 90111 (2024) Kat:3, Licht: 0,90111,3,6,2,08,09,4,0,0,0,1,0,0,1,0
"POINT (8.396739255000057 49.023604059000036)",Unfall 90135 (2024) Kat:3, Licht: 2,90135,3,6,2,08,21,7,0,2,0,1,0,0,0,0
"POINT (8.360513010000034 49.038816972000063)",Unfall 90187 (2024) Kat:3, Licht: 2,90187,3,7,8,08,03,2,0,2,0,1,0,0,0,0
"POINT (8.455638483000030 49.006465233000029)",Unfall 90188 (2024) Kat:3, Licht: 2,90188,3,6,2,08,22,2,0,2,0,1,0,0,1,0
"POINT (8.447992157000044 49.003303395000046)",Unfall 90289 (2024) Kat:3, Licht: 0,90289,3,3,0,08,13,6,0,0,1,0,0,0,1,0
"POINT (8.442185530000074 49.008585661000041)",Unfall 90290 (2024) Kat:3, Licht: 0,90290,3,6,2,08,15,6,0,0,0,1,0,1,0,0
"POINT (8.493605979000051 48.944955588000028)",Unfall 90391 (2024) Kat:3, Licht: 0,90391,3,6,3,08,11,4,0,0,0,1,0,0,0,1
"POINT (8.466881437000040 49.016654169000049)",Unfall 90392 (2024) Kat:2, Licht: 0,90392,2,1,0,08,10,4,1,0,0,0,0,1,0,1
"POINT (8.471830421000050 48.974993418000054)",Unfall 90430 (2024) Kat:2, Licht: 0,90430,2,1,9,08,15,3,0,0,0,1,0,0,0,0
"POINT (8.446996979000062 49.000930082000082)",Unfall 90431 (2024) Kat:3, Licht: 0,90431,3,6,2,08,17,3,0,0,0,1,0,0,0,0
"POINT (8.394629232000057 49.004363807000061)",Unfall 90466 (2024) Kat:3, Licht: 0,90466,3,3,5,08,16,2,0,0,1,0,0,0,0,1
"POINT (8.360019859000033 49.031391974000030)",Unfall 90468 (2024) Kat:3, Licht: 2,90468,3,3,5,08,22,2,0,2,0,1,0,0,0,0
"POINT (8.340917908000051 48.993649603000051)",Unfall 90469 (2024) Kat:3, Licht: 0,90469,3,2,5,08,11,2,0,0,0,1,0,1,0,0
"POINT (8.393673376000038 48.996904586000028)",Unfall 90547 (2024) Kat:3, Licht: 0,90547,3,6,1,08,11,6,0,0,1,1,0,0,0,0
"POINT (8.377867635000030 49.005684572000064)",Unfall 90587 (2024) Kat:3, Licht: 0,90587,3,2,5,08,14,6,0,0,1,0,0,0,0,1
"POINT (8.352164806000076 49.018785242000035)",Unfall 90588 (2024) Kat:3, Licht: 0,90588,3,3,5,08,08,6,0,0,1,1,0,0,0,0
"POINT (8.498297021000042 49.004677625000056)",Unfall 90721 (2024) Kat:3, Licht: 0,90721,3,6,2,08,12,1,0,0,0,1,0,0,0,0
"POINT (8.403944420000073 48.990867208000054)",Unfall 90730 (2024) Kat:3, Licht: 0,90730,3,6,4,08,19,3,0,0,1,0,0,0,0,0
"POINT (8.505528281000068 48.962214483000025)",Unfall 90775 (2024) Kat:2, Licht: 0,90775,2,1,9,08,15,2,0,0,1,0,0,0,0,0
"POINT (8.389659065000046 49.018843799000081)",Unfall 91022 (2024) Kat:3, Licht: 0,91022,3,2,5,07,07,4,0,0,1,0,0,0,0,1
"POINT (8.476274507000028 49.022820176000039)",Unfall 91071 (2024) Kat:3, Licht: 0,91071,3,1,0,07,16,3,0,0,0,0,0,0,0,1
"POINT (8.430685210000036 48.997930239000027)",Unfall 91247 (2024) Kat:3, Licht: 2,91247,3,7,0,07,21,7,1,2,1,0,0,0,0,0
"POINT (8.344767029000025 49.001065802000028)",Unfall 91248 (2024) Kat:3, Licht: 0,91248,3,6,2,07,17,7,0,0,0,1,0,0,0,0
"POINT (8.460874548000049 49.010663286000067)",Unfall 91249 (2024) Kat:3, Licht: 2,91249,3,6,3,07,22,7,1,2,0,1,0,0,1,0
"POINT (8.335613124000076 49.026029812000047)",Unfall 91368 (2024) Kat:2, Licht: 0,91368,2,7,8,07,05,5,0,0,0,1,0,0,0,0
"POINT (8.440042408000068 49.006639388000053)",Unfall 91370 (2024) Kat:3, Licht: 0,91370,3,7,0,07,09,5,0,0,1,0,0,0,0,0
"POINT (8.387437359000046 49.010500151000031)",Unfall 91374 (2024) Kat:3, Licht: 0,91374,3,7,0,07,16,5,0,0,0,0,0,1,0,0
"POINT (8.451168431000042 49.035080338000057)",Unfall 91433 (2024) Kat:3, Licht: 0,91433,3,6,2,07,15,4,0,0,0,1,0,0,0,0
"POINT (8.353102195000076 49.013505570000063)",Unfall 91434 (2024) Kat:3, Licht: 0,91434,3,6,2,07,15,4,0,0,0,1,0,0,0,0
"POINT (8.358532531000037 49.010376723000036)",Unfall 91435 (2024) Kat:3, Licht: 0,91435,3,3,5,07,08,4,0,0,1,1,0,0,0,0
"POINT (8.428185973000041 48.994566564000081)",Unfall 91499 (2024) Kat:2, Licht: 0,91499,2,6,2,07,14,3,0,0,0,1,0,1,0,0
"POINT (8.391320636000046 49.005404269000053)",Unfall 91630 (2024) Kat:2, Licht: 0,91630,2,3,5,07,13,1,0,0,1,1,0,0,0,0
"POINT (8.476016081000068 48.960128043000054)",Unfall 91635 (2024) Kat:3, Licht: 2,91635,3,6,2,07,01,1,0,2,0,1,0,0,0,0
"POINT (8.400588342000049 48.989417346000039)",Unfall 91783 (2024) Kat:2, Licht: 0,91783,2,7,8,08,12,4,0,0,0,1,0,0,1,1
"POINT (8.444469663000064 48.972192226000061)",Unfall 91807 (2024) Kat:2, Licht: 0,91807,2,6,2,07,18,6,0,0,0,1,0,0,0,0
"POINT (8.367802440000048 49.001765240000054)",Unfall 91877 (2024) Kat:3, Licht: 0,91877,3,6,2,07,11,5,0,0,0,1,0,0,1,0
"POINT (8.386065986000062 48.998719272000073)",Unfall 91878 (2024) Kat:3, Licht: 0,91878,3,2,2,07,15,5,0,0,0,1,0,0,0,1
"POINT (8.442662873000074 49.004271262000032)",Unfall 91879 (2024) Kat:3, Licht: 0,91879,3,3,5,07,19,5,0,0,1,1,0,0,0,0
"POINT (8.360715469000070 48.995928039000034)",Unfall 91979 (2024) Kat:2, Licht: 2,91979,2,7,0,07,22,4,0,2,1,0,0,0,0,0
"POINT (8.445083822000072 48.987539286000072)",Unfall 92044 (2024) Kat:3, Licht: 0,92044,3,7,2,07,11,3,0,0,0,1,0,1,0,0
"POINT (8.316619599000035 49.037684211000055)",Unfall 92116 (2024) Kat:3, Licht: 0,92116,3,6,2,07,09,2,0,0,0,1,0,0,0,0
"POINT (8.464101035000056 48.967455153000060)",Unfall 92250 (2024) Kat:3, Licht: 0,92250,3,6,2,07,09,7,0,0,0,1,0,1,0,0
"POINT (8.390596172000073 49.005398411000044)",Unfall 92290 (2024) Kat:3, Licht: 0,92290,3,5,1,07,20,7,0,0,1,1,0,0,0,0
"POINT (8.437892718000057 49.005162204000044)",Unfall 92291 (2024) Kat:3, Licht: 0,92291,3,2,5,07,18,7,0,0,1,1,0,0,0,0
"POINT (8.451172845000031 49.035099325000033)",Unfall 92362 (2024) Kat:3, Licht: 0,92362,3,6,2,07,11,6,0,0,0,1,0,0,0,0
"POINT (8.386253619000058 49.003222286000039)",Unfall 92363 (2024) Kat:3, Licht: 0,92363,3,7,0,07,20,6,0,0,0,0,0,0,0,1
"POINT (8.445481099000062 48.987552607000055)",Unfall 92364 (2024) Kat:3, Licht: 0,92364,3,6,2,07,12,6,1,0,0,1,0,0,0,1
"POINT (8.452956895000057 49.043200257000080)",Unfall 92397 (2024) Kat:3, Licht: 0,92397,3,6,2,07,15,3,0,0,0,1,0,1,0,0
"POINT (8.401724595000076 48.991638380000040)",Unfall 92412 (2024) Kat:3, Licht: 2,92412,3,3,5,08,22,1,1,2,0,1,0,0,0,0
"POINT (8.386692172000039 49.004365208000081)",Unfall 92440 (2024) Kat:3, Licht: 0,92440,3,3,5,09,16,5,0,0,0,1,0,0,0,1
"POINT (8.445158002000028 49.020985781000036)",Unfall 92441 (2024) Kat:3, Licht: 0,92441,3,3,5,09,15,5,0,0,1,1,0,0,0,0
"POINT (8.439859511000066 48.973392651000040)",Unfall 92486 (2024) Kat:3, Licht: 0,92486,3,1,8,09,13,4,0,0,0,1,0,0,0,0
"POINT (8.398236427000029 49.014293764000058)",Unfall 92526 (2024) Kat:3, Licht: 0,92526,3,2,5,09,19,3,0,0,1,1,0,0,0,0
"POINT (8.415591777000031 49.005333813000050)",Unfall 92527 (2024) Kat:3, Licht: 0,92527,3,2,5,09,15,3,0,0,1,1,0,0,0,0
"POINT (8.393459014000030 48.994662079000079)",Unfall 92569 (2024) Kat:3, Licht: 2,92569,3,1,0,09,20,2,1,2,1,0,0,0,0,0
"POINT (8.393851834000031 48.998463781000055)",Unfall 92571 (2024) Kat:3, Licht: 0,92571,3,6,2,09,11,2,0,0,0,1,0,0,0,0
"POINT (8.391355957000030 49.053139367000028)",Unfall 92639 (2024) Kat:3, Licht: 2,92639,3,6,2,09,20,7,0,2,0,1,0,0,0,0
"POINT (8.355650453000067 49.012732965000055)",Unfall 92739 (2024) Kat:3, Licht: 0,92739,3,2,5,09,07,5,0,0,1,1,0,0,0,0
"POINT (8.455015635000052 49.002138660000071)",Unfall 92740 (2024) Kat:3, Licht: 0,92740,3,2,5,09,11,5,1,0,1,1,0,0,0,0
"POINT (8.481879488000061 48.994877936000080)",Unfall 92742 (2024) Kat:3, Licht: 0,92742,3,5,1,09,13,5,0,0,0,1,0,0,0,1
"POINT (8.435368103000030 48.992759824000075)",Unfall 92792 (2024) Kat:3, Licht: 0,92792,3,6,2,09,16,4,1,0,0,1,0,0,0,0
"POINT (8.507909937000022 49.005270065000047)",Unfall 92793 (2024) Kat:3, Licht: 0,92793,3,6,2,09,13,4,1,0,0,1,0,0,0,1
"POINT (8.392225724000070 49.058056225000030)",Unfall 92884 (2024) Kat:3, Licht: 0,92884,3,3,5,09,07,2,0,0,0,1,0,0,0,0
"POINT (8.379429131000052 48.992133183000078)",Unfall 92885 (2024) Kat:3, Licht: 0,92885,3,2,5,09,11,2,0,0,0,1,0,0,1,0
"POINT (8.482894791000035 48.954723629000057)",Unfall 92926 (2024) Kat:3, Licht: 0,92926,3,6,2,09,15,1,0,0,0,1,0,0,0,0
"POINT (8.392226665000067 49.058059449000041)",Unfall 93017 (2024) Kat:2, Licht: 0,93017,2,3,5,09,14,1,0,0,0,1,0,0,0,0
"POINT (8.469801307000068 48.955646502000036)",Unfall 93054 (2024) Kat:2, Licht: 0,93054,2,3,5,09,11,6,0,0,0,1,0,1,0,0
"POINT (8.387901030000023 49.014669280000078)",Unfall 93112 (2024) Kat:3, Licht: 2,93112,3,2,5,09,22,5,1,2,0,1,0,0,0,1
"POINT (8.383711906000030 48.995329228000060)",Unfall 93114 (2024) Kat:3, Licht: 0,93114,3,2,2,09,16,5,0,0,0,1,0,0,0,0
"POINT (8.450902148000068 49.003452381000045)",Unfall 93174 (2024) Kat:3, Licht: 0,93174,3,7,0,09,09,4,1,0,0,0,0,1,0,0
"POINT (8.386916476000067 49.005263292000052)",Unfall 93175 (2024) Kat:3, Licht: 0,93175,3,6,3,09,18,4,0,0,1,1,0,0,0,0
"POINT (8.483016627000040 48.954600032000030)",Unfall 93339 (2024) Kat:1, Licht: 1,93339,1,1,8,09,06,1,0,1,0,1,0,0,0,0
"POINT (8.365384580000068 49.004865413000061)",Unfall 93524 (2024) Kat:3, Licht: 0,93524,3,3,5,08,12,5,0,0,0,1,0,0,0,0
"POINT (8.420150356000022 49.004300330000035)",Unfall 93533 (2024) Kat:3, Licht: 0,93533,3,2,5,09,15,5,0,0,1,1,0,0,0,0
"POINT (8.472715164000022 49.021684510000057)",Unfall 93565 (2024) Kat:3, Licht: 0,93565,3,1,9,09,15,2,1,0,0,1,0,0,0,0
"POINT (8.357853460000058 49.010849772000029)",Unfall 93613 (2024) Kat:3, Licht: 0,93613,3,6,3,08,17,4,0,0,0,1,0,1,0,0
"POINT (8.368109264000054 48.992473241000027)",Unfall 93614 (2024) Kat:3, Licht: 0,93614,3,6,2,08,14,4,0,0,0,1,0,0,0,0
"POINT (8.452722475000030 48.971612872000037)",Unfall 93685 (2024) Kat:3, Licht: 0,93685,3,6,3,09,16,3,0,0,0,1,0,0,1,0
"POINT (8.405643146000045 48.961667370000043)",Unfall 93708 (2024) Kat:3, Licht: 0,93708,3,2,5,10,15,3,0,0,0,1,0,0,0,0
"POINT (8.464014022000072 48.967513585000063)",Unfall 93709 (2024) Kat:3, Licht: 0,93709,3,6,2,10,07,3,0,0,0,1,0,0,0,0
"POINT (8.410571347000030 48.961642467000047)",Unfall 93710 (2024) Kat:3, Licht: 0,93710,3,6,2,10,10,3,1,0,0,0,0,0,1,0
"POINT (8.325544648000061 49.036410197000066)",Unfall 93774 (2024) Kat:3, Licht: 0,93774,3,1,8,10,08,2,0,0,0,0,0,1,0,0
"POINT (8.463960842000063 48.967343758000027)",Unfall 93775 (2024) Kat:3, Licht: 2,93775,3,3,5,10,06,2,0,2,0,1,0,0,1,0
"POINT (8.398640714000067 49.012797354000043)",Unfall 93811 (2024) Kat:3, Licht: 0,93811,3,3,5,10,17,1,0,0,1,1,0,0,0,0
"POINT (8.387169828000026 49.005519318000040)",Unfall 93855 (2024) Kat:2, Licht: 0,93855,2,6,3,10,15,7,0,0,0,1,0,1,0,0
"POINT (8.453103268000064 49.002458772000068)",Unfall 93896 (2024) Kat:3, Licht: 0,93896,3,3,2,10,13,6,0,0,1,1,0,0,0,0
"POINT (8.423889901000052 49.003206532000036)",Unfall 93942 (2024) Kat:3, Licht: 1,93942,3,3,5,10,07,5,0,1,0,1,0,0,0,0
"POINT (8.437666047000050 49.005205830000079)",Unfall 93943 (2024) Kat:3, Licht: 2,93943,3,3,5,10,22,5,0,2,0,1,0,0,0,0
"POINT (8.473812143000032 48.961236148000069)",Unfall 93944 (2024) Kat:3, Licht: 0,93944,3,6,3,10,16,5,0,0,0,1,0,0,0,0
"POINT (8.394489223000051 49.005298920000030)",Unfall 94027 (2024) Kat:3, Licht: 0,94027,3,7,0,10,14,3,0,0,1,0,0,0,0,0
"POINT (8.436279835000050 48.985780364000050)",Unfall 94028 (2024) Kat:3, Licht: 1,94028,3,7,8,10,07,3,0,1,0,1,0,0,0,0
"POINT (8.387903579000067 49.014685504000056)",Unfall 94069 (2024) Kat:3, Licht: 2,94069,3,2,5,10,22,2,1,2,0,1,0,0,0,0
"POINT (8.396557421000068 48.994363080000028)",Unfall 94136 (2024) Kat:3, Licht: 0,94136,3,6,3,10,10,7,0,0,0,1,0,0,0,1
"POINT (8.387283407000041 49.008555827000066)",Unfall 94171 (2024) Kat:3, Licht: 2,94171,3,6,2,10,23,6,0,2,0,1,0,0,0,0
"POINT (8.350214783000069 49.005445573000031)",Unfall 94225 (2024) Kat:3, Licht: 2,94225,3,2,5,10,05,5,1,2,0,1,0,0,0,1
"POINT (8.495321756000067 48.945679084000062)",Unfall 94246 (2024) Kat:3, Licht: 0,94246,3,6,2,10,09,5,1,0,0,1,0,0,0,1
"POINT (8.385771004000048 48.998721931000034)",Unfall 94264 (2024) Kat:3, Licht: 0,94264,3,2,5,10,21,4,0,0,1,1,0,0,0,0
"POINT (8.487676323000073 48.950365336000061)",Unfall 94266 (2024) Kat:3, Licht: 0,94266,3,6,3,10,17,4,0,0,0,1,0,0,1,0
"POINT (8.446848592000038 48.986730837000039)",Unfall 94267 (2024) Kat:3, Licht: 0,94267,3,6,2,10,13,4,1,0,0,1,0,0,0,0
"POINT (8.440839448000077 49.043279052000059)",Unfall 94268 (2024) Kat:3, Licht: 1,94268,3,2,5,10,06,4,1,1,0,1,0,0,0,0
"POINT (8.424534836000021 49.002883501000042)",Unfall 94326 (2024) Kat:3, Licht: 0,94326,3,3,5,10,07,3,0,0,1,1,0,0,0,0
"POINT (8.482881088000056 48.954737530000045)",Unfall 94327 (2024) Kat:3, Licht: 0,94327,3,6,2,10,10,3,1,0,0,1,0,0,1,0
"POINT (8.445182087000035 48.987598241000057)",Unfall 94383 (2024) Kat:3, Licht: 2,94383,3,3,5,10,18,2,1,2,0,1,0,0,0,0
"POINT (8.445112666000057 48.987556591000043)",Unfall 94427 (2024) Kat:3, Licht: 0,94427,3,1,9,10,10,1,0,0,0,0,0,1,0,0
"POINT (8.389073376000056 49.005518054000049)",Unfall 94591 (2024) Kat:3, Licht: 0,94591,3,6,3,10,12,4,0,0,0,1,0,1,0,0
"POINT (8.494974005000074 48.945739763000063)",Unfall 94595 (2024) Kat:3, Licht: 0,94595,3,6,2,10,08,4,1,0,0,1,0,0,0,0
"POINT (8.375056814000061 48.988565676000064)",Unfall 94596 (2024) Kat:3, Licht: 0,94596,3,3,5,10,15,4,1,0,0,1,0,0,1,0
"POINT (8.436623988000065 48.985415588000080)",Unfall 94598 (2024) Kat:3, Licht: 0,94598,3,6,2,10,15,4,0,0,0,1,0,0,0,0
"POINT (8.404726432000075 48.972382383000081)",Unfall 94650 (2024) Kat:3, Licht: 0,94650,3,2,2,10,10,3,1,0,0,1,0,0,0,0
"POINT (8.394197933000044 49.002263334000077)",Unfall 94651 (2024) Kat:3, Licht: 0,94651,3,4,6,10,10,3,1,0,1,0,1,0,0,0
"POINT (8.401487051000061 48.991577606000078)",Unfall 94712 (2024) Kat:2, Licht: 0,94712,2,1,0,09,16,2,1,0,0,0,0,1,0,0
"POINT (8.458367888000055 49.008494047000056)",Unfall 94714 (2024) Kat:3, Licht: 0,94714,3,1,0,09,08,2,1,0,0,0,0,1,0,0
"POINT (8.495989527000063 48.946281832000068)",Unfall 94715 (2024) Kat:3, Licht: 1,94715,3,6,2,09,06,2,0,1,0,1,0,0,0,0
"POINT (8.485881676000076 49.007092493000073)",Unfall 94759 (2024) Kat:3, Licht: 0,94759,3,6,2,09,12,1,0,0,0,1,0,0,0,0
"POINT (8.353614704000051 49.016447652000068)",Unfall 94809 (2024) Kat:3, Licht: 2,94809,3,3,5,09,06,7,1,2,0,1,0,0,1,0
"POINT (8.405577621000020 48.962196018000043)",Unfall 94855 (2024) Kat:3, Licht: 2,94855,3,7,0,09,23,6,1,2,0,0,0,1,0,0
"POINT (8.440323714000044 49.017890650000027)",Unfall 94905 (2024) Kat:3, Licht: 0,94905,3,3,5,09,07,5,1,0,0,1,0,0,0,1
"POINT (8.427233929000067 49.000148253000077)",Unfall 94907 (2024) Kat:3, Licht: 0,94907,3,3,0,09,14,5,1,0,0,1,0,1,0,0
"POINT (8.386577243000033 49.004279610000026)",Unfall 94940 (2024) Kat:3, Licht: 0,94940,3,1,0,09,08,6,1,0,0,0,0,1,0,0
"POINT (8.385766127000068 48.998677808000082)",Unfall 94953 (2024) Kat:3, Licht: 0,94953,3,3,5,09,17,4,0,0,1,1,0,0,0,0
"POINT (8.451116590000026 49.034850665000079)",Unfall 94956 (2024) Kat:3, Licht: 0,94956,3,6,2,09,16,4,0,0,0,1,0,0,0,0
"POINT (8.405629396000052 48.961756890000061)",Unfall 95007 (2024) Kat:3, Licht: 0,95007,3,3,5,09,14,3,0,0,0,1,0,0,0,1
"POINT (8.387170840000067 49.007607171000075)",Unfall 95068 (2024) Kat:3, Licht: 0,95068,3,2,5,09,12,2,1,0,1,1,0,0,0,0
"POINT (8.392089337000073 49.058186319000072)",Unfall 95153 (2024) Kat:3, Licht: 1,95153,3,2,5,09,18,1,0,1,1,1,0,0,0,0
"POINT (8.387017306000075 49.006265679000080)",Unfall 95154 (2024) Kat:3, Licht: 0,95154,3,6,2,09,17,1,0,0,0,1,0,0,0,0
"POINT (8.477157823000027 48.997720189000063)",Unfall 95206 (2024) Kat:3, Licht: 0,95206,3,2,5,09,17,1,0,0,0,1,0,0,0,0
"POINT (8.464841052000054 49.027889034000054)",Unfall 95237 (2024) Kat:3, Licht: 0,95237,3,3,5,09,17,7,0,0,0,1,0,0,0,0
"POINT (8.375313551000033 48.976561851000042)",Unfall 95239 (2024) Kat:3, Licht: 0,95239,3,6,2,09,14,7,0,0,0,1,0,0,0,0
"POINT (8.405504663000045 48.962492493000070)",Unfall 95240 (2024) Kat:3, Licht: 0,95240,3,6,1,09,12,7,0,0,0,1,0,0,0,0
"POINT (8.446769643000039 49.000744178000048)",Unfall 95495 (2024) Kat:3, Licht: 2,95495,3,6,2,12,17,2,0,2,0,1,0,0,0,0
"POINT (8.353222766000044 49.012088306000066)",Unfall 95520 (2024) Kat:3, Licht: 0,95520,3,6,2,12,13,1,0,0,0,1,0,0,0,0
"POINT (8.365930777000074 49.004352074000053)",Unfall 95542 (2024) Kat:2, Licht: 0,95542,2,3,5,12,12,7,0,0,1,1,0,0,0,0
"POINT (8.389082424000037 49.032664230000080)",Unfall 95577 (2024) Kat:3, Licht: 2,95577,3,3,5,12,18,6,0,2,1,1,0,0,0,0
"POINT (8.386142812000060 49.002233018000027)",Unfall 95578 (2024) Kat:3, Licht: 2,95578,3,3,0,12,19,6,0,2,1,0,0,0,0,1
"POINT (8.396456162000050 49.023344315000031)",Unfall 95579 (2024) Kat:3, Licht: 0,95579,3,6,2,12,09,6,0,0,0,1,0,0,0,0
"POINT (8.394104653000056 49.000761245000035)",Unfall 95605 (2024) Kat:3, Licht: 2,95605,3,2,5,12,17,5,0,2,1,0,0,1,0,0
"POINT (8.365388176000067 49.004866432000028)",Unfall 95635 (2024) Kat:3, Licht: 2,95635,3,3,5,12,18,4,0,2,0,1,0,0,0,0
"POINT (8.398155097000028 49.015158961000054)",Unfall 95637 (2024) Kat:3, Licht: 2,95637,3,2,5,12,17,4,0,2,1,1,0,0,0,0
"POINT (8.437000251000029 48.980872988000044)",Unfall 95674 (2024) Kat:3, Licht: 0,95674,3,6,2,12,08,3,0,0,0,1,0,0,1,1
"POINT (8.437006745000076 48.980793552000080)",Unfall 95675 (2024) Kat:3, Licht: 0,95675,3,6,2,12,08,3,0,0,0,1,0,0,0,0
"POINT (8.423885623000047 49.003258550000055)",Unfall 95676 (2024) Kat:3, Licht: 2,95676,3,6,2,12,22,3,0,2,0,1,0,0,0,0
"POINT (8.455787458000032 49.006570595000028)",Unfall 95678 (2024) Kat:3, Licht: 0,95678,3,6,2,12,07,3,0,0,0,1,0,0,0,0
"POINT (8.404425694000054 48.990193037000040)",Unfall 95679 (2024) Kat:3, Licht: 2,95679,3,6,2,12,17,3,0,2,0,1,0,0,0,0
"POINT (8.358307460000049 49.010103330000049)",Unfall 95747 (2024) Kat:3, Licht: 2,95747,3,3,5,12,18,1,0,2,1,1,0,0,0,0
"POINT (8.387474864000069 49.010713890000034)",Unfall 95783 (2024) Kat:3, Licht: 0,95783,3,6,2,12,13,7,1,0,0,1,0,0,0,0
"POINT (8.387174200000061 49.007637644000056)",Unfall 95784 (2024) Kat:3, Licht: 0,95784,3,3,5,12,10,7,1,0,1,1,0,0,0,0
"POINT (8.474887361000071 48.994918186000064)",Unfall 95831 (2024) Kat:3, Licht: 0,95831,3,3,5,12,08,6,0,0,0,1,0,0,0,0
"POINT (8.446134292000067 48.999987251000050)",Unfall 95832 (2024) Kat:3, Licht: 1,95832,3,6,3,12,16,6,0,1,0,1,0,0,1,0
"POINT (8.482671083000071 49.033197604000065)",Unfall 95833 (2024) Kat:3, Licht: 2,95833,3,7,3,12,23,6,0,2,0,1,0,0,1,0
"POINT (8.354179538000039 49.017181435000055)",Unfall 95881 (2024) Kat:3, Licht: 0,95881,3,3,5,12,12,5,0,0,1,1,0,0,0,0
"POINT (8.403895117000047 48.989586662000079)",Unfall 95914 (2024) Kat:3, Licht: 1,95914,3,3,5,12,07,4,1,1,1,1,0,0,0,0
"POINT (8.396482039000034 48.993032557000049)",Unfall 95916 (2024) Kat:3, Licht: 1,95916,3,3,5,12,07,4,1,1,1,1,0,0,0,0
"POINT (8.447925500000053 49.003314467000052)",Unfall 96006 (2024) Kat:2, Licht: 2,96006,2,3,5,12,05,2,0,2,0,1,0,0,0,1
"POINT (8.393288993000056 48.958571168000049)",Unfall 96007 (2024) Kat:3, Licht: 0,96007,3,6,3,12,16,2,0,0,0,1,0,0,1,0
"POINT (8.491312275000041 49.045791479000059)",Unfall 96097 (2024) Kat:3, Licht: 0,96097,3,6,2,11,13,6,0,0,0,1,0,0,0,0
"POINT (8.469990034000034 49.019084664000047)",Unfall 96098 (2024) Kat:2, Licht: 0,96098,2,6,2,11,13,6,0,0,0,1,0,0,0,0
"POINT (8.477548821000028 49.026674418000027)",Unfall 96109 (2024) Kat:3, Licht: 0,96109,3,6,2,12,14,6,0,0,0,1,0,0,0,0
"POINT (8.442124512000021 48.997466325000062)",Unfall 96139 (2024) Kat:3, Licht: 2,96139,3,6,3,11,17,5,0,2,0,1,0,0,1,0
"POINT (8.442427137000038 49.004317296000067)",Unfall 96277 (2024) Kat:3, Licht: 0,96277,3,7,5,11,14,2,0,0,0,1,0,0,0,1
"POINT (8.387368063000054 49.009528336000074)",Unfall 96278 (2024) Kat:3, Licht: 0,96278,3,2,5,11,10,2,0,0,1,1,0,0,0,0
"POINT (8.443917857000031 49.004026184000054)",Unfall 96332 (2024) Kat:2, Licht: 2,96332,2,7,0,11,22,7,0,2,1,0,0,0,0,0
"POINT (8.403551859000061 48.988224647000038)",Unfall 96442 (2024) Kat:3, Licht: 2,96442,3,3,5,11,19,5,0,2,1,1,0,0,0,0
"POINT (8.350571214000070 49.005728833000035)",Unfall 96478 (2024) Kat:1, Licht: 0,96478,1,4,6,11,16,4,0,0,0,0,1,0,0,1
"POINT (8.406768816000067 48.976101168000071)",Unfall 96520 (2024) Kat:3, Licht: 2,96520,3,2,6,11,17,3,1,2,0,1,1,0,0,0
"POINT (8.436379785000042 48.989782404000039)",Unfall 96522 (2024) Kat:3, Licht: 2,96522,3,1,5,11,23,3,1,2,0,1,0,0,1,0
"POINT (8.404286347000038 48.980835960000036)",Unfall 96523 (2024) Kat:3, Licht: 2,96523,3,2,6,11,17,3,1,2,0,1,1,0,0,0
"POINT (8.434422007000023 48.991291671000056)",Unfall 96525 (2024) Kat:3, Licht: 0,96525,3,6,2,11,15,3,1,0,0,1,0,0,0,1
"POINT (8.347993257000041 49.019107007000059)",Unfall 96669 (2024) Kat:3, Licht: 2,96669,3,6,3,11,17,6,0,2,0,1,0,0,0,0
"POINT (8.473186937000037 48.973574579000058)",Unfall 96670 (2024) Kat:3, Licht: 1,96670,3,3,5,11,07,6,1,1,1,1,0,0,0,0
"POINT (8.393919909000033 48.999104592000037)",Unfall 96712 (2024) Kat:3, Licht: 0,96712,3,5,1,11,15,5,1,0,0,1,0,1,0,0
"POINT (8.446065479000026 48.972102420000056)",Unfall 96713 (2024) Kat:3, Licht: 0,96713,3,6,2,11,08,5,1,0,0,1,0,0,0,0
"POINT (8.376487830000030 49.061679717000061)",Unfall 96715 (2024) Kat:3, Licht: 2,96715,3,6,2,11,17,5,1,2,0,1,0,0,0,0
"POINT (8.446082730000057 48.971694059000072)",Unfall 96828 (2024) Kat:3, Licht: 2,96828,3,6,2,11,17,3,0,2,0,0,0,0,1,1
"POINT (8.387375102000021 49.009621984000034)",Unfall 96829 (2024) Kat:2, Licht: 0,96829,2,7,6,11,08,3,1,0,1,0,1,0,0,0
"POINT (8.479003443000067 48.999657352000042)",Unfall 96831 (2024) Kat:2, Licht: 2,96831,2,1,0,11,18,3,0,2,1,0,0,0,0,0
"POINT (8.516978733000030 48.959021438000036)",Unfall 96840 (2024) Kat:3, Licht: 2,96840,3,7,8,12,17,2,1,2,0,1,0,0,0,0
"POINT (8.363649435000070 49.041570686000057)",Unfall 96925 (2024) Kat:3, Licht: 2,96925,3,7,5,11,00,1,1,2,0,1,0,0,0,0