WKT,Name,OBJECTID,UKATEGORIE,UTYP1,UART,UMONAT,USTUNDE,UWOCHENTAG,STRZUSTAND,ULICHTVERH,ISTRAD,ISTPKW,ISTFUSS,ISTKRAD,ISTGKFZ,ISTSONSTIG
"POINT (8.396708688000047 49.023309028000028)",Unfall 97004 (2024) Kat:3, Licht: 0,97004,3,2,5,11,08,6,0,0,0,1,0,0,0,0
"POINT (8.437001187000021 48.980861522000055)",Unfall 97057 (2024) Kat:3, Licht: 0,97057,3,6,2,12,07,3,0,0,0,1,0,0,0,0
"POINT (8.394970286000046 49.033399574000043)",Unfall 97060 (2024) Kat:3, Licht: 2,97060,3,6,3,11,18,5,0,2,0,1,0,0,0,0
"POINT (8.445128184000055 48.987629502000061)",Unfall 97062 (2024) Kat:3, Licht: 2,97062,3,1,0,11,21,5,0,2,0,0,0,1,0,0
"POINT (8.437156339000069 49.005095902000051)",Unfall 97065 (2024) Kat:2, Licht: 2,97065,2,7,0,11,23,5,0,2,1,0,0,0,0,0
"POINT (8.354159936000030 49.017150643000036)",Unfall 97110 (2024) Kat:3, Licht: 2,97110,3,2,2,12,18,3,1,2,0,1,0,0,0,0
"POINT (8.399371448000068 49.011869575000048)",Unfall 97149 (2024) Kat:3, Licht: 0,97149,3,1,0,11,08,3,1,0,1,0,0,0,0,0
"POINT (8.354937819000043 49.014167919000045)",Unfall 97190 (2024) Kat:3, Licht: 1,97190,3,2,5,11,21,3,0,1,0,1,0,0,0,1
"POINT (8.487083498000061 48.950681917000054)",Unfall 97191 (2024) Kat:3, Licht: 2,97191,3,7,7,11,19,3,0,2,0,1,0,0,0,0
"POINT (8.436370269000065 49.015522103000080)",Unfall 97192 (2024) Kat:3, Licht: 0,97192,3,6,2,11,09,3,0,0,0,1,0,0,0,0
"POINT (8.357037869000067 49.011595250000028)",Unfall 97193 (2024) Kat:3, Licht: 1,97193,3,2,5,11,22,3,0,1,1,1,0,0,0,0
"POINT (8.423886673000027 49.003225649000058)",Unfall 97251 (2024) Kat:3, Licht: 2,97251,3,3,5,11,21,2,0,2,0,1,0,0,0,0
"POINT (8.487610878000055 49.040255498000079)",Unfall 97252 (2024) Kat:3, Licht: 0,97252,3,6,3,11,10,2,0,0,0,1,0,0,1,0
"POINT (8.463433168000051 48.981837878000078)",Unfall 97288 (2024) Kat:3, Licht: 0,97288,3,3,5,11,07,3,0,0,1,1,0,0,0,0
"POINT (8.442266964000055 49.004347019000079)",Unfall 97340 (2024) Kat:2, Licht: 1,97340,2,4,6,11,16,4,0,1,0,0,1,0,0,1
"POINT (8.392847878000055 49.045747858000027)",Unfall 97405 (2024) Kat:1, Licht: 0,97405,1,3,5,10,09,5,0,0,1,1,0,0,0,0
"POINT (8.500859845000036 48.949904754000045)",Unfall 97503 (2024) Kat:3, Licht: 2,97503,3,6,4,10,18,3,0,2,1,0,0,0,0,0
"POINT (8.403551951000054 48.988222553000071)",Unfall 97554 (2024) Kat:3, Licht: 2,97554,3,3,5,10,19,2,0,2,1,1,0,0,0,0
"POINT (8.347026784000036 49.024557339000069)",Unfall 97555 (2024) Kat:2, Licht: 0,97555,2,2,5,10,14,2,0,0,0,1,0,0,0,1
"POINT (8.401694767000038 48.991630774000043)",Unfall 97627 (2024) Kat:3, Licht: 0,97627,3,3,5,10,16,1,0,0,1,1,0,0,0,0
"POINT (8.387170295000033 49.007602223000049)",Unfall 97628 (2024) Kat:3, Licht: 0,97628,3,2,5,10,15,1,0,0,1,1,0,0,0,0
"POINT (8.442175377000069 48.997497164000038)",Unfall 97675 (2024) Kat:3, Licht: 2,97675,3,6,2,10,19,7,1,2,0,1,0,0,0,0
"POINT (8.387166502000071 49.007567840000036)",Unfall 97769 (2024) Kat:3, Licht: 0,97769,3,6,2,10,12,6,0,0,0,1,0,0,0,0
"POINT (8.456669997000063 49.007237738000072)",Unfall 97770 (2024) Kat:2, Licht: 0,97770,2,6,1,10,14,6,0,0,0,1,0,1,0,0
"POINT (8.456574180000075 49.007126997000057)",Unfall 97772 (2024) Kat:2, Licht: 0,97772,2,1,1,10,14,6,0,0,0,1,0,1,0,0
"POINT (8.499126379000074 49.004714371000034)",Unfall 97861 (2024) Kat:3, Licht: 0,97861,3,6,9,10,09,5,0,0,0,1,0,0,1,0
"POINT (8.396559446000026 49.023595992000025)",Unfall 98957 (2024) Kat:3, Licht: 2,98957,3,7,0,12,05,2,1,2,1,0,0,0,0,0
"POINT (8.453403013000070 48.971584470000039)",Unfall 99043 (2024) Kat:3, Licht: 0,99043,3,6,3,12,09,7,0,0,0,1,0,0,1,0
"POINT (8.393776578000029 48.958646806000047)",Unfall 99044 (2024) Kat:3, Licht: 2,99044,3,6,2,12,17,7,1,2,0,1,0,0,0,1
"POINT (8.394659598000032 49.005593078000061)",Unfall 199943 (2024) Kat:3, Licht: 0,199943,3,2,5,01,12,7,0,0,1,0,0,0,0,1
"POINT (8.405903963000071 49.003986013000031)",Unfall 199960 (2024) Kat:3, Licht: 2,199960,3,6,3,01,19,6,1,2,1,1,0,0,0,0
"POINT (8.412724772000047 49.005988995000052)",Unfall 199987 (2024) Kat:3, Licht: 0,199987,3,6,1,01,11,5,2,0,0,1,0,0,1,0
"POINT (8.395727586000021 48.988610666000056)",Unfall 200016 (2024) Kat:2, Licht: 0,200016,2,1,0,01,10,4,2,0,1,0,0,0,0,0
"POINT (8.475019747000033 48.999292330000060)",Unfall 200017 (2024) Kat:3, Licht: 1,200017,3,1,0,01,07,4,1,1,1,0,0,0,0,0
"POINT (8.338511230000051 49.010561334000045)",Unfall 200039 (2024) Kat:3, Licht: 0,200039,3,3,5,01,13,3,1,0,0,1,0,0,0,1
"POINT (8.432004768000070 49.034563591000051)",Unfall 200064 (2024) Kat:3, Licht: 2,200064,3,7,1,01,05,2,0,2,0,1,0,0,0,0
"POINT (8.335423397000056 49.009086734000050)",Unfall 200066 (2024) Kat:3, Licht: 0,200066,3,7,2,01,15,2,1,0,0,1,0,0,0,0
"POINT (8.410475105000046 48.966748745000075)",Unfall 200067 (2024) Kat:3, Licht: 0,200067,3,3,5,01,16,2,1,0,1,1,0,0,0,0
"POINT (8.478779927000062 48.999899906000053)",Unfall 200123 (2024) Kat:2, Licht: 0,200123,2,3,6,01,13,6,0,0,0,1,1,0,0,0
"POINT (8.411165528000026 48.970709114000044)",Unfall 200124 (2024) Kat:3, Licht: 0,200124,3,7,1,01,09,6,0,0,1,1,0,0,0,0
"POINT (8.443457169000055 49.015368662000071)",Unfall 200125 (2024) Kat:3, Licht: 0,200125,3,3,5,01,12,6,0,0,1,1,0,0,0,0
"POINT (8.431087039000033 49.006352012000036)",Unfall 200147 (2024) Kat:3, Licht: 0,200147,3,2,0,01,16,5,0,0,0,1,0,0,0,1
"POINT (8.367797138000071 49.027261297000052)",Unfall 200171 (2024) Kat:3, Licht: 0,200171,3,3,5,01,08,4,0,0,1,0,0,0,0,0
"POINT (8.382361503000027 48.998856419000049)",Unfall 200189 (2024) Kat:3, Licht: 2,200189,3,7,0,01,07,3,0,2,1,0,0,0,0,0
"POINT (8.405859086000021 48.970750823000060)",Unfall 200219 (2024) Kat:3, Licht: 1,200219,3,3,5,01,16,2,0,1,1,1,0,0,0,0
"POINT (8.460913634000065 48.994862259000058)",Unfall 200220 (2024) Kat:3, Licht: 2,200220,3,5,1,01,05,2,0,2,0,1,0,0,0,0
"POINT (8.431492357000025 48.996919011000045)",Unfall 200235 (2024) Kat:3, Licht: 2,200235,3,3,5,01,20,1,1,2,0,1,0,0,0,1
"POINT (8.387349953000069 49.010310658000037)",Unfall 200256 (2024) Kat:3, Licht: 2,200256,3,7,0,01,06,6,0,2,1,0,0,0,0,0
"POINT (8.462601177000067 49.001630591000037)",Unfall 200257 (2024) Kat:3, Licht: 2,200257,3,4,6,01,18,6,0,2,0,1,1,0,0,0
"POINT (8.416749148000065 49.008559858000069)",Unfall 200270 (2024) Kat:3, Licht: 0,200270,3,3,5,01,15,5,1,0,1,1,0,0,0,0
"POINT (8.468029941000054 49.020857681000052)",Unfall 200287 (2024) Kat:2, Licht: 0,200287,2,7,6,01,07,4,1,0,0,1,1,0,0,0
"POINT (8.473553112000047 48.996637826000040)",Unfall 200288 (2024) Kat:3, Licht: 2,200288,3,5,1,01,19,4,1,2,1,1,0,0,0,0
"POINT (8.429169401000024 49.006786915000077)",Unfall 200884 (2024) Kat:3, Licht: 0,200884,3,5,1,01,09,6,0,0,1,1,0,0,0,0
"POINT (8.459426411000038 49.005476599000076)",Unfall 200941 (2024) Kat:3, Licht: 0,200941,3,7,1,01,15,6,0,0,1,1,0,0,0,0
"POINT (8.400799367000047 49.010916150000071)",Unfall 200948 (2024) Kat:3, Licht: 0,200948,3,3,5,03,14,7,0,0,1,1,0,0,0,0
"POINT (8.387779308000063 49.014662600000065)",Unfall 201012 (2024) Kat:3, Licht: 0,201012,3,7,0,02,14,5,0,0,0,0,0,0,0,1
"POINT (8.394078384000068 49.032243620000031)",Unfall 201013 (2024) Kat:2, Licht: 0,201013,2,5,1,02,08,5,0,0,1,1,0,0,0,0
"POINT (8.382429583000032 49.013886148000040)",Unfall 201014 (2024) Kat:3, Licht: 0,201014,3,6,3,02,15,5,0,0,1,0,0,0,0,0
"POINT (8.406243334000067 49.005645782000045)",Unfall 201070 (2024) Kat:3, Licht: 0,201070,3,2,5,02,08,3,0,0,1,1,0,0,0,0
"POINT (8.427348082000037 49.008339105000061)",Unfall 201071 (2024) Kat:2, Licht: 0,201071,2,5,1,02,13,3,0,0,1,1,0,0,0,0
"POINT (8.405664274000060 49.001428982000050)",Unfall 201095 (2024) Kat:3, Licht: 2,201095,3,3,5,02,20,2,0,2,1,0,0,0,0,0
"POINT (8.379490531000044 49.016692091000039)",Unfall 201096 (2024) Kat:3, Licht: 0,201096,3,3,5,02,16,2,0,0,1,1,0,0,0,0
"POINT (8.409940795000068 49.008901414000036)",Unfall 201133 (2024) Kat:3, Licht: 1,201133,3,6,0,02,18,7,0,1,0,0,0,1,0,0
"POINT (8.364651307000031 49.019639093000080)",Unfall 201155 (2024) Kat:3, Licht: 0,201155,3,2,5,02,13,6,0,0,1,0,0,0,0,1
"POINT (8.462725223000064 48.995487234000052)",Unfall 201156 (2024) Kat:3, Licht: 2,201156,3,7,0,02,18,6,0,2,1,0,0,0,0,0
"POINT (8.359635069000035 49.002495080000074)",Unfall 201181 (2024) Kat:3, Licht: 0,201181,3,2,5,02,17,5,1,0,1,1,0,0,0,0
"POINT (8.397923845000037 48.984273417000054)",Unfall 201209 (2024) Kat:3, Licht: 0,201209,3,2,3,02,11,4,0,0,1,0,0,0,1,0
"POINT (8.403731973000049 49.005361792000031)",Unfall 201210 (2024) Kat:3, Licht: 0,201210,3,4,6,02,08,4,1,0,0,1,1,0,0,0
"POINT (8.453443618000051 48.988904832000060)",Unfall 201240 (2024) Kat:3, Licht: 0,201240,3,5,1,02,14,3,0,0,0,1,0,0,0,0
"POINT (8.361053103000074 49.015415136000058)",Unfall 201241 (2024) Kat:2, Licht: 0,201241,2,2,5,02,16,3,0,0,1,1,0,0,0,0
"POINT (8.435368596000046 48.996622064000064)",Unfall 201272 (2024) Kat:3, Licht: 2,201272,3,5,5,02,17,2,1,2,0,1,0,1,0,0
"POINT (8.459186531000057 48.979235078000045)",Unfall 201273 (2024) Kat:3, Licht: 0,201273,3,6,2,02,09,2,0,0,0,1,0,1,0,0
"POINT (8.396204936000061 48.984076623000078)",Unfall 201304 (2024) Kat:3, Licht: 0,201304,3,3,5,02,16,7,0,0,1,1,0,0,0,0
"POINT (8.372797873000025 49.012039332000029)",Unfall 201331 (2024) Kat:3, Licht: 0,201331,3,3,5,02,12,6,0,0,0,1,0,0,0,0
"POINT (8.349728788000050 48.999480286000050)",Unfall 201365 (2024) Kat:3, Licht: 0,201365,3,6,2,02,12,4,0,0,0,1,0,0,0,0
"POINT (8.403268519000051 49.002206139000066)",Unfall 201389 (2024) Kat:1, Licht: 2,201389,1,3,5,02,20,3,0,2,1,0,0,0,0,0
"POINT (8.437134404000062 49.005304947000070)",Unfall 201390 (2024) Kat:3, Licht: 2,201390,3,1,9,02,04,3,1,2,0,1,0,0,0,0
"POINT (8.389418736000039 49.007552888000077)",Unfall 201414 (2024) Kat:3, Licht: 2,201414,3,4,6,02,19,2,0,2,0,0,1,0,0,1
"POINT (8.463126104000025 48.995719748000056)",Unfall 201415 (2024) Kat:2, Licht: 2,201415,2,3,0,02,18,2,0,2,1,0,0,0,0,1
"POINT (8.423873735000029 49.007767575000059)",Unfall 201418 (2024) Kat:2, Licht: 0,201418,2,7,5,02,10,2,1,0,1,1,0,0,0,0
"POINT (8.343689437000023 49.001677276000066)",Unfall 201478 (2024) Kat:3, Licht: 2,201478,3,3,5,02,19,6,1,2,1,1,0,0,0,0
"POINT (8.390906686000051 49.001986031000058)",Unfall 201479 (2024) Kat:3, Licht: 2,201479,3,1,0,02,07,6,1,2,0,0,0,1,0,0
"POINT (8.402260874000035 49.005353076000063)",Unfall 201480 (2024) Kat:3, Licht: 2,201480,3,6,2,02,19,6,1,2,0,1,0,0,0,0
"POINT (8.394850431000066 49.005602385000032)",Unfall 201481 (2024) Kat:3, Licht: 0,201481,3,4,6,02,14,6,1,0,0,1,1,0,0,0
"POINT (8.368850830000042 49.000241130000063)",Unfall 201506 (2024) Kat:3, Licht: 0,201506,3,3,5,02,08,5,1,0,1,1,0,0,0,0
"POINT (8.405854720000036 48.998732255000050)",Unfall 201541 (2024) Kat:3, Licht: 0,201541,3,4,6,02,13,4,1,0,0,1,1,0,0,0
"POINT (8.406892726000024 49.004090979000068)",Unfall 201542 (2024) Kat:3, Licht: 0,201542,3,1,0,02,10,4,1,0,1,0,0,0,0,0
"POINT (8.357662587000050 48.999739076000026)",Unfall 201543 (2024) Kat:2, Licht: 2,201543,2,3,5,02,17,4,1,2,1,1,0,0,0,0
"POINT (8.410238060000040 49.005370022000079)",Unfall 201561 (2024) Kat:3, Licht: 0,201561,3,5,1,03,14,6,0,0,1,1,0,0,0,0
"POINT (8.395705081000074 49.009974228000033)",Unfall 201593 (2024) Kat:3, Licht: 0,201593,3,1,0,02,17,2,0,0,1,0,0,0,0,0
"POINT (8.428425806000064 49.013326821000078)",Unfall 201594 (2024) Kat:2, Licht: 0,201594,2,3,5,02,16,2,0,0,1,1,0,0,0,0
"POINT (8.374670191000064 49.015200743000037)",Unfall 201661 (2024) Kat:3, Licht: 0,201661,3,6,2,02,09,6,0,0,0,1,0,1,0,0
"POINT (8.385170687000027 49.017992219000064)",Unfall 201663 (2024) Kat:3, Licht: 0,201663,3,7,2,02,15,6,0,0,1,1,0,0,0,0
"POINT (8.364119482000035 48.988446015000079)",Unfall 201664 (2024) Kat:3, Licht: 0,201664,3,3,5,02,16,6,0,0,1,1,0,0,0,0
"POINT (8.395074166000029 49.010125202000040)",Unfall 201703 (2024) Kat:3, Licht: 0,201703,3,4,6,02,14,5,1,0,1,0,1,0,0,0
"POINT (8.383533939000074 49.012366919000044)",Unfall 201733 (2024) Kat:3, Licht: 0,201733,3,5,1,01,13,4,1,0,1,1,0,0,0,0
"POINT (8.398266917000058 49.005603814000040)",Unfall 201734 (2024) Kat:3, Licht: 2,201734,3,3,0,01,18,4,0,2,1,0,0,0,0,1
"POINT (8.405533297000034 49.008003881000036)",Unfall 201763 (2024) Kat:3, Licht: 0,201763,3,1,0,01,08,3,0,0,0,0,0,0,0,1
"POINT (8.404043128000069 48.965772561000051)",Unfall 201764 (2024) Kat:3, Licht: 1,201764,3,6,4,01,07,3,0,1,1,1,0,0,0,0
"POINT (8.396949169000038 49.023588812000071)",Unfall 201765 (2024) Kat:3, Licht: 0,201765,3,6,2,01,15,3,0,0,0,1,0,0,0,0
"POINT (8.391421253000033 49.006927173000065)",Unfall 201785 (2024) Kat:3, Licht: 0,201785,3,3,5,01,15,2,0,0,1,1,0,0,0,0
"POINT (8.343153625000070 49.031821224000055)",Unfall 201786 (2024) Kat:3, Licht: 2,201786,3,3,5,01,18,2,0,2,0,1,0,0,0,0
"POINT (8.485682865000058 48.989343933000043)",Unfall 201809 (2024) Kat:2, Licht: 0,201809,2,1,0,01,14,1,2,0,1,0,0,0,0,0
"POINT (8.375567561000025 49.019074964000026)",Unfall 201837 (2024) Kat:3, Licht: 1,201837,3,2,5,01,17,7,0,1,1,1,0,0,0,0
"POINT (8.374729898000055 49.012152267000033)",Unfall 201846 (2024) Kat:3, Licht: 0,201846,3,6,0,02,15,3,0,0,1,1,0,0,0,0
"POINT (8.403469270000073 49.006938086000048)",Unfall 201870 (2024) Kat:3, Licht: 0,201870,3,5,1,02,09,5,0,0,1,1,0,0,0,0
"POINT (8.360189653000020 49.031601463000072)",Unfall 201881 (2024) Kat:3, Licht: 0,201881,3,6,2,01,15,5,0,0,0,1,0,0,0,0
"POINT (8.394835878000038 49.010013957000069)",Unfall 201882 (2024) Kat:3, Licht: 2,201882,3,1,0,01,20,5,1,2,1,0,0,0,0,0
"POINT (8.389938459000064 48.993660512000076)",Unfall 201978 (2024) Kat:3, Licht: 1,201978,3,5,1,01,16,2,1,1,1,1,0,0,0,0
"POINT (8.495095369000069 49.007867849000036)",Unfall 202003 (2024) Kat:2, Licht: 0,202003,2,7,0,04,11,7,0,0,0,0,0,0,0,1
"POINT (8.407407593000073 48.976085695000052)",Unfall 202004 (2024) Kat:2, Licht: 0,202004,2,7,6,04,10,7,0,0,0,1,1,0,0,0
"POINT (8.379606575000025 49.018323819000045)",Unfall 202039 (2024) Kat:3, Licht: 0,202039,3,3,5,04,08,6,1,0,1,1,0,0,0,0
"POINT (8.394913340000073 49.005605735000074)",Unfall 202040 (2024) Kat:3, Licht: 0,202040,3,2,2,04,13,6,0,0,0,1,0,0,0,0
"POINT (8.385724710000034 49.046388340000078)",Unfall 202070 (2024) Kat:3, Licht: 2,202070,3,5,1,04,20,5,1,2,1,1,0,0,0,0
"POINT (8.399944130000051 49.008055574000082)",Unfall 202071 (2024) Kat:3, Licht: 0,202071,3,3,5,04,18,5,1,0,1,1,0,0,0,0
"POINT (8.367282549000038 49.017609203000063)",Unfall 202091 (2024) Kat:3, Licht: 0,202091,3,2,6,04,14,4,1,0,0,1,1,0,0,0
"POINT (8.415095589000032 49.009149948000072)",Unfall 202092 (2024) Kat:3, Licht: 1,202092,3,3,5,04,19,4,0,1,0,0,0,0,0,1
"POINT (8.441868515000067 49.013819299000033)",Unfall 202093 (2024) Kat:3, Licht: 0,202093,3,2,5,04,13,4,0,0,0,1,0,0,0,1
"POINT (8.418276536000064 49.013466338000057)",Unfall 202094 (2024) Kat:3, Licht: 0,202094,3,2,2,04,16,4,1,0,0,1,0,0,0,1
"POINT (8.353069798000035 49.033895608000080)",Unfall 202115 (2024) Kat:3, Licht: 0,202115,3,3,5,04,17,3,0,0,0,1,0,0,0,0
"POINT (8.444222418000038 49.016807767000046)",Unfall 202131 (2024) Kat:3, Licht: 2,202131,3,3,5,04,23,2,0,2,0,1,0,0,0,1
"POINT (8.433867627000041 49.005769368000074)",Unfall 202173 (2024) Kat:3, Licht: 0,202173,3,6,2,03,13,7,0,0,0,1,0,0,0,0
"POINT (8.399905026000056 49.005524434000051)",Unfall 202199 (2024) Kat:2, Licht: 2,202199,2,3,5,03,21,5,0,2,1,0,0,0,0,1
"POINT (8.389732791000029 49.009622041000057)",Unfall 202216 (2024) Kat:3, Licht: 0,202216,3,2,2,03,11,4,0,0,1,0,0,0,0,0
"POINT (8.395055275000061 49.009928755000033)",Unfall 202217 (2024) Kat:3, Licht: 0,202217,3,4,6,03,10,4,0,0,0,1,1,0,0,0
"POINT (8.377700833000063 48.988620040000058)",Unfall 202258 (2024) Kat:3, Licht: 2,202258,3,7,0,03,23,3,0,2,1,0,0,0,0,0
"POINT (8.382896337000034 49.043742740000027)",Unfall 202259 (2024) Kat:2, Licht: 0,202259,2,3,5,03,14,3,0,0,1,1,0,0,0,0
"POINT (8.400274871000022 49.005634502000078)",Unfall 202260 (2024) Kat:3, Licht: 0,202260,3,6,2,03,11,3,0,0,0,1,0,0,0,1
"POINT (8.453350908000061 48.996225500000037)",Unfall 202261 (2024) Kat:3, Licht: 0,202261,3,2,5,03,17,3,0,0,1,1,0,0,0,0
"POINT (8.437168193000048 49.005163064000044)",Unfall 202302 (2024) Kat:3, Licht: 0,202302,3,3,5,03,14,2,0,0,1,1,0,0,0,0
"POINT (8.433299516000034 49.005847497000047)",Unfall 202303 (2024) Kat:3, Licht: 0,202303,3,3,5,03,14,2,0,0,1,1,0,0,0,0
"POINT (8.421273942000028 49.019705102000046)",Unfall 202304 (2024) Kat:3, Licht: 0,202304,3,3,5,03,15,2,0,0,1,0,0,0,0,0
"POINT (8.361958990000062 49.011289618000035)",Unfall 202346 (2024) Kat:3, Licht: 0,202346,3,2,5,03,11,7,0,0,1,1,0,0,0,0
"POINT (8.398113493000039 49.008651238000027)",Unfall 202363 (2024) Kat:3, Licht: 0,202363,3,6,4,03,14,5,0,0,1,0,0,0,0,0
"POINT (8.398878952000075 49.010788090000062)",Unfall 202382 (2024) Kat:3, Licht: 2,202382,3,6,6,03,21,6,0,2,0,1,1,0,0,0
"POINT (8.418492503000039 49.008661003000043)",Unfall 202383 (2024) Kat:3, Licht: 2,202383,3,7,0,03,21,6,0,2,1,0,0,0,0,1
"POINT (8.422980572000029 49.007313342000032)",Unfall 202385 (2024) Kat:3, Licht: 0,202385,3,3,2,03,16,6,0,0,1,1,0,0,0,0
"POINT (8.394873817000075 49.005331676000026)",Unfall 202423 (2024) Kat:3, Licht: 0,202423,3,2,6,03,07,5,0,0,1,0,1,0,0,0
"POINT (8.397340742000040 49.008874604000027)",Unfall 202424 (2024) Kat:3, Licht: 0,202424,3,6,6,03,15,5,0,0,0,1,1,0,0,0
"POINT (8.439137216000063 49.007496652000043)",Unfall 202425 (2024) Kat:3, Licht: 0,202425,3,3,5,03,12,5,0,0,1,1,0,0,0,0
"POINT (8.385864770000069 49.014741464000053)",Unfall 202468 (2024) Kat:3, Licht: 0,202468,3,6,3,03,08,4,0,0,1,1,0,0,0,0
"POINT (8.389263651000022 49.021797218000074)",Unfall 202506 (2024) Kat:3, Licht: 0,202506,3,4,6,03,08,3,0,0,0,1,1,0,0,0
"POINT (8.356241691000037 49.006105556000080)",Unfall 202552 (2024) Kat:3, Licht: 0,202552,3,3,5,03,13,2,0,0,1,1,0,0,0,0
"POINT (8.411074699000039 49.022829098000045)",Unfall 202574 (2024) Kat:3, Licht: 0,202574,3,3,2,03,16,1,0,0,1,1,0,0,0,0
"POINT (8.340851244000021 48.993632769000044)",Unfall 202624 (2024) Kat:3, Licht: 2,202624,3,3,5,03,19,6,1,2,0,1,0,0,0,0
"POINT (8.457551304000049 49.018549675000031)",Unfall 202670 (2024) Kat:3, Licht: 2,202670,3,3,5,03,21,5,0,2,0,1,0,0,0,0
"POINT (8.348900837000031 49.014865669000073)",Unfall 202671 (2024) Kat:3, Licht: 0,202671,3,6,2,03,17,5,0,0,0,1,0,0,0,0
"POINT (8.394864737000034 49.005331772000034)",Unfall 202672 (2024) Kat:3, Licht: 1,202672,3,2,5,03,18,5,0,1,1,0,0,1,0,0
"POINT (8.364105258000052 48.988661270000080)",Unfall 202708 (2024) Kat:3, Licht: 0,202708,3,2,5,03,15,4,1,0,1,1,0,0,0,0
"POINT (8.390181636000023 48.995012185000064)",Unfall 202709 (2024) Kat:3, Licht: 0,202709,3,3,5,03,09,4,1,0,1,1,0,0,0,0
"POINT (8.367987204000030 49.008283260000042)",Unfall 202736 (2024) Kat:3, Licht: 0,202736,3,3,5,03,14,6,0,0,1,1,0,0,0,0
"POINT (8.408293491000052 49.011077978000060)",Unfall 202740 (2024) Kat:3, Licht: 2,202740,3,2,5,03,19,3,1,2,1,1,0,0,0,0
"POINT (8.422740546000057 49.007820838000043)",Unfall 202741 (2024) Kat:3, Licht: 0,202741,3,6,2,03,16,3,0,0,0,1,0,0,0,0
"POINT (8.393300263000071 49.010085635000053)",Unfall 202743 (2024) Kat:3, Licht: 2,202743,3,1,0,03,19,3,1,2,1,0,0,0,0,0
"POINT (8.454778219000048 48.996461629000066)",Unfall 202781 (2024) Kat:3, Licht: 0,202781,3,6,2,03,13,2,0,0,0,1,0,0,0,0
"POINT (8.387196436000067 49.059735300000057)",Unfall 202816 (2024) Kat:3, Licht: 0,202816,3,3,5,03,12,6,1,0,0,1,0,1,0,0
"POINT (8.406747430000053 48.976542519000077)",Unfall 202831 (2024) Kat:3, Licht: 0,202831,3,2,2,03,10,7,0,0,1,1,0,0,0,0
"POINT (8.381707438000035 49.049357657000030)",Unfall 202833 (2024) Kat:3, Licht: 0,202833,3,3,5,03,15,7,0,0,0,1,0,0,0,0
"POINT (8.403197305000049 49.005494493000072)",Unfall 202874 (2024) Kat:3, Licht: 0,202874,3,4,6,03,14,6,0,0,0,0,1,0,0,1
"POINT (8.464461742000026 48.994579967000050)",Unfall 202876 (2024) Kat:3, Licht: 0,202876,3,5,6,03,14,6,0,0,0,0,1,0,0,1
"POINT (8.442492653000045 49.016229086000067)",Unfall 202900 (2024) Kat:3, Licht: 0,202900,3,6,4,03,09,5,0,0,1,1,0,0,0,0
"POINT (8.398077416000035 49.005058415000065)",Unfall 202901 (2024) Kat:3, Licht: 2,202901,3,5,1,03,18,5,0,2,0,1,0,0,0,1
"POINT (8.413899673000060 49.007181224000078)",Unfall 202941 (2024) Kat:3, Licht: 0,202941,3,5,1,03,16,4,1,0,1,1,0,0,0,0
"POINT (8.407991513000070 49.003153102000056)",Unfall 202943 (2024) Kat:3, Licht: 0,202943,3,4,6,03,15,4,0,0,0,1,1,0,0,0
"POINT (8.401513334000072 49.007577872000070)",Unfall 202944 (2024) Kat:3, Licht: 0,202944,3,3,5,03,11,4,1,0,1,1,0,0,0,0
"POINT (8.374631282000053 49.011199287000068)",Unfall 202975 (2024) Kat:3, Licht: 2,202975,3,2,2,03,19,3,0,2,0,1,0,0,0,0
"POINT (8.375187618000041 49.014855988000079)",Unfall 203009 (2024) Kat:3, Licht: 0,203009,3,5,1,03,09,2,0,0,1,1,0,0,0,0
"POINT (8.340860871000075 48.993642946000080)",Unfall 203010 (2024) Kat:3, Licht: 1,203010,3,3,5,03,07,2,0,1,0,1,0,0,0,0
"POINT (8.365259449000064 49.010993044000031)",Unfall 203038 (2024) Kat:3, Licht: 0,203038,3,2,5,03,10,1,0,0,1,1,0,0,0,0
"POINT (8.392660904000024 49.008598054000061)",Unfall 203039 (2024) Kat:3, Licht: 2,203039,3,7,2,03,19,1,0,2,0,1,0,0,0,0
"POINT (8.368071105000070 49.006508869000072)",Unfall 203103 (2024) Kat:3, Licht: 0,203103,3,7,4,05,14,4,0,0,0,1,0,0,0,1
"POINT (8.374215055000036 49.009494079000035)",Unfall 203145 (2024) Kat:3, Licht: 0,203145,3,5,1,04,09,3,0,0,1,1,0,0,0,0
"POINT (8.368113172000051 48.980848850000029)",Unfall 203243 (2024) Kat:3, Licht: 2,203243,3,5,1,04,00,1,0,2,1,1,0,0,0,0
"POINT (8.441089574000046 48.996118361000072)",Unfall 203273 (2024) Kat:3, Licht: 2,203273,3,1,9,04,03,7,0,2,0,1,0,0,0,0
"POINT (8.394391521000045 48.967399227000044)",Unfall 203274 (2024) Kat:3, Licht: 0,203274,3,3,5,04,14,7,0,0,1,0,0,0,0,1
"POINT (8.385241832000077 49.014764024000044)",Unfall 203357 (2024) Kat:3, Licht: 0,203357,3,6,2,04,12,5,0,0,0,1,0,0,0,0
"POINT (8.353296472000068 49.023984558000052)",Unfall 203358 (2024) Kat:3, Licht: 0,203358,3,3,5,04,15,5,0,0,1,1,0,0,0,0