WKT,Name,OBJECTID,UKATEGORIE,UTYP1,UART,UMONAT,USTUNDE,UWOCHENTAG,STRZUSTAND,ULICHTVERH,ISTRAD,ISTPKW,ISTFUSS,ISTKRAD,ISTGKFZ,ISTSONSTIG
"POINT (8.326194990000033 49.007707030000063)",Unfall 203359 (2024) Kat:3, Licht: 0,203359,3,3,5,04,07,5,1,0,0,0,0,0,1,0
"POINT (8.403625199000032 49.007010921000074)",Unfall 203390 (2024) Kat:3, Licht: 0,203390,3,6,4,04,13,4,1,0,0,1,0,0,0,1
"POINT (8.340856874000053 48.993638721000082)",Unfall 203428 (2024) Kat:3, Licht: 0,203428,3,1,0,04,14,3,0,0,0,0,0,1,0,0
"POINT (8.394716559000074 49.011934655000061)",Unfall 203429 (2024) Kat:2, Licht: 0,203429,2,4,0,04,14,3,0,0,0,0,1,1,0,0
"POINT (8.394504396000059 49.005446603000053)",Unfall 203430 (2024) Kat:3, Licht: 0,203430,3,2,4,04,17,3,0,0,1,1,0,0,0,0
"POINT (8.394091818000049 49.014395428000057)",Unfall 203431 (2024) Kat:3, Licht: 0,203431,3,4,6,04,13,3,0,0,0,1,1,0,0,0
"POINT (8.337168519000045 49.052432953000050)",Unfall 203432 (2024) Kat:3, Licht: 0,203432,3,7,6,04,06,3,0,0,0,1,1,0,0,0
"POINT (8.424075029000051 49.002857020000079)",Unfall 203458 (2024) Kat:3, Licht: 0,203458,3,3,5,04,08,2,0,0,0,1,0,0,0,1
"POINT (8.362477854000076 48.987389709000070)",Unfall 203475 (2024) Kat:3, Licht: 0,203475,3,2,5,04,13,2,0,0,0,1,0,0,0,0
"POINT (8.369179401000054 49.014062561000060)",Unfall 203512 (2024) Kat:3, Licht: 0,203512,3,3,5,04,13,6,1,0,0,1,0,0,0,0
"POINT (8.417926956000031 49.010829252000065)",Unfall 203513 (2024) Kat:3, Licht: 0,203513,3,4,6,04,09,6,1,0,0,1,1,0,0,0
"POINT (8.388966047000054 48.992235725000057)",Unfall 203514 (2024) Kat:3, Licht: 0,203514,3,3,5,04,16,6,1,0,1,1,0,0,0,0
"POINT (8.403929952000055 48.971478447000038)",Unfall 203545 (2024) Kat:3, Licht: 0,203545,3,4,6,04,07,5,1,0,0,0,1,0,0,1
"POINT (8.472375499000066 49.003454317000035)",Unfall 203546 (2024) Kat:3, Licht: 0,203546,3,2,5,04,15,5,1,0,1,1,0,0,0,0
"POINT (8.410607759000072 48.999000212000055)",Unfall 203588 (2024) Kat:3, Licht: 0,203588,3,7,2,04,09,4,1,0,1,0,0,0,0,1
"POINT (8.365429864000021 48.983359332000077)",Unfall 203590 (2024) Kat:3, Licht: 0,203590,3,2,5,04,13,4,1,0,0,1,0,1,0,0
"POINT (8.394917088000057 49.008499665000045)",Unfall 203591 (2024) Kat:2, Licht: 0,203591,2,3,5,04,12,4,0,0,1,0,0,0,0,1
"POINT (8.489090339000029 49.006007010000076)",Unfall 203631 (2024) Kat:3, Licht: 0,203631,3,1,9,04,16,3,1,0,0,1,0,0,0,0
"POINT (8.383629268000050 49.010650230000067)",Unfall 203675 (2024) Kat:3, Licht: 0,203675,3,4,0,04,14,2,0,0,0,0,1,0,0,1
"POINT (8.418534632000046 48.999653521000027)",Unfall 203676 (2024) Kat:3, Licht: 0,203676,3,7,7,04,18,2,0,0,1,0,0,0,0,0
"POINT (8.375981997000054 49.015123165000034)",Unfall 203709 (2024) Kat:3, Licht: 1,203709,3,7,4,04,19,1,0,1,0,1,0,0,0,0
"POINT (8.463122143000021 48.995716180000045)",Unfall 203710 (2024) Kat:3, Licht: 2,203710,3,3,5,04,00,1,0,2,0,1,0,0,0,0
"POINT (8.446967075000032 48.985886402000062)",Unfall 203711 (2024) Kat:3, Licht: 0,203711,3,7,1,04,14,1,0,0,0,1,0,0,0,0
"POINT (8.385636966000050 48.992500388000053)",Unfall 203712 (2024) Kat:3, Licht: 0,203712,3,3,5,04,16,1,0,0,1,1,0,0,0,0
"POINT (8.364187036000033 49.011356959000068)",Unfall 203719 (2024) Kat:3, Licht: 0,203719,3,4,6,04,13,4,1,0,1,0,1,0,0,0
"POINT (8.384858620000045 49.057560723000051)",Unfall 203815 (2024) Kat:3, Licht: 0,203815,3,7,0,04,12,6,0,0,1,0,0,0,0,0
"POINT (8.429795305000027 49.004161692000025)",Unfall 203817 (2024) Kat:3, Licht: 0,203817,3,4,5,04,17,6,0,0,1,0,1,0,0,0
"POINT (8.410291635000021 49.023111765000067)",Unfall 203865 (2024) Kat:2, Licht: 2,203865,2,7,0,04,21,5,0,2,0,0,0,1,0,0
"POINT (8.412886754000056 48.997607409000068)",Unfall 203866 (2024) Kat:3, Licht: 0,203866,3,3,5,04,13,5,0,0,0,0,0,0,0,1
"POINT (8.459567449000076 49.020080396000026)",Unfall 203867 (2024) Kat:3, Licht: 0,203867,3,3,0,04,16,5,0,0,1,0,0,0,0,1
"POINT (8.451040061000072 48.995508793000056)",Unfall 203868 (2024) Kat:3, Licht: 0,203868,3,3,5,04,08,5,0,0,1,1,0,0,0,0
"POINT (8.423680972000056 49.024898990000054)",Unfall 203869 (2024) Kat:3, Licht: 0,203869,3,6,2,04,09,5,0,0,0,1,0,0,0,0
"POINT (8.356180232000042 49.003057971000032)",Unfall 203900 (2024) Kat:3, Licht: 0,203900,3,2,6,04,07,5,0,0,0,1,1,0,0,0
"POINT (8.431843261000040 49.008196967000060)",Unfall 203922 (2024) Kat:3, Licht: 0,203922,3,4,0,04,17,4,0,0,1,0,1,0,0,0
"POINT (8.413138036000021 49.005513596000071)",Unfall 203923 (2024) Kat:3, Licht: 0,203923,3,3,5,04,16,4,0,0,1,1,0,0,0,0
"POINT (8.363075555000023 49.020754520000025)",Unfall 203924 (2024) Kat:3, Licht: 0,203924,3,3,5,04,17,4,0,0,1,1,0,0,0,0
"POINT (8.380724633000057 48.998029506000080)",Unfall 203964 (2024) Kat:3, Licht: 0,203964,3,1,1,04,12,3,0,0,0,1,0,1,0,0
"POINT (8.398303392000059 49.005831674000035)",Unfall 203982 (2024) Kat:3, Licht: 0,203982,3,4,6,04,18,7,1,0,0,1,1,0,0,0
"POINT (8.370556233000059 49.038973960000078)",Unfall 203997 (2024) Kat:3, Licht: 0,203997,3,1,8,04,12,5,0,0,0,1,0,0,0,0
"POINT (8.389775675000067 49.044806364000067)",Unfall 204017 (2024) Kat:3, Licht: 1,204017,3,3,0,04,06,2,0,1,1,1,0,0,0,0
"POINT (8.439406705000067 49.032601096000064)",Unfall 204018 (2024) Kat:3, Licht: 0,204018,3,7,0,04,11,2,0,0,0,1,0,0,0,0
"POINT (8.478120989000047 48.947852425000065)",Unfall 204019 (2024) Kat:3, Licht: 0,204019,3,7,0,04,10,2,0,0,0,1,0,0,0,0
"POINT (8.470178902000043 48.999224240000046)",Unfall 204063 (2024) Kat:3, Licht: 0,204063,3,7,0,04,12,1,0,0,1,0,0,0,0,0
"POINT (8.399881963000041 49.008064602000047)",Unfall 204094 (2024) Kat:3, Licht: 0,204094,3,3,0,05,18,3,0,0,1,1,0,0,0,0
"POINT (8.378038146000051 49.010672757000066)",Unfall 204183 (2024) Kat:3, Licht: 2,204183,3,7,0,05,23,7,0,2,0,0,0,0,0,1
"POINT (8.403134676000036 49.001522529000056)",Unfall 204184 (2024) Kat:3, Licht: 0,204184,3,6,2,05,14,7,0,0,1,0,0,0,0,0
"POINT (8.404325835000066 49.005359442000042)",Unfall 204185 (2024) Kat:3, Licht: 2,204185,3,6,4,05,00,7,0,2,1,0,0,0,0,1
"POINT (8.449030234000077 49.024018372000057)",Unfall 204224 (2024) Kat:2, Licht: 0,204224,2,3,5,05,15,6,0,0,0,1,0,1,0,0
"POINT (8.409735146000060 49.007875344000070)",Unfall 204253 (2024) Kat:3, Licht: 0,204253,3,7,6,05,14,5,1,0,1,0,1,0,0,0
"POINT (8.474349122000035 48.995321342000068)",Unfall 204254 (2024) Kat:3, Licht: 0,204254,3,1,0,05,16,5,1,0,0,0,0,1,0,0
"POINT (8.399424209000074 49.052860571000053)",Unfall 204283 (2024) Kat:3, Licht: 0,204283,3,6,4,05,18,4,0,0,1,1,0,0,0,0
"POINT (8.347067193000044 49.029508014000044)",Unfall 204284 (2024) Kat:3, Licht: 0,204284,3,6,3,05,13,4,0,0,1,1,0,0,0,0
"POINT (8.390052071000071 49.010229492000065)",Unfall 204319 (2024) Kat:3, Licht: 0,204319,3,5,1,05,14,3,1,0,1,1,0,0,0,0
"POINT (8.388354550000031 49.053334689000053)",Unfall 204343 (2024) Kat:3, Licht: 0,204343,3,5,1,05,12,2,0,0,1,1,0,0,0,0
"POINT (8.385525132000055 49.010398419000069)",Unfall 204344 (2024) Kat:3, Licht: 0,204344,3,4,6,05,14,2,0,0,1,0,1,0,0,0
"POINT (8.494344514000034 49.001605277000067)",Unfall 204345 (2024) Kat:3, Licht: 2,204345,3,7,0,05,23,2,0,2,0,1,0,0,0,0
"POINT (8.411190367000074 49.022778284000026)",Unfall 204346 (2024) Kat:1, Licht: 0,204346,1,6,4,05,11,2,0,0,1,0,0,0,0,0
"POINT (8.373695707000024 49.008951708000041)",Unfall 204402 (2024) Kat:3, Licht: 0,204402,3,6,2,05,14,7,0,0,1,1,0,0,0,0
"POINT (8.458212148000030 49.029116447000035)",Unfall 204403 (2024) Kat:3, Licht: 0,204403,3,3,5,05,08,7,0,0,0,1,0,1,0,0
"POINT (8.390527197000040 48.998491286000046)",Unfall 204432 (2024) Kat:3, Licht: 0,204432,3,3,5,05,10,6,1,0,0,1,0,0,0,0
"POINT (8.449875973000076 48.994891040000027)",Unfall 204470 (2024) Kat:3, Licht: 0,204470,3,3,5,05,17,5,0,0,1,1,0,0,0,0
"POINT (8.390319628000043 48.996167641000056)",Unfall 204472 (2024) Kat:3, Licht: 0,204472,3,3,5,05,11,5,0,0,0,1,0,0,0,1
"POINT (8.385285574000022 49.017362831000071)",Unfall 204473 (2024) Kat:3, Licht: 0,204473,3,3,5,05,17,5,0,0,1,1,0,0,0,0
"POINT (8.342478066000069 49.036732784000037)",Unfall 204518 (2024) Kat:3, Licht: 0,204518,3,6,6,05,15,4,0,0,0,1,1,0,0,0
"POINT (8.408925635000060 48.996054778000030)",Unfall 204519 (2024) Kat:3, Licht: 0,204519,3,7,5,05,10,4,0,0,1,1,0,0,0,0
"POINT (8.408528306000051 48.999073774000067)",Unfall 204520 (2024) Kat:3, Licht: 0,204520,3,7,0,05,18,4,0,0,1,0,0,0,0,0
"POINT (8.385526396000046 49.010608575000049)",Unfall 204521 (2024) Kat:3, Licht: 0,204521,3,3,5,05,18,4,0,0,0,1,0,1,0,0
"POINT (8.343379758000026 49.031876491000048)",Unfall 204522 (2024) Kat:3, Licht: 0,204522,3,3,5,05,12,4,1,0,1,1,0,0,0,0
"POINT (8.397386146000031 49.009899876000077)",Unfall 204523 (2024) Kat:3, Licht: 0,204523,3,7,0,05,10,4,1,0,1,0,0,0,0,0
"POINT (8.397977862000062 49.005368696000062)",Unfall 204584 (2024) Kat:3, Licht: 0,204584,3,6,2,05,15,3,0,0,0,1,0,0,0,0
"POINT (8.398911857000030 48.994007581000062)",Unfall 204585 (2024) Kat:3, Licht: 0,204585,3,3,5,05,17,3,0,0,1,1,0,0,0,0
"POINT (8.387484601000040 49.019519293000030)",Unfall 204586 (2024) Kat:3, Licht: 0,204586,3,2,3,05,17,3,0,0,1,1,0,0,0,0
"POINT (8.386497103000067 49.001106849000053)",Unfall 204603 (2024) Kat:3, Licht: 0,204603,3,3,5,05,12,4,0,0,1,1,0,0,0,0
"POINT (8.412096816000030 49.006089810000049)",Unfall 204641 (2024) Kat:3, Licht: 0,204641,3,7,0,05,17,2,0,0,1,0,0,0,0,0
"POINT (8.423494676000075 49.011433246000081)",Unfall 204642 (2024) Kat:3, Licht: 0,204642,3,3,0,05,15,2,0,0,1,1,0,0,0,0
"POINT (8.398236357000030 49.011829045000070)",Unfall 204643 (2024) Kat:3, Licht: 0,204643,3,3,5,05,08,2,0,0,0,1,0,1,0,0
"POINT (8.332838865000042 49.001337618000036)",Unfall 204644 (2024) Kat:3, Licht: 0,204644,3,3,5,05,10,2,0,0,0,1,0,0,0,0
"POINT (8.465094614000066 48.998981714000081)",Unfall 204645 (2024) Kat:3, Licht: 0,204645,3,2,6,05,09,2,0,0,0,1,1,0,0,0
"POINT (8.398249126000053 49.014207556000031)",Unfall 204684 (2024) Kat:3, Licht: 0,204684,3,7,0,05,16,1,0,0,1,0,0,0,0,1
"POINT (8.430846413000040 49.032368936000069)",Unfall 204729 (2024) Kat:3, Licht: 0,204729,3,3,5,05,09,7,0,0,0,1,0,0,1,0
"POINT (8.424075029000051 49.002857020000079)",Unfall 204730 (2024) Kat:3, Licht: 0,204730,3,3,0,05,11,7,0,0,1,1,0,0,0,0
"POINT (8.443232973000022 49.005970203000061)",Unfall 204731 (2024) Kat:3, Licht: 0,204731,3,2,6,05,08,7,0,0,0,1,1,0,0,0
"POINT (8.389300205000040 49.042085391000057)",Unfall 204780 (2024) Kat:3, Licht: 0,204780,3,5,1,05,10,6,0,0,1,1,0,0,0,0
"POINT (8.458524729000032 49.040790985000058)",Unfall 204781 (2024) Kat:3, Licht: 2,204781,3,1,9,05,00,6,0,2,0,0,0,1,0,0
"POINT (8.502837890000023 48.950942513000030)",Unfall 204785 (2024) Kat:3, Licht: 0,204785,3,6,0,05,17,6,0,0,1,0,0,0,0,1
"POINT (8.387899263000065 49.014658025000074)",Unfall 204786 (2024) Kat:3, Licht: 0,204786,3,2,5,05,10,6,0,0,1,1,0,0,0,0
"POINT (8.438205042000050 49.041093947000036)",Unfall 204834 (2024) Kat:3, Licht: 0,204834,3,1,8,05,18,5,0,0,0,1,0,0,0,0
"POINT (8.401141959000029 49.024181180000028)",Unfall 204835 (2024) Kat:3, Licht: 0,204835,3,7,0,05,19,5,0,0,0,0,0,0,0,1
"POINT (8.390248508000070 49.010221088000037)",Unfall 204881 (2024) Kat:3, Licht: 0,204881,3,7,0,05,14,4,0,0,1,0,0,0,0,0
"POINT (8.382470593000050 49.013912341000037)",Unfall 204882 (2024) Kat:3, Licht: 0,204882,3,5,1,05,11,4,0,0,1,1,0,0,0,0
"POINT (8.404761473000065 48.971440881000035)",Unfall 204883 (2024) Kat:3, Licht: 0,204883,3,5,1,05,13,4,0,0,1,1,0,0,0,0
"POINT (8.404359056000033 48.995848576000071)",Unfall 204908 (2024) Kat:3, Licht: 0,204908,3,1,0,05,14,7,0,0,1,0,0,0,0,0
"POINT (8.379428161000021 49.008221265000032)",Unfall 204938 (2024) Kat:3, Licht: 0,204938,3,7,0,05,09,3,1,0,1,0,0,0,0,0
"POINT (8.398051829000053 49.003961408000066)",Unfall 204940 (2024) Kat:3, Licht: 0,204940,3,7,0,05,17,3,0,0,1,1,0,0,0,0
"POINT (8.404297808000024 48.995497239000031)",Unfall 204941 (2024) Kat:3, Licht: 0,204941,3,6,2,05,17,3,1,0,0,1,0,0,0,0
"POINT (8.349385699000038 48.997522259000050)",Unfall 204942 (2024) Kat:3, Licht: 0,204942,3,3,5,05,09,3,0,0,1,1,0,0,0,0
"POINT (8.501420870000061 49.005144103000077)",Unfall 204975 (2024) Kat:3, Licht: 0,204975,3,7,6,05,17,2,0,0,0,1,1,0,0,0
"POINT (8.410221248000028 49.007740449000039)",Unfall 204976 (2024) Kat:3, Licht: 0,204976,3,2,0,05,08,2,0,0,1,1,0,0,0,0
"POINT (8.399256129000037 49.023917407000056)",Unfall 205033 (2024) Kat:3, Licht: 0,205033,3,3,4,05,12,7,0,0,1,0,0,0,0,0
"POINT (8.365716854000027 48.997969452000063)",Unfall 205040 (2024) Kat:3, Licht: 0,205040,3,7,0,05,12,7,0,0,1,0,0,0,0,0
"POINT (8.403222026000037 49.002397766000058)",Unfall 205077 (2024) Kat:3, Licht: 0,205077,3,2,5,05,13,6,0,0,1,1,0,0,0,0
"POINT (8.326572175000024 49.007044259000054)",Unfall 205099 (2024) Kat:3, Licht: 0,205099,3,3,5,05,18,3,0,0,0,1,0,0,0,1
"POINT (8.389596959000073 48.993151213000033)",Unfall 205115 (2024) Kat:3, Licht: 2,205115,3,7,0,05,00,5,0,2,0,0,0,0,0,1
"POINT (8.413174134000030 49.006996142000048)",Unfall 205117 (2024) Kat:3, Licht: 0,205117,3,2,5,05,18,5,1,0,1,1,0,0,0,0
"POINT (8.415368911000030 49.004729980000036)",Unfall 205173 (2024) Kat:3, Licht: 0,205173,3,3,5,06,17,6,0,0,1,0,0,0,0,1
"POINT (8.365673247000075 49.004051151000056)",Unfall 205174 (2024) Kat:3, Licht: 0,205174,3,2,5,06,14,6,0,0,1,1,0,0,0,0
"POINT (8.375435834000029 49.008258125000054)",Unfall 205213 (2024) Kat:3, Licht: 2,205213,3,5,1,06,23,5,0,2,1,1,0,0,0,0
"POINT (8.431465214000070 48.996931509000035)",Unfall 205214 (2024) Kat:3, Licht: 1,205214,3,1,0,06,20,5,0,1,1,0,0,0,0,0
"POINT (8.398346377000053 49.057220339000025)",Unfall 205255 (2024) Kat:3, Licht: 0,205255,3,5,1,06,17,4,0,0,0,1,0,0,0,0
"POINT (8.366250086000036 49.018543470000054)",Unfall 205257 (2024) Kat:2, Licht: 0,205257,2,1,0,06,10,4,1,0,1,0,0,0,0,0
"POINT (8.398017438000068 49.023658762000082)",Unfall 205258 (2024) Kat:2, Licht: 0,205258,2,7,8,06,18,4,0,0,1,0,0,0,0,0
"POINT (8.391580255000065 49.008372585000075)",Unfall 205259 (2024) Kat:3, Licht: 0,205259,3,1,0,06,07,4,1,0,1,0,0,0,0,0
"POINT (8.388996111000040 49.002057814000068)",Unfall 205261 (2024) Kat:3, Licht: 0,205261,3,3,5,06,15,4,0,0,0,1,0,0,0,0
"POINT (8.385829112000067 49.014742928000032)",Unfall 205322 (2024) Kat:3, Licht: 0,205322,3,2,5,06,08,3,0,0,1,1,0,0,0,0
"POINT (8.369623313000034 49.016401843000040)",Unfall 205323 (2024) Kat:3, Licht: 0,205323,3,5,1,06,09,3,0,0,1,1,0,0,0,0
"POINT (8.389882526000065 49.010844867000060)",Unfall 205324 (2024) Kat:3, Licht: 0,205324,3,3,5,06,19,3,0,0,1,1,0,0,0,0
"POINT (8.403211824000039 48.996244545000081)",Unfall 205325 (2024) Kat:3, Licht: 0,205325,3,5,1,06,09,3,0,0,1,1,0,0,0,0
"POINT (8.389213786000028 49.009779514000058)",Unfall 205379 (2024) Kat:3, Licht: 0,205379,3,2,0,06,07,2,1,0,0,1,0,1,0,0
"POINT (8.416748954000070 49.008559957000045)",Unfall 205380 (2024) Kat:3, Licht: 0,205380,3,3,5,06,09,2,1,0,1,1,0,0,0,0
"POINT (8.469764209000061 49.000783651000063)",Unfall 205443 (2024) Kat:3, Licht: 0,205443,3,3,2,06,13,7,1,0,0,1,0,1,0,1
"POINT (8.421926585000051 49.016904330000045)",Unfall 205444 (2024) Kat:3, Licht: 0,205444,3,5,1,06,14,7,0,0,1,1,0,0,0,0
"POINT (8.365157267000029 49.011313441000027)",Unfall 205483 (2024) Kat:3, Licht: 0,205483,3,1,0,06,18,6,1,0,0,0,0,1,0,0
"POINT (8.350058588000024 48.998309362000043)",Unfall 205484 (2024) Kat:3, Licht: 0,205484,3,2,5,06,15,6,1,0,0,1,0,0,0,0
"POINT (8.395139371000027 49.009553592000032)",Unfall 205485 (2024) Kat:3, Licht: 0,205485,3,4,6,06,12,6,0,0,0,1,1,0,0,0
"POINT (8.361385658000074 49.009983291000026)",Unfall 205517 (2024) Kat:3, Licht: 2,205517,3,7,0,06,22,5,0,2,1,0,0,0,0,0
"POINT (8.345602339000038 48.994340205000071)",Unfall 205518 (2024) Kat:3, Licht: 0,205518,3,6,2,06,17,5,0,0,0,1,0,0,0,1
"POINT (8.379831398000022 49.012880648000078)",Unfall 205519 (2024) Kat:3, Licht: 0,205519,3,5,1,06,11,5,0,0,1,1,0,0,0,0
"POINT (8.354950127000052 49.032891362000044)",Unfall 205576 (2024) Kat:3, Licht: 0,205576,3,7,0,06,16,4,0,0,1,0,0,0,0,0
"POINT (8.394528868000066 49.005335283000079)",Unfall 205651 (2024) Kat:3, Licht: 0,205651,3,2,2,06,18,3,0,0,1,1,0,0,0,0
"POINT (8.347584787000073 49.037372985000047)",Unfall 205652 (2024) Kat:3, Licht: 0,205652,3,5,8,06,15,3,0,0,0,1,0,0,0,0
"POINT (8.364881085000036 49.019955966000055)",Unfall 205713 (2024) Kat:3, Licht: 0,205713,3,3,5,06,07,2,0,0,1,1,0,0,0,0
"POINT (8.447154946000069 48.992739038000082)",Unfall 205714 (2024) Kat:3, Licht: 0,205714,3,2,5,06,08,2,0,0,1,1,0,0,0,0
"POINT (8.351011406000055 48.994064786000081)",Unfall 205715 (2024) Kat:3, Licht: 0,205715,3,1,0,06,16,2,0,0,0,1,0,1,0,0
"POINT (8.454173194000020 49.032101390000037)",Unfall 205716 (2024) Kat:3, Licht: 0,205716,3,3,5,06,11,2,0,0,1,1,0,0,0,0
"POINT (8.379890452000041 49.008003126000062)",Unfall 205717 (2024) Kat:3, Licht: 0,205717,3,5,1,06,15,2,0,0,1,1,0,0,0,0
"POINT (8.352966484000035 49.023699589000046)",Unfall 205757 (2024) Kat:2, Licht: 0,205757,2,3,5,06,21,1,0,0,1,0,0,0,0,0
"POINT (8.394890257000043 49.008317863000059)",Unfall 205792 (2024) Kat:3, Licht: 2,205792,3,7,0,06,00,7,0,2,1,0,0,0,0,0
"POINT (8.405161303000057 49.008872492000080)",Unfall 205793 (2024) Kat:3, Licht: 0,205793,3,6,6,06,15,7,0,0,0,1,1,0,0,0
"POINT (8.383146876000069 49.010670897000068)",Unfall 205795 (2024) Kat:3, Licht: 0,205795,3,7,0,06,09,7,0,0,0,0,0,0,0,1
"POINT (8.460611647000064 49.043425611000032)",Unfall 205847 (2024) Kat:2, Licht: 0,205847,2,3,5,06,17,6,0,0,0,1,0,0,0,1
"POINT (8.359598862000041 49.010501366000028)",Unfall 205848 (2024) Kat:3, Licht: 0,205848,3,4,6,06,16,6,0,0,0,1,1,0,0,0
"POINT (8.401099716000033 49.007000089000030)",Unfall 205900 (2024) Kat:3, Licht: 0,205900,3,7,0,06,09,5,0,0,0,1,0,0,0,0
"POINT (8.435974612000052 49.021737589000054)",Unfall 205901 (2024) Kat:3, Licht: 0,205901,3,3,5,06,08,5,0,0,1,1,0,0,0,0
"POINT (8.497722943000042 49.006619827000065)",Unfall 205951 (2024) Kat:3, Licht: 0,205951,3,6,4,06,08,4,0,0,1,1,0,0,0,0
"POINT (8.335630858000059 48.994579292000026)",Unfall 205952 (2024) Kat:3, Licht: 0,205952,3,2,2,06,14,4,0,0,0,1,0,1,0,0
"POINT (8.403398073000062 49.005274154000062)",Unfall 205953 (2024) Kat:2, Licht: 0,205953,2,7,9,06,11,4,0,0,0,1,0,0,0,0
"POINT (8.403230970000038 49.003765267000063)",Unfall 206010 (2024) Kat:3, Licht: 0,206010,3,3,5,06,18,3,0,0,0,1,0,0,0,0
"POINT (8.438556846000040 49.032830135000040)",Unfall 206041 (2024) Kat:3, Licht: 0,206041,3,3,5,06,15,2,0,0,1,1,0,0,0,0
"POINT (8.387513409000064 49.019509867000068)",Unfall 206043 (2024) Kat:3, Licht: 0,206043,3,2,5,06,17,2,0,0,1,1,0,0,0,0
"POINT (8.381732440000064 49.004533499000047)",Unfall 206044 (2024) Kat:3, Licht: 0,206044,3,2,5,06,19,2,0,0,0,1,0,0,0,0
"POINT (8.434762207000063 49.015150164000033)",Unfall 206046 (2024) Kat:3, Licht: 0,206046,3,6,2,06,17,2,0,0,0,1,0,0,0,0
"POINT (8.393554724000069 49.011647014000062)",Unfall 206127 (2024) Kat:3, Licht: 0,206127,3,7,1,05,14,6,1,0,0,1,0,0,0,0
"POINT (8.338164436000056 49.033615112000064)",Unfall 206128 (2024) Kat:3, Licht: 0,206128,3,3,5,05,19,6,0,0,0,1,0,0,0,1
"POINT (8.394438799000056 49.005583149000074)",Unfall 206129 (2024) Kat:3, Licht: 1,206129,3,2,5,05,21,6,0,1,0,1,0,0,0,1
"POINT (8.374675513000057 49.024706479000031)",Unfall 206148 (2024) Kat:3, Licht: 0,206148,3,7,0,06,06,5,0,0,1,0,0,0,0,0
"POINT (8.394908385000065 49.008557127000074)",Unfall 206181 (2024) Kat:3, Licht: 0,206181,3,1,0,05,17,4,1,0,1,0,0,0,0,0
"POINT (8.417400193000049 49.009091709000074)",Unfall 206182 (2024) Kat:3, Licht: 0,206182,3,1,0,05,16,4,0,0,1,0,0,0,0,0
"POINT (8.396800220000046 48.999857190000057)",Unfall 206183 (2024) Kat:2, Licht: 2,206183,2,3,5,05,22,4,1,2,1,1,0,0,0,0
"POINT (8.391648765000070 49.008985291000045)",Unfall 206184 (2024) Kat:3, Licht: 0,206184,3,2,5,05,18,4,1,0,1,1,0,0,0,0
"POINT (8.410226747000024 49.004433017000053)",Unfall 206185 (2024) Kat:3, Licht: 0,206185,3,2,5,05,17,4,0,0,1,1,0,0,0,0
"POINT (8.455239489000064 49.026174561000062)",Unfall 206193 (2024) Kat:3, Licht: 0,206193,3,7,0,06,10,7,0,0,1,0,0,0,0,0
"POINT (8.411495978000062 48.997209526000063)",Unfall 206229 (2024) Kat:3, Licht: 0,206229,3,2,2,07,17,6,0,0,0,1,0,0,0,0
"POINT (8.361069717000021 48.996484603000056)",Unfall 206287 (2024) Kat:3, Licht: 0,206287,3,2,5,07,16,5,0,0,1,1,0,0,0,0
"POINT (8.376547417000040 49.010812434000059)",Unfall 206288 (2024) Kat:3, Licht: 0,206288,3,4,6,07,12,5,0,0,0,1,1,0,0,0
"POINT (8.430976485000031 49.034836256000062)",Unfall 206326 (2024) Kat:3, Licht: 0,206326,3,6,2,07,17,4,0,0,0,1,0,0,0,0
"POINT (8.413191268000048 49.009094646000051)",Unfall 206382 (2024) Kat:2, Licht: 0,206382,2,3,5,07,15,3,0,0,0,1,0,0,0,1
"POINT (8.354261171000076 48.997103914000036)",Unfall 206383 (2024) Kat:3, Licht: 0,206383,3,3,5,07,16,3,0,0,0,1,0,0,0,0
"POINT (8.398277997000037 49.005638972000042)",Unfall 206384 (2024) Kat:3, Licht: 0,206384,3,2,5,07,09,3,0,0,1,1,0,0,0,0
"POINT (8.344331455000031 49.007134386000075)",Unfall 206438 (2024) Kat:3, Licht: 0,206438,3,6,2,07,10,2,0,0,0,1,0,0,0,1
"POINT (8.408827597000027 48.997282429000052)",Unfall 206439 (2024) Kat:3, Licht: 0,206439,3,3,5,07,07,2,0,0,1,0,0,0,0,1
"POINT (8.401513459000057 49.007578056000057)",Unfall 206477 (2024) Kat:3, Licht: 0,206477,3,3,5,07,17,1,0,0,1,1,0,0,0,0
"POINT (8.369181469000068 49.013698669000064)",Unfall 206478 (2024) Kat:3, Licht: 0,206478,3,3,5,07,12,1,0,0,1,1,0,0,0,0
"POINT (8.430919690000053 49.034779944000036)",Unfall 206479 (2024) Kat:3, Licht: 0,206479,3,6,4,07,12,1,0,0,0,1,0,0,0,0
"POINT (8.457505874000049 49.018549009000026)",Unfall 206553 (2024) Kat:3, Licht: 1,206553,3,1,0,07,20,6,0,1,0,0,0,1,0,0
"POINT (8.463347918000068 48.986615941000082)",Unfall 206609 (2024) Kat:3, Licht: 0,206609,3,6,6,07,17,5,0,0,1,0,1,0,0,0
"POINT (8.406386682000061 49.005473049000045)",Unfall 206610 (2024) Kat:2, Licht: 0,206610,2,3,5,07,14,5,1,0,1,0,0,0,0,1