WKT,Name,OBJECTID,UKATEGORIE,UTYP1,UART,UMONAT,USTUNDE,UWOCHENTAG,STRZUSTAND,ULICHTVERH,ISTRAD,ISTPKW,ISTFUSS,ISTKRAD,ISTGKFZ,ISTSONSTIG
"POINT (8.358058535000055 49.012317884000026)",Unfall 206611 (2024) Kat:3, Licht: 0,206611,3,7,3,07,12,5,0,0,1,1,0,0,0,0
"POINT (8.374879370000031 49.011667437000028)",Unfall 206700 (2024) Kat:3, Licht: 0,206700,3,7,5,07,08,3,0,0,0,1,0,0,0,1
"POINT (8.423101001000020 49.001214960000027)",Unfall 206740 (2024) Kat:3, Licht: 0,206740,3,3,5,07,13,2,0,0,1,1,0,0,0,0
"POINT (8.514554344000032 48.952884450000056)",Unfall 206741 (2024) Kat:3, Licht: 0,206741,3,1,0,07,16,2,0,0,1,0,0,0,0,0
"POINT (8.391038480000077 49.009153480000066)",Unfall 206742 (2024) Kat:3, Licht: 0,206742,3,2,5,07,13,2,1,0,1,1,0,0,0,0
"POINT (8.375432653000075 49.018541897000034)",Unfall 206815 (2024) Kat:3, Licht: 0,206815,3,5,1,06,13,7,0,0,0,1,0,0,0,0
"POINT (8.395953903000077 49.007451003000028)",Unfall 206816 (2024) Kat:3, Licht: 0,206816,3,3,5,06,18,7,0,0,0,1,0,0,0,1
"POINT (8.386639456000069 49.010582844000055)",Unfall 206817 (2024) Kat:3, Licht: 0,206817,3,7,0,06,05,7,0,0,0,0,0,0,0,1
"POINT (8.414971235000053 49.007724836000079)",Unfall 206837 (2024) Kat:1, Licht: 0,206837,1,1,0,06,13,7,0,0,1,0,0,0,0,0
"POINT (8.395791605000056 49.005331690000048)",Unfall 206886 (2024) Kat:3, Licht: 0,206886,3,5,1,06,09,6,0,0,1,1,0,0,0,0
"POINT (8.371445011000048 48.990800337000053)",Unfall 206887 (2024) Kat:3, Licht: 0,206887,3,6,2,06,16,6,0,0,0,1,0,0,0,0
"POINT (8.360017827000036 49.014323236000052)",Unfall 206888 (2024) Kat:3, Licht: 0,206888,3,5,1,06,14,6,0,0,1,1,0,0,0,0
"POINT (8.398283105000075 49.005603186000030)",Unfall 206889 (2024) Kat:3, Licht: 0,206889,3,3,5,06,07,6,0,0,1,0,0,0,0,1
"POINT (8.365281290000041 49.011287744000072)",Unfall 206890 (2024) Kat:3, Licht: 0,206890,3,2,5,06,08,6,0,0,1,0,0,0,0,1
"POINT (8.466560573000038 49.001253445000032)",Unfall 206951 (2024) Kat:3, Licht: 0,206951,3,5,1,07,07,6,0,0,0,1,0,0,0,1
"POINT (8.361636110000063 49.011257264000051)",Unfall 206959 (2024) Kat:3, Licht: 0,206959,3,2,5,06,19,5,0,0,1,1,0,0,0,0
"POINT (8.377569137000023 49.046754430000078)",Unfall 207024 (2024) Kat:3, Licht: 0,207024,3,2,5,06,16,4,0,0,1,0,0,0,0,0
"POINT (8.382533142000057 49.049142428000039)",Unfall 207093 (2024) Kat:3, Licht: 0,207093,3,3,5,06,07,3,0,0,1,1,0,0,0,0
"POINT (8.447610971000074 49.027704059000030)",Unfall 207094 (2024) Kat:3, Licht: 0,207094,3,5,1,06,20,3,0,0,1,1,0,0,0,0
"POINT (8.431767024000067 49.007907263000050)",Unfall 207095 (2024) Kat:3, Licht: 0,207095,3,2,2,06,18,3,0,0,0,1,0,0,0,0
"POINT (8.386491609000075 49.027311710000049)",Unfall 207096 (2024) Kat:2, Licht: 0,207096,2,3,5,06,07,3,0,0,1,1,0,0,0,0
"POINT (8.389717132000044 49.044834356000081)",Unfall 207163 (2024) Kat:3, Licht: 0,207163,3,3,5,06,07,2,0,0,1,1,0,0,0,0
"POINT (8.473390246000065 48.999104379000073)",Unfall 207165 (2024) Kat:3, Licht: 0,207165,3,7,0,06,16,2,0,0,1,0,0,0,0,0
"POINT (8.375518611000075 49.011087804000056)",Unfall 207166 (2024) Kat:3, Licht: 0,207166,3,6,2,06,08,2,0,0,0,1,0,0,0,0
"POINT (8.350553883000032 49.027492619000043)",Unfall 207167 (2024) Kat:3, Licht: 0,207167,3,2,5,06,18,2,0,0,0,1,0,1,0,0
"POINT (8.391715982000051 49.008919436000042)",Unfall 207207 (2024) Kat:3, Licht: 2,207207,3,4,6,06,23,1,0,2,0,1,1,0,0,0
"POINT (8.372497079000027 49.011261857000079)",Unfall 207241 (2024) Kat:3, Licht: 0,207241,3,7,0,08,19,7,0,0,0,0,0,0,0,1
"POINT (8.354902515000049 48.992053518000034)",Unfall 207271 (2024) Kat:3, Licht: 0,207271,3,4,6,08,18,6,0,0,1,0,1,0,0,0
"POINT (8.368642006000073 49.017127674000051)",Unfall 207272 (2024) Kat:3, Licht: 0,207272,3,1,0,08,19,6,1,0,1,0,0,0,0,0
"POINT (8.349673794000068 48.999757622000061)",Unfall 207273 (2024) Kat:3, Licht: 0,207273,3,3,4,08,06,6,0,0,0,1,0,0,0,0
"POINT (8.463489041000059 48.997936382000034)",Unfall 207274 (2024) Kat:3, Licht: 0,207274,3,1,0,08,11,6,0,0,1,0,0,0,0,0
"POINT (8.438731546000042 49.011708544000044)",Unfall 207275 (2024) Kat:3, Licht: 0,207275,3,2,5,08,10,6,0,0,1,0,0,0,0,1
"POINT (8.430938200000071 49.034567833000040)",Unfall 207301 (2024) Kat:3, Licht: 0,207301,3,3,5,08,13,5,1,0,1,1,0,0,0,0
"POINT (8.452345854000043 48.999966035000057)",Unfall 207304 (2024) Kat:1, Licht: 0,207304,1,5,0,08,17,5,0,0,1,1,0,0,0,0
"POINT (8.398812855000074 49.023844777000079)",Unfall 207305 (2024) Kat:3, Licht: 0,207305,3,6,4,08,19,5,0,0,1,0,0,0,0,0
"POINT (8.365469854000025 48.983368961000053)",Unfall 207338 (2024) Kat:3, Licht: 0,207338,3,3,5,07,15,4,0,0,0,1,0,1,0,0
"POINT (8.408030538000048 49.004211399000042)",Unfall 207382 (2024) Kat:3, Licht: 0,207382,3,5,0,07,15,3,0,0,1,1,0,0,0,0
"POINT (8.410245708000048 49.004434863000029)",Unfall 207383 (2024) Kat:3, Licht: 0,207383,3,2,5,07,17,3,0,0,1,1,0,0,0,0
"POINT (8.390784146000044 49.004589136000050)",Unfall 207384 (2024) Kat:3, Licht: 0,207384,3,4,6,07,14,3,0,0,1,0,1,0,0,0
"POINT (8.389784025000040 49.010278977000041)",Unfall 207385 (2024) Kat:3, Licht: 0,207385,3,2,5,07,08,3,0,0,1,1,0,0,0,0
"POINT (8.455457481000053 49.027946460000067)",Unfall 207497 (2024) Kat:3, Licht: 0,207497,3,3,5,07,19,7,0,0,1,1,0,0,0,0
"POINT (8.374637415000052 49.027481081000076)",Unfall 207576 (2024) Kat:3, Licht: 0,207576,3,2,0,07,07,5,0,0,0,0,0,1,0,1
"POINT (8.410533838000049 49.000868346000061)",Unfall 207622 (2024) Kat:3, Licht: 2,207622,3,7,0,07,22,4,0,2,1,0,0,0,0,0
"POINT (8.415230346000044 49.004485943000077)",Unfall 207624 (2024) Kat:3, Licht: 1,207624,3,4,6,07,20,4,0,1,1,0,1,0,0,0
"POINT (8.359545320000052 49.031477819000031)",Unfall 207625 (2024) Kat:3, Licht: 0,207625,3,6,2,07,16,4,0,0,0,1,0,1,0,0
"POINT (8.410486771000024 49.009371279000050)",Unfall 207685 (2024) Kat:2, Licht: 0,207685,2,7,0,07,14,3,0,0,1,0,0,0,0,0
"POINT (8.462934716000063 49.001768764000076)",Unfall 207731 (2024) Kat:3, Licht: 0,207731,3,7,6,07,13,2,0,0,0,1,1,0,0,0
"POINT (8.410638536000022 49.011961977000055)",Unfall 207732 (2024) Kat:3, Licht: 0,207732,3,5,1,07,10,2,0,0,1,1,0,0,0,0
"POINT (8.380813010000054 48.999000307000074)",Unfall 207733 (2024) Kat:3, Licht: 0,207733,3,4,2,07,08,2,0,0,0,1,1,0,0,0
"POINT (8.408997612000064 49.008721346000073)",Unfall 207734 (2024) Kat:3, Licht: 2,207734,3,1,0,07,01,7,1,2,1,0,0,0,0,0
"POINT (8.384807615000057 49.057608087000062)",Unfall 207735 (2024) Kat:3, Licht: 0,207735,3,2,5,07,07,2,1,0,1,1,0,0,0,0
"POINT (8.445001168000033 48.996593432000054)",Unfall 207736 (2024) Kat:3, Licht: 0,207736,3,6,4,07,15,2,0,0,0,1,0,0,0,1
"POINT (8.401500420000048 49.011443286000031)",Unfall 207776 (2024) Kat:3, Licht: 2,207776,3,1,9,07,02,1,0,2,0,0,0,1,0,0
"POINT (8.386309305000054 48.999254885000028)",Unfall 207826 (2024) Kat:3, Licht: 1,207826,3,3,5,07,05,7,0,1,1,1,0,0,0,0
"POINT (8.410553006000043 49.000144233000071)",Unfall 207827 (2024) Kat:3, Licht: 0,207827,3,2,5,07,13,7,0,0,1,1,0,0,0,0
"POINT (8.377333122000039 49.016769645000068)",Unfall 207884 (2024) Kat:3, Licht: 0,207884,3,1,0,07,11,6,0,0,1,0,0,0,0,0
"POINT (8.408311453000067 49.011065188000032)",Unfall 207943 (2024) Kat:3, Licht: 0,207943,3,2,5,07,18,5,0,0,0,1,0,1,0,0
"POINT (8.376012195000044 49.008162480000067)",Unfall 207944 (2024) Kat:3, Licht: 0,207944,3,3,0,07,09,5,0,0,1,0,0,0,0,0
"POINT (8.398770802000058 49.010264773000074)",Unfall 208008 (2024) Kat:3, Licht: 2,208008,3,6,6,07,23,4,0,2,0,0,1,0,0,1
"POINT (8.405554974000040 48.981041076000054)",Unfall 208076 (2024) Kat:3, Licht: 0,208076,3,2,5,07,09,3,0,0,1,1,0,0,0,0
"POINT (8.412885588000051 49.008525587000065)",Unfall 208078 (2024) Kat:3, Licht: 0,208078,3,6,3,07,18,4,0,0,1,1,0,0,0,0
"POINT (8.361251432000074 48.987376746000052)",Unfall 208079 (2024) Kat:3, Licht: 1,208079,3,3,5,07,05,3,0,1,1,1,0,0,0,0
"POINT (8.412024694000024 48.995352359000037)",Unfall 208080 (2024) Kat:3, Licht: 0,208080,3,2,5,07,14,3,0,0,1,1,0,0,0,0
"POINT (8.357981240000072 49.012237672000026)",Unfall 208081 (2024) Kat:3, Licht: 0,208081,3,7,0,07,16,3,0,0,0,0,0,0,0,1
"POINT (8.475983155000051 49.000185164000072)",Unfall 208151 (2024) Kat:3, Licht: 0,208151,3,6,2,07,20,2,0,0,1,1,0,0,0,0
"POINT (8.467171523000047 49.001786009000057)",Unfall 208152 (2024) Kat:3, Licht: 0,208152,3,6,2,07,17,2,0,0,0,1,0,0,0,0
"POINT (8.453980681000075 49.025121748000061)",Unfall 208153 (2024) Kat:3, Licht: 0,208153,3,5,1,07,15,2,0,0,0,1,0,0,0,0
"POINT (8.368654615000025 49.011156291000077)",Unfall 208154 (2024) Kat:3, Licht: 0,208154,3,6,2,07,16,2,0,0,0,1,0,0,0,0
"POINT (8.405954760000043 49.010268683000049)",Unfall 208246 (2024) Kat:3, Licht: 0,208246,3,5,1,07,16,7,0,0,1,1,0,0,0,0
"POINT (8.371320457000024 49.030503817000067)",Unfall 208336 (2024) Kat:3, Licht: 0,208336,3,7,6,09,19,1,0,0,1,0,1,0,0,0
"POINT (8.419201558000054 49.008469609000031)",Unfall 208337 (2024) Kat:3, Licht: 0,208337,3,3,0,09,18,1,0,0,1,1,0,0,0,0
"POINT (8.397578204000069 49.008208649000039)",Unfall 208372 (2024) Kat:3, Licht: 0,208372,3,5,1,08,12,7,0,0,1,0,0,0,0,1
"POINT (8.455378966000069 48.971693471000037)",Unfall 208395 (2024) Kat:3, Licht: 2,208395,3,7,0,08,06,6,0,2,1,0,0,0,0,0
"POINT (8.424061698000060 49.007566799000074)",Unfall 208396 (2024) Kat:2, Licht: 0,208396,2,3,5,08,08,6,0,0,1,0,0,0,0,1
"POINT (8.415835575000074 49.001731910000046)",Unfall 208429 (2024) Kat:3, Licht: 0,208429,3,3,5,08,11,5,0,0,1,0,0,0,0,0
"POINT (8.386491307000028 49.029637821000051)",Unfall 208430 (2024) Kat:3, Licht: 0,208430,3,7,0,08,07,5,0,0,1,0,0,0,0,0
"POINT (8.403375360000041 49.003628294000066)",Unfall 208466 (2024) Kat:3, Licht: 0,208466,3,7,0,08,07,4,0,0,1,0,0,0,0,0
"POINT (8.385851789000071 49.014741997000044)",Unfall 208520 (2024) Kat:3, Licht: 2,208520,3,3,5,08,23,3,0,2,1,1,0,0,0,0
"POINT (8.396714266000060 48.994350914000051)",Unfall 208522 (2024) Kat:3, Licht: 0,208522,3,3,0,08,16,3,0,0,1,0,0,0,0,1
"POINT (8.390527197000040 48.998491286000046)",Unfall 208523 (2024) Kat:3, Licht: 0,208523,3,3,5,08,14,3,0,0,0,1,0,0,0,0
"POINT (8.366292476000069 49.012387886000056)",Unfall 208562 (2024) Kat:2, Licht: 0,208562,2,7,6,08,16,2,0,0,1,0,1,0,0,0
"POINT (8.394086362000053 49.008105847000081)",Unfall 208606 (2024) Kat:3, Licht: 0,208606,3,6,2,08,15,7,0,0,1,1,0,0,0,0
"POINT (8.449688298000069 49.011516470000061)",Unfall 208647 (2024) Kat:3, Licht: 0,208647,3,7,5,08,14,6,0,0,0,0,0,0,1,1
"POINT (8.360360253000067 48.995861279000053)",Unfall 208721 (2024) Kat:2, Licht: 0,208721,2,3,5,08,14,4,0,0,1,1,0,0,0,0
"POINT (8.475453597000069 48.999473096000031)",Unfall 208731 (2024) Kat:3, Licht: 2,208731,3,6,4,08,02,2,0,2,0,1,0,1,0,0
"POINT (8.414281984000070 49.001864960000034)",Unfall 208743 (2024) Kat:3, Licht: 0,208743,3,3,5,08,16,3,0,0,1,1,0,0,0,0
"POINT (8.458184444000040 48.989840780000065)",Unfall 208747 (2024) Kat:3, Licht: 0,208747,3,3,0,08,16,3,0,0,1,1,0,0,1,0
"POINT (8.410704229000032 48.997091802000057)",Unfall 208772 (2024) Kat:3, Licht: 0,208772,3,6,2,08,13,2,0,0,0,1,0,0,0,0
"POINT (8.375614859000052 49.007321691000072)",Unfall 208811 (2024) Kat:2, Licht: 0,208811,2,7,0,08,18,7,0,0,1,0,0,0,0,0
"POINT (8.369669813000030 49.006508323000048)",Unfall 208850 (2024) Kat:2, Licht: 0,208850,2,5,1,08,19,6,0,0,1,1,0,0,0,0
"POINT (8.404070833000048 49.010810413000058)",Unfall 208852 (2024) Kat:3, Licht: 2,208852,3,3,5,08,23,6,0,2,0,1,0,1,0,0
"POINT (8.395965921000027 49.009962694000080)",Unfall 208862 (2024) Kat:3, Licht: 0,208862,3,1,0,08,10,4,0,0,1,0,0,0,0,0
"POINT (8.390669208000077 48.999748500000067)",Unfall 208919 (2024) Kat:3, Licht: 0,208919,3,2,5,08,13,1,0,0,1,1,0,0,0,0
"POINT (8.497692834000077 49.005133975000035)",Unfall 208964 (2024) Kat:2, Licht: 1,208964,2,7,0,08,20,3,1,1,1,0,0,0,0,0
"POINT (8.435685622000051 49.019347104000076)",Unfall 209033 (2024) Kat:3, Licht: 0,209033,3,3,5,08,09,1,0,0,1,1,0,0,0,0
"POINT (8.416742215000056 49.008563393000031)",Unfall 209036 (2024) Kat:3, Licht: 0,209036,3,3,5,08,12,7,0,0,1,1,0,0,0,0
"POINT (8.396002842000030 48.996546388000070)",Unfall 209065 (2024) Kat:3, Licht: 0,209065,3,5,1,08,15,7,0,0,1,1,0,0,0,0
"POINT (8.385720241000058 49.022710744000051)",Unfall 209113 (2024) Kat:3, Licht: 0,209113,3,5,1,08,12,6,0,0,0,1,0,1,0,0
"POINT (8.424000451000040 49.007554926000068)",Unfall 209114 (2024) Kat:3, Licht: 0,209114,3,2,5,08,12,6,0,0,1,1,0,0,0,0
"POINT (8.369181274000027 49.013698685000065)",Unfall 209165 (2024) Kat:3, Licht: 0,209165,3,3,5,08,11,5,0,0,0,1,0,0,0,0
"POINT (8.438838988000043 49.006755610000027)",Unfall 209166 (2024) Kat:3, Licht: 0,209166,3,3,5,08,15,5,0,0,0,1,0,0,0,0
"POINT (8.402723279000043 48.980204536000031)",Unfall 209167 (2024) Kat:3, Licht: 0,209167,3,3,5,08,15,5,0,0,1,0,0,0,0,0
"POINT (8.384263185000066 49.047416786000042)",Unfall 209213 (2024) Kat:3, Licht: 0,209213,3,7,0,08,17,4,0,0,1,0,0,0,0,0
"POINT (8.463361759000065 49.001187284000082)",Unfall 209215 (2024) Kat:3, Licht: 0,209215,3,3,5,08,15,4,0,0,1,1,0,0,0,0
"POINT (8.392732106000039 48.985554810000053)",Unfall 209239 (2024) Kat:3, Licht: 0,209239,3,3,2,08,19,5,0,0,1,1,0,0,0,0
"POINT (8.449513034000063 49.011465490000035)",Unfall 209259 (2024) Kat:3, Licht: 0,209259,3,6,8,08,14,3,0,0,0,1,0,0,0,1
"POINT (8.419716319000031 49.008601330000033)",Unfall 209260 (2024) Kat:2, Licht: 0,209260,2,6,2,08,20,3,0,0,0,0,0,1,0,1
"POINT (8.401779437000073 49.005351463000068)",Unfall 209304 (2024) Kat:3, Licht: 0,209304,3,6,2,08,16,2,0,0,0,1,0,0,0,0
"POINT (8.394774350000034 49.005623998000033)",Unfall 209367 (2024) Kat:3, Licht: 0,209367,3,2,5,09,07,2,1,0,1,1,0,0,0,0
"POINT (8.455600935000064 49.042581951000045)",Unfall 209391 (2024) Kat:3, Licht: 0,209391,3,6,6,09,14,1,0,0,0,1,1,0,0,0
"POINT (8.379285470000070 49.041919506000056)",Unfall 209392 (2024) Kat:3, Licht: 0,209392,3,3,5,09,17,1,0,0,0,1,0,0,0,1
"POINT (8.393227199000023 49.010088995000046)",Unfall 209422 (2024) Kat:3, Licht: 0,209422,3,1,0,09,17,7,1,0,0,0,0,0,0,1
"POINT (8.390749246000041 49.002534423000043)",Unfall 209448 (2024) Kat:3, Licht: 0,209448,3,3,4,09,10,6,1,0,0,1,0,0,0,1
"POINT (8.453809043000035 48.977681893000067)",Unfall 209449 (2024) Kat:3, Licht: 0,209449,3,7,6,09,11,6,0,0,0,1,1,0,0,0
"POINT (8.364939899000035 49.011323831000027)",Unfall 209516 (2024) Kat:3, Licht: 2,209516,3,4,6,09,01,4,0,2,0,1,1,0,0,0
"POINT (8.390032800000029 49.007386546000077)",Unfall 209551 (2024) Kat:3, Licht: 0,209551,3,7,1,09,15,3,0,0,0,1,0,0,0,0
"POINT (8.397702614000025 49.011159587000066)",Unfall 209552 (2024) Kat:3, Licht: 0,209552,3,7,0,09,10,3,0,0,0,0,0,0,0,1
"POINT (8.466228588000035 48.998463053000080)",Unfall 209553 (2024) Kat:3, Licht: 0,209553,3,3,5,09,18,3,0,0,1,1,0,0,0,0
"POINT (8.408089822000022 49.001944437000077)",Unfall 209617 (2024) Kat:3, Licht: 0,209617,3,5,0,09,13,1,1,0,1,0,0,0,0,1
"POINT (8.325245400000028 49.003985194000052)",Unfall 209658 (2024) Kat:3, Licht: 0,209658,3,7,0,09,17,7,0,0,1,0,0,0,0,0
"POINT (8.439290281000069 49.011883814000043)",Unfall 209659 (2024) Kat:3, Licht: 0,209659,3,7,0,09,18,7,0,0,1,0,0,0,0,0
"POINT (8.404065557000024 49.008927712000059)",Unfall 209712 (2024) Kat:3, Licht: 0,209712,3,7,7,09,12,6,0,0,1,0,0,0,0,0
"POINT (8.411265556000046 48.996449435000045)",Unfall 209733 (2024) Kat:3, Licht: 0,209733,3,6,2,09,08,2,0,0,1,0,0,0,0,1
"POINT (8.367553734000069 49.041790236000054)",Unfall 209769 (2024) Kat:3, Licht: 0,209769,3,3,5,09,13,5,0,0,1,1,0,0,0,0
"POINT (8.400268256000061 49.009758441000031)",Unfall 209771 (2024) Kat:3, Licht: 0,209771,3,7,6,09,14,5,0,0,1,0,1,0,0,0
"POINT (8.329492950000031 49.003102773000080)",Unfall 209772 (2024) Kat:3, Licht: 0,209772,3,5,1,09,12,5,0,0,0,1,0,0,0,1
"POINT (8.439523996000048 49.008466001000045)",Unfall 209773 (2024) Kat:3, Licht: 0,209773,3,3,0,09,18,5,0,0,0,1,0,1,0,0
"POINT (8.372344905000034 48.982403613000031)",Unfall 209811 (2024) Kat:3, Licht: 2,209811,3,3,5,09,20,4,0,2,1,1,0,0,0,0
"POINT (8.402883571000075 49.010263770000051)",Unfall 209855 (2024) Kat:3, Licht: 0,209855,3,3,5,09,08,3,0,0,1,0,0,0,0,0
"POINT (8.391666167000039 49.010160422000070)",Unfall 209856 (2024) Kat:2, Licht: 0,209856,2,1,0,09,14,3,1,0,0,0,0,0,0,1
"POINT (8.395059153000034 49.009957138000061)",Unfall 209858 (2024) Kat:3, Licht: 0,209858,3,7,0,09,12,3,0,0,1,0,0,0,0,0
"POINT (8.422001470000055 49.017877282000029)",Unfall 209859 (2024) Kat:3, Licht: 1,209859,3,7,8,09,19,3,0,1,1,0,0,0,0,0
"POINT (8.421196472000076 49.020068883000079)",Unfall 209860 (2024) Kat:3, Licht: 2,209860,3,3,0,09,20,3,0,2,1,0,0,0,0,1
"POINT (8.359586939000053 49.010508735000030)",Unfall 209882 (2024) Kat:3, Licht: 0,209882,3,7,9,09,09,2,0,0,0,0,0,1,0,0
"POINT (8.418308953000064 49.013419361000047)",Unfall 209930 (2024) Kat:3, Licht: 0,209930,3,2,5,09,15,5,1,0,0,1,0,0,0,0
"POINT (8.390224493000062 49.003265930000055)",Unfall 209933 (2024) Kat:3, Licht: 2,209933,3,5,1,09,05,7,0,2,0,1,0,0,0,1
"POINT (8.365780607000033 48.990171606000047)",Unfall 209934 (2024) Kat:3, Licht: 0,209934,3,6,2,09,11,7,0,0,0,1,0,0,0,0
"POINT (8.405523575000075 49.003924984000037)",Unfall 209962 (2024) Kat:3, Licht: 0,209962,3,2,5,09,18,4,0,0,1,0,0,0,0,0
"POINT (8.450806715000056 48.995566256000075)",Unfall 209971 (2024) Kat:3, Licht: 0,209971,3,1,0,09,11,6,0,0,0,0,0,1,0,0
"POINT (8.407586604000073 49.007512446000078)",Unfall 209972 (2024) Kat:2, Licht: 0,209972,2,5,1,09,12,6,0,0,1,0,0,0,0,1
"POINT (8.455026306000036 48.975388411000040)",Unfall 209994 (2024) Kat:3, Licht: 0,209994,3,1,0,09,09,4,1,0,0,0,0,1,0,0
"POINT (8.446304227000041 49.036516237000058)",Unfall 210004 (2024) Kat:3, Licht: 0,210004,3,7,1,09,14,5,0,0,1,0,0,0,0,1
"POINT (8.381200402000047 48.988131160000080)",Unfall 210007 (2024) Kat:2, Licht: 0,210007,2,6,2,09,17,5,0,0,1,1,0,0,0,0
"POINT (8.343098957000052 49.031753197000057)",Unfall 210038 (2024) Kat:3, Licht: 0,210038,3,4,6,09,08,4,1,0,0,1,1,0,0,0
"POINT (8.389878983000074 49.044724985000073)",Unfall 210102 (2024) Kat:3, Licht: 0,210102,3,1,0,09,09,2,1,0,1,0,0,0,0,0
"POINT (8.384406352000042 48.990313985000057)",Unfall 210103 (2024) Kat:3, Licht: 2,210103,3,7,8,09,21,2,1,2,1,0,0,0,0,0
"POINT (8.419799997000041 49.022810011000047)",Unfall 210104 (2024) Kat:3, Licht: 0,210104,3,6,2,09,16,2,1,0,0,1,0,0,0,0
"POINT (8.410186830000043 49.007647437000060)",Unfall 210133 (2024) Kat:3, Licht: 0,210133,3,6,2,09,09,6,0,0,0,1,0,0,0,0
"POINT (8.410502385000029 49.005819610000060)",Unfall 210173 (2024) Kat:3, Licht: 0,210173,3,6,2,09,14,1,1,0,0,1,0,0,0,0
"POINT (8.417024535000053 49.018453922000049)",Unfall 210187 (2024) Kat:2, Licht: 2,210187,2,5,1,09,21,7,0,2,1,1,0,0,0,0
"POINT (8.406241007000062 49.005645610000045)",Unfall 210188 (2024) Kat:2, Licht: 0,210188,2,3,5,09,16,7,0,0,1,0,0,0,0,1
"POINT (8.390871121000032 49.009211401000073)",Unfall 210189 (2024) Kat:3, Licht: 0,210189,3,7,6,09,15,7,0,0,0,1,1,0,0,0
"POINT (8.379286189000027 49.041919904000054)",Unfall 210195 (2024) Kat:3, Licht: 0,210195,3,3,0,09,14,1,0,0,1,1,0,0,0,0
"POINT (8.375012046000052 49.015097548000028)",Unfall 210241 (2024) Kat:3, Licht: 0,210241,3,6,3,09,18,6,0,0,1,1,0,0,0,0
"POINT (8.472241676000067 48.999193257000059)",Unfall 210242 (2024) Kat:3, Licht: 0,210242,3,7,0,09,09,6,0,0,1,0,0,0,0,0
"POINT (8.386310468000033 49.026523018000034)",Unfall 210244 (2024) Kat:2, Licht: 0,210244,2,2,3,09,16,6,0,0,1,0,0,1,0,0
"POINT (8.409971437000024 49.012175633000027)",Unfall 210284 (2024) Kat:3, Licht: 0,210284,3,1,8,09,18,6,1,0,0,0,0,0,0,1
"POINT (8.387619416000064 49.012487870000029)",Unfall 210293 (2024) Kat:3, Licht: 0,210293,3,3,5,09,13,5,0,0,0,1,0,0,0,0
"POINT (8.408510271000068 49.005942188000063)",Unfall 210294 (2024) Kat:3, Licht: 0,210294,3,3,5,09,11,5,0,0,1,0,0,0,0,1
"POINT (8.369041720000041 49.012901215000056)",Unfall 210342 (2024) Kat:3, Licht: 0,210342,3,7,4,09,08,4,0,0,1,1,0,0,0,0
"POINT (8.406630376000066 48.976134519000027)",Unfall 210343 (2024) Kat:2, Licht: 0,210343,2,2,5,09,16,4,0,0,1,0,0,0,0,1
"POINT (8.482494359000043 49.013087757000051)",Unfall 210364 (2024) Kat:3, Licht: 2,210364,3,1,8,10,18,4,0,2,0,0,0,1,0,0
"POINT (8.392997097000034 49.005329806000077)",Unfall 210365 (2024) Kat:3, Licht: 0,210365,3,6,2,10,12,4,0,0,0,1,0,0,0,0
"POINT (8.417550486000039 49.009208528000045)",Unfall 210366 (2024) Kat:3, Licht: 0,210366,3,3,2,10,15,4,0,0,0,1,0,0,0,1
"POINT (8.384992568000030 49.010415361000071)",Unfall 210430 (2024) Kat:3, Licht: 0,210430,3,2,5,10,16,2,0,0,1,1,0,0,0,0
"POINT (8.398813839000070 48.994195998000066)",Unfall 210431 (2024) Kat:3, Licht: 0,210431,3,3,5,10,15,2,0,0,1,1,0,0,0,0
"POINT (8.354551706000052 49.002386271000034)",Unfall 210432 (2024) Kat:3, Licht: 0,210432,3,7,6,10,12,2,0,0,0,1,1,0,0,0
"POINT (8.374944757000037 49.013605469000026)",Unfall 210433 (2024) Kat:2, Licht: 2,210433,2,3,5,10,05,2,0,2,1,1,0,0,0,0
"POINT (8.380847653000046 49.055949488000067)",Unfall 210455 (2024) Kat:3, Licht: 0,210455,3,1,1,10,10,1,0,0,1,1,0,0,0,0
"POINT (8.407131494000055 49.011352552000062)",Unfall 210486 (2024) Kat:3, Licht: 0,210486,3,6,2,10,14,7,0,0,0,1,0,0,0,0
"POINT (8.403252185000042 49.007006692000061)",Unfall 210487 (2024) Kat:3, Licht: 2,210487,3,7,0,10,20,7,0,2,1,0,0,0,0,0
"POINT (8.443804762000070 49.031524622000063)",Unfall 210524 (2024) Kat:3, Licht: 0,210524,3,3,5,10,13,6,0,0,1,1,0,0,0,0
"POINT (8.369147562000023 49.013701360000027)",Unfall 210526 (2024) Kat:3, Licht: 0,210526,3,3,5,10,07,6,0,0,0,1,0,0,0,0
"POINT (8.381155758000034 49.002386143000081)",Unfall 210527 (2024) Kat:3, Licht: 0,210527,3,3,5,10,09,6,0,0,1,0,0,0,0,1
"POINT (8.417270731000031 49.008916220000060)",Unfall 210528 (2024) Kat:3, Licht: 0,210528,3,2,5,10,12,6,0,0,0,1,0,0,0,0
"POINT (8.379611882000063 49.018377946000044)",Unfall 210568 (2024) Kat:3, Licht: 0,210568,3,3,5,10,15,5,0,0,1,1,0,0,0,0
"POINT (8.409103435000077 48.996057050000047)",Unfall 210569 (2024) Kat:3, Licht: 0,210569,3,1,0,10,08,5,0,0,1,0,0,0,0,0