WKT,Name,OBJECTID,UKATEGORIE,UTYP1,UART,UMONAT,USTUNDE,UWOCHENTAG,STRZUSTAND,ULICHTVERH,ISTRAD,ISTPKW,ISTFUSS,ISTKRAD,ISTGKFZ,ISTSONSTIG
"POINT (8.393920280000032 49.045715561000065)",Unfall 210609 (2024) Kat:3, Licht: 1,210609,3,2,2,10,07,4,0,1,1,1,0,0,0,0
"POINT (8.393068218000053 49.008459519000041)",Unfall 210700 (2024) Kat:3, Licht: 0,210700,3,7,6,10,14,2,0,0,0,1,1,0,0,0
"POINT (8.440571066000075 49.006351287000030)",Unfall 210701 (2024) Kat:3, Licht: 0,210701,3,2,2,10,16,2,0,0,0,1,0,1,0,0
"POINT (8.399050353000064 49.008327511000061)",Unfall 210724 (2024) Kat:3, Licht: 2,210724,3,5,1,10,22,1,0,2,1,1,0,0,0,0
"POINT (8.385047689000032 48.991210042000034)",Unfall 210791 (2024) Kat:3, Licht: 1,210791,3,2,5,10,07,6,0,1,1,0,0,1,0,0
"POINT (8.389706891000060 49.044833283000060)",Unfall 210792 (2024) Kat:3, Licht: 0,210792,3,3,5,10,11,6,1,0,1,1,0,0,0,0
"POINT (8.375123335000069 49.006440689000044)",Unfall 210793 (2024) Kat:3, Licht: 0,210793,3,3,5,10,13,6,0,0,1,1,0,0,0,0
"POINT (8.375225672000056 49.011102373000028)",Unfall 210832 (2024) Kat:3, Licht: 2,210832,3,2,5,10,19,5,0,2,1,1,0,0,0,0
"POINT (8.405628572000069 48.992855656000074)",Unfall 210833 (2024) Kat:3, Licht: 0,210833,3,2,5,10,08,5,0,0,1,1,0,0,0,0
"POINT (8.381875938000064 49.010540568000067)",Unfall 210834 (2024) Kat:3, Licht: 0,210834,3,2,5,10,17,5,0,0,1,1,0,0,0,0
"POINT (8.365267359000029 49.014006663000032)",Unfall 210871 (2024) Kat:3, Licht: 0,210871,3,4,6,10,08,4,0,0,1,0,1,0,0,0
"POINT (8.437202456000023 48.996765898000035)",Unfall 210872 (2024) Kat:3, Licht: 0,210872,3,2,0,10,07,4,0,0,1,1,0,0,0,0
"POINT (8.389804613000024 49.044785405000027)",Unfall 210873 (2024) Kat:2, Licht: 0,210873,2,3,5,10,17,4,0,0,1,1,0,0,0,0
"POINT (8.360101103000034 49.022908362000067)",Unfall 210910 (2024) Kat:3, Licht: 0,210910,3,5,1,10,16,3,0,0,1,1,0,0,0,0
"POINT (8.374730020000072 49.012153437000052)",Unfall 210911 (2024) Kat:3, Licht: 0,210911,3,3,5,10,10,3,1,0,1,1,0,0,0,0
"POINT (8.395656752000036 48.988489813000058)",Unfall 210941 (2024) Kat:3, Licht: 0,210941,3,7,0,10,14,2,1,0,1,0,0,0,0,0
"POINT (8.355470220000029 49.011273717000051)",Unfall 210942 (2024) Kat:3, Licht: 0,210942,3,6,2,10,11,2,1,0,1,1,0,0,0,0
"POINT (8.459734041000047 48.992772315000082)",Unfall 210943 (2024) Kat:3, Licht: 0,210943,3,3,5,10,16,2,1,0,1,1,0,0,0,0
"POINT (8.491897414000050 48.995253669000078)",Unfall 210966 (2024) Kat:2, Licht: 0,210966,2,6,2,10,18,1,0,0,1,0,0,0,0,0
"POINT (8.409244409000053 48.977805082000032)",Unfall 210967 (2024) Kat:3, Licht: 2,210967,3,2,6,10,19,1,0,2,0,1,1,0,0,0
"POINT (8.394533278000040 49.005804075000071)",Unfall 210990 (2024) Kat:3, Licht: 0,210990,3,6,6,10,14,7,0,0,1,0,1,0,0,0
"POINT (8.375528473000031 49.019082046000051)",Unfall 211023 (2024) Kat:3, Licht: 0,211023,3,3,5,10,16,7,0,0,1,1,0,0,0,0
"POINT (8.395312899000032 49.005618924000032)",Unfall 211027 (2024) Kat:3, Licht: 0,211027,3,2,3,10,17,6,0,0,1,1,0,0,0,0
"POINT (8.452387732000034 49.004903111000033)",Unfall 211028 (2024) Kat:3, Licht: 0,211028,3,2,5,10,12,6,0,0,1,1,0,0,0,0
"POINT (8.375294938000025 48.978370767000058)",Unfall 211043 (2024) Kat:3, Licht: 0,211043,3,6,2,10,07,6,1,0,1,1,0,0,0,0
"POINT (8.372100677000049 49.020126442000048)",Unfall 211074 (2024) Kat:3, Licht: 1,211074,3,3,5,10,18,5,1,1,1,1,0,0,0,0
"POINT (8.360480388000042 49.014788981000038)",Unfall 211075 (2024) Kat:3, Licht: 2,211075,3,3,5,10,22,5,1,2,1,1,0,0,0,0
"POINT (8.401076440000054 49.011680747000071)",Unfall 211076 (2024) Kat:3, Licht: 0,211076,3,6,2,10,08,5,0,0,0,1,0,0,0,0
"POINT (8.476316410000038 49.000180533000048)",Unfall 211121 (2024) Kat:3, Licht: 0,211121,3,2,5,10,11,4,1,0,0,1,0,1,0,0
"POINT (8.345836964000057 49.033048275000056)",Unfall 211122 (2024) Kat:3, Licht: 0,211122,3,3,0,10,08,4,1,0,0,1,0,1,0,0
"POINT (8.381587616000047 49.014873472000033)",Unfall 211123 (2024) Kat:3, Licht: 0,211123,3,3,5,10,14,4,1,0,0,1,0,1,0,0
"POINT (8.432829390000052 49.014544748000048)",Unfall 211124 (2024) Kat:2, Licht: 0,211124,2,3,5,10,14,4,1,0,1,1,0,0,0,0
"POINT (8.459112648000030 49.001428473000033)",Unfall 211169 (2024) Kat:3, Licht: 1,211169,3,6,3,10,07,3,1,1,1,0,0,0,0,1
"POINT (8.484581082000034 49.003495816000054)",Unfall 211170 (2024) Kat:3, Licht: 0,211170,3,6,6,10,11,3,1,0,1,0,1,0,0,0
"POINT (8.393772602000070 49.008215562000032)",Unfall 211171 (2024) Kat:3, Licht: 0,211171,3,5,1,10,16,3,0,0,1,1,0,0,0,0
"POINT (8.335109760000023 49.031713856000067)",Unfall 211172 (2024) Kat:3, Licht: 0,211172,3,3,5,10,07,3,1,0,1,1,0,0,0,0
"POINT (8.423624976000042 49.024929439000061)",Unfall 211217 (2024) Kat:3, Licht: 2,211217,3,6,2,10,18,2,1,2,0,1,0,0,0,0
"POINT (8.376465559000053 48.989192890000027)",Unfall 211219 (2024) Kat:3, Licht: 2,211219,3,2,5,10,05,2,1,2,0,1,0,0,0,1
"POINT (8.450695478000057 49.025048569000035)",Unfall 211220 (2024) Kat:3, Licht: 0,211220,3,3,5,10,16,2,1,0,0,1,0,0,0,0
"POINT (8.396619642000076 48.994596206000040)",Unfall 211242 (2024) Kat:3, Licht: 0,211242,3,7,0,10,12,1,0,0,1,0,0,0,0,0
"POINT (8.444214748000036 49.005557508000038)",Unfall 211267 (2024) Kat:3, Licht: 0,211267,3,3,0,10,16,7,0,0,1,1,0,0,0,0
"POINT (8.427492747000031 49.010037554000064)",Unfall 211290 (2024) Kat:2, Licht: 2,211290,2,7,9,10,23,6,1,2,0,1,0,0,0,1
"POINT (8.418276608000042 49.013467081000044)",Unfall 211291 (2024) Kat:3, Licht: 2,211291,3,4,6,10,21,6,1,2,0,0,1,0,0,1
"POINT (8.399313547000077 49.003225909000037)",Unfall 211293 (2024) Kat:3, Licht: 2,211293,3,7,0,10,23,6,1,2,1,0,0,0,0,0
"POINT (8.435041963000060 49.005553659000043)",Unfall 211310 (2024) Kat:3, Licht: 2,211310,3,3,5,10,21,5,0,2,0,0,0,0,0,1
"POINT (8.332483083000056 49.005325829000071)",Unfall 211334 (2024) Kat:3, Licht: 0,211334,3,3,1,10,10,4,1,0,1,1,0,0,0,0
"POINT (8.364715513000021 49.019822539000074)",Unfall 211335 (2024) Kat:2, Licht: 2,211335,2,2,5,10,21,4,0,2,1,0,0,0,1,0
"POINT (8.364252856000064 49.019028941000045)",Unfall 211421 (2024) Kat:3, Licht: 2,211421,3,3,5,12,18,3,0,2,1,1,0,0,0,0
"POINT (8.383188073000042 49.004419139000049)",Unfall 211452 (2024) Kat:2, Licht: 2,211452,2,1,0,12,22,2,1,2,1,0,0,0,0,0
"POINT (8.408739983000032 48.996042839000040)",Unfall 211484 (2024) Kat:3, Licht: 0,211484,3,5,1,11,13,7,0,0,1,1,0,0,0,0
"POINT (8.433449460000077 49.036832806000064)",Unfall 211525 (2024) Kat:3, Licht: 0,211525,3,2,5,11,15,6,0,0,1,1,0,0,0,0
"POINT (8.412092724000047 48.995245374000035)",Unfall 211526 (2024) Kat:3, Licht: 2,211526,3,6,2,11,17,6,0,2,0,1,0,0,0,0
"POINT (8.394518825000034 49.005647191000037)",Unfall 211527 (2024) Kat:3, Licht: 1,211527,3,2,2,11,16,6,0,1,1,1,0,0,0,0
"POINT (8.394647546000044 49.010023345000036)",Unfall 211547 (2024) Kat:3, Licht: 0,211547,3,7,6,11,08,5,0,0,0,0,1,0,0,1
"POINT (8.364647125000033 49.019632789000070)",Unfall 211583 (2024) Kat:3, Licht: 0,211583,3,2,5,11,12,4,0,0,1,1,0,0,0,0
"POINT (8.400806906000071 49.010922340000036)",Unfall 211584 (2024) Kat:3, Licht: 2,211584,3,3,5,11,18,4,1,2,1,1,0,0,0,0
"POINT (8.372735318000025 49.012015603000066)",Unfall 211617 (2024) Kat:2, Licht: 2,211617,2,1,0,11,18,3,1,2,1,0,0,0,0,0
"POINT (8.354987764000043 49.032913986000040)",Unfall 211618 (2024) Kat:3, Licht: 2,211618,3,3,5,11,17,3,1,2,1,1,0,0,0,0
"POINT (8.431322886000032 49.006423888000029)",Unfall 211619 (2024) Kat:3, Licht: 2,211619,3,2,5,11,17,3,0,2,1,1,0,0,0,0
"POINT (8.375531919000025 49.019081421000067)",Unfall 211648 (2024) Kat:2, Licht: 0,211648,2,3,5,11,12,2,0,0,1,1,0,0,0,0
"POINT (8.398748985000054 49.010268083000028)",Unfall 211665 (2024) Kat:3, Licht: 2,211665,3,1,0,11,17,1,1,2,1,0,0,0,0,0
"POINT (8.400024153000061 49.003882995000026)",Unfall 211688 (2024) Kat:2, Licht: 0,211688,2,2,5,11,12,7,0,0,0,1,0,0,0,1
"POINT (8.391812979000065 49.010154026000066)",Unfall 211689 (2024) Kat:3, Licht: 2,211689,3,3,0,11,21,7,0,2,0,1,0,0,0,1
"POINT (8.403543411000044 49.005908176000048)",Unfall 211690 (2024) Kat:3, Licht: 2,211690,3,6,2,11,19,7,0,2,1,1,0,0,0,0
"POINT (8.409593843000039 48.969291457000054)",Unfall 211692 (2024) Kat:3, Licht: 0,211692,3,3,5,12,07,2,1,0,1,1,0,0,0,0
"POINT (8.400100810000026 49.005523208000056)",Unfall 211728 (2024) Kat:3, Licht: 0,211728,3,6,3,11,12,6,0,0,1,0,0,0,0,0
"POINT (8.459808096000074 48.988928488000056)",Unfall 211729 (2024) Kat:3, Licht: 2,211729,3,3,5,11,16,6,1,2,0,1,0,0,0,0
"POINT (8.354976133000036 49.009563923000030)",Unfall 211772 (2024) Kat:3, Licht: 0,211772,3,2,5,11,10,5,0,0,1,1,0,0,0,0
"POINT (8.406598261000056 48.992892731000040)",Unfall 211801 (2024) Kat:3, Licht: 2,211801,3,3,5,11,17,4,0,2,0,1,0,1,0,0
"POINT (8.408249579000028 49.023693309000066)",Unfall 211802 (2024) Kat:3, Licht: 0,211802,3,1,0,11,07,4,1,0,1,0,0,0,0,0
"POINT (8.382901939000021 49.043746100000078)",Unfall 211840 (2024) Kat:3, Licht: 0,211840,3,3,5,11,09,3,1,0,1,1,0,0,0,0
"POINT (8.439151854000045 49.006747308000058)",Unfall 211841 (2024) Kat:3, Licht: 2,211841,3,6,2,11,17,3,1,2,0,1,0,0,0,0
"POINT (8.375330199000075 49.006346342000029)",Unfall 211869 (2024) Kat:3, Licht: 0,211869,3,1,0,11,11,2,1,0,0,0,0,1,0,0
"POINT (8.418197808000059 49.009268738000060)",Unfall 211870 (2024) Kat:3, Licht: 0,211870,3,4,0,11,15,2,1,0,0,0,1,0,0,1
"POINT (8.373596902000031 49.005472021000060)",Unfall 211871 (2024) Kat:3, Licht: 0,211871,3,3,2,11,10,2,1,0,1,1,0,0,0,0
"POINT (8.410325073000024 49.011369712000032)",Unfall 211872 (2024) Kat:3, Licht: 0,211872,3,5,1,11,11,2,1,0,1,1,0,0,0,0
"POINT (8.398164593000047 48.983251229000075)",Unfall 211937 (2024) Kat:3, Licht: 0,211937,3,3,5,11,14,6,0,0,1,1,0,0,0,0
"POINT (8.384848716000022 49.017438806000030)",Unfall 211938 (2024) Kat:3, Licht: 0,211938,3,3,5,11,10,6,0,0,1,1,0,0,0,0
"POINT (8.403873889000067 48.984873326000070)",Unfall 211939 (2024) Kat:3, Licht: 1,211939,3,2,5,11,16,6,0,1,1,0,0,1,0,0
"POINT (8.409914388000061 48.996102857000039)",Unfall 211979 (2024) Kat:3, Licht: 0,211979,3,1,0,11,10,5,1,0,1,0,0,0,0,0
"POINT (8.359567417000051 49.010520799000062)",Unfall 211980 (2024) Kat:3, Licht: 2,211980,3,3,5,11,05,5,1,2,1,1,0,0,0,0
"POINT (8.386616610000033 49.051450510000052)",Unfall 211981 (2024) Kat:3, Licht: 0,211981,3,3,5,11,09,5,1,0,1,1,0,0,0,0
"POINT (8.390259838000077 49.010220604000040)",Unfall 211983 (2024) Kat:3, Licht: 2,211983,3,3,5,11,17,5,1,2,1,1,0,0,0,0
"POINT (8.376155023000024 49.015116203000048)",Unfall 212017 (2024) Kat:3, Licht: 1,212017,3,5,1,11,06,4,0,1,1,1,0,0,0,0
"POINT (8.376026445000036 49.006213910000042)",Unfall 212020 (2024) Kat:3, Licht: 0,212020,3,3,5,11,08,4,0,0,1,1,0,0,0,0
"POINT (8.386028413000076 49.027347442000064)",Unfall 212021 (2024) Kat:3, Licht: 2,212021,3,3,5,11,17,4,1,2,1,1,0,0,0,0
"POINT (8.454445192000037 48.996410878000063)",Unfall 212051 (2024) Kat:3, Licht: 0,212051,3,3,0,11,09,3,1,0,1,1,0,0,0,0
"POINT (8.475125012000035 48.999324569000066)",Unfall 212098 (2024) Kat:3, Licht: 0,212098,3,1,0,11,16,2,1,0,1,0,0,0,0,0
"POINT (8.458910259000049 48.997158694000063)",Unfall 212099 (2024) Kat:3, Licht: 2,212099,3,3,0,11,17,2,1,2,0,1,0,1,0,0
"POINT (8.409947794000061 49.008959036000078)",Unfall 212182 (2024) Kat:3, Licht: 2,212182,3,7,6,11,19,6,0,2,0,0,1,0,0,1
"POINT (8.431832765000024 49.008159435000039)",Unfall 212183 (2024) Kat:3, Licht: 2,212183,3,1,0,11,06,6,1,2,0,0,0,1,0,0
"POINT (8.370458125000027 49.024214005000033)",Unfall 212311 (2024) Kat:3, Licht: 0,212311,3,2,5,11,16,3,0,0,1,1,0,0,0,0
"POINT (8.472310778000065 48.956170180000072)",Unfall 212349 (2024) Kat:3, Licht: 0,212349,3,5,1,11,15,2,0,0,0,1,0,0,0,0
"POINT (8.383848779000061 49.015407733000075)",Unfall 212379 (2024) Kat:3, Licht: 0,212379,3,7,0,11,14,1,0,0,1,0,0,0,0,0
"POINT (8.392583860000059 48.989986684000030)",Unfall 212403 (2024) Kat:3, Licht: 0,212403,3,7,0,11,09,7,0,0,0,0,0,0,0,1
"POINT (8.406965213000035 49.002318999000067)",Unfall 212404 (2024) Kat:3, Licht: 0,212404,3,3,5,11,08,7,0,0,1,0,0,0,0,0
"POINT (8.410956155000065 48.997064734000048)",Unfall 212411 (2024) Kat:3, Licht: 0,212411,3,2,2,11,09,7,0,0,1,0,0,0,0,0
"POINT (8.360466858000052 49.011249893000070)",Unfall 212423 (2024) Kat:3, Licht: 0,212423,3,2,2,11,12,3,0,0,0,1,0,0,0,0
"POINT (8.393185902000027 49.011566869000035)",Unfall 212424 (2024) Kat:3, Licht: 2,212424,3,7,0,11,02,6,1,2,1,0,0,0,0,0
"POINT (8.429624576000037 49.004211332000068)",Unfall 212425 (2024) Kat:3, Licht: 2,212425,3,2,5,11,19,6,0,2,1,1,0,0,0,0
"POINT (8.430701373000034 49.029133731000059)",Unfall 212458 (2024) Kat:3, Licht: 0,212458,3,6,2,10,13,5,0,0,0,1,0,0,0,1
"POINT (8.364125352000030 48.989270487000056)",Unfall 212459 (2024) Kat:3, Licht: 2,212459,3,1,0,10,20,5,0,2,0,0,0,0,0,1
"POINT (8.399403614000050 49.009725891000073)",Unfall 212460 (2024) Kat:3, Licht: 2,212460,3,7,6,10,18,5,0,2,1,0,1,0,0,0
"POINT (8.453631644000041 49.001080403000060)",Unfall 212462 (2024) Kat:3, Licht: 0,212462,3,5,0,10,07,5,0,0,1,1,0,0,0,0
"POINT (8.376936040000032 49.008147287000043)",Unfall 212463 (2024) Kat:3, Licht: 0,212463,3,3,0,10,12,5,0,0,1,1,0,0,0,0
"POINT (8.342373270000053 49.029870294000034)",Unfall 212873 (2024) Kat:3, Licht: 2,212873,3,7,0,12,04,5,0,2,0,0,0,0,0,1
"POINT (8.411119476000067 49.022810941000046)",Unfall 212927 (2024) Kat:3, Licht: 2,212927,3,7,9,12,04,1,1,2,0,1,0,0,0,0
"POINT (8.409971346000020 49.009152965000055)",Unfall 212928 (2024) Kat:2, Licht: 2,212928,2,2,6,12,02,1,1,2,0,1,1,0,0,0
"POINT (8.463650992000055 48.999100396000074)",Unfall 212945 (2024) Kat:3, Licht: 0,212945,3,3,5,12,10,7,0,0,0,1,0,0,0,1
"POINT (8.431977626000048 49.009117414000059)",Unfall 212969 (2024) Kat:3, Licht: 0,212969,3,7,5,12,11,6,1,0,0,1,0,0,0,0
"POINT (8.388764224000056 48.994896431000029)",Unfall 212970 (2024) Kat:3, Licht: 2,212970,3,4,6,12,17,6,0,2,0,0,1,0,0,1
"POINT (8.398048972000026 49.003768385000058)",Unfall 213011 (2024) Kat:3, Licht: 0,213011,3,6,3,12,14,5,1,0,1,1,0,0,0,0
"POINT (8.394757562000052 49.007864217000076)",Unfall 213012 (2024) Kat:3, Licht: 2,213012,3,4,6,12,07,5,1,2,0,1,1,0,0,0
"POINT (8.335170516000062 49.031773819000080)",Unfall 213040 (2024) Kat:3, Licht: 0,213040,3,3,5,12,14,4,0,0,1,1,0,0,0,0
"POINT (8.463395362000028 48.997851748000073)",Unfall 213041 (2024) Kat:3, Licht: 0,213041,3,7,5,12,15,4,0,0,0,1,0,1,0,0
"POINT (8.384564681000029 49.011085801000036)",Unfall 213114 (2024) Kat:3, Licht: 0,213114,3,7,0,12,13,2,0,0,0,0,0,0,0,1
"POINT (8.379586454000048 49.009288948000062)",Unfall 213115 (2024) Kat:3, Licht: 0,213115,3,6,1,12,12,2,1,0,0,1,0,0,0,1
"POINT (8.404098686000054 48.997612962000062)",Unfall 213145 (2024) Kat:3, Licht: 2,213145,3,7,5,12,17,1,0,2,0,1,0,0,0,1
"POINT (8.426213794000034 49.012475654000070)",Unfall 213147 (2024) Kat:2, Licht: 2,213147,2,7,0,12,22,1,0,2,1,0,0,0,0,0
"POINT (8.391570015000070 49.008279494000078)",Unfall 213159 (2024) Kat:3, Licht: 2,213159,3,7,0,12,01,7,0,2,0,1,0,0,0,0
"POINT (8.471733179000069 49.001412238000057)",Unfall 213184 (2024) Kat:3, Licht: 0,213184,3,3,5,12,08,6,0,0,1,1,0,0,0,0
"POINT (8.368973621000066 49.011144140000056)",Unfall 213185 (2024) Kat:3, Licht: 2,213185,3,4,6,12,17,6,0,2,0,1,1,0,0,0
"POINT (8.417024540000057 49.003305271000045)",Unfall 213186 (2024) Kat:3, Licht: 2,213186,3,5,1,12,23,6,0,2,0,1,0,0,0,0
"POINT (8.380529045000060 48.996376008000027)",Unfall 213217 (2024) Kat:3, Licht: 0,213217,3,6,2,12,18,5,0,0,0,1,0,0,0,0
"POINT (8.373595976000047 49.005572173000076)",Unfall 213218 (2024) Kat:3, Licht: 0,213218,3,2,5,12,07,5,0,0,1,1,0,0,0,0
"POINT (8.395773995000070 49.012126235000039)",Unfall 213232 (2024) Kat:3, Licht: 2,213232,3,4,6,12,18,5,1,2,0,1,1,0,0,0
"POINT (8.364172984000049 49.018913821000069)",Unfall 213248 (2024) Kat:3, Licht: 0,213248,3,7,0,12,09,4,0,0,1,0,0,0,0,0
"POINT (8.445469949000028 49.034965851000038)",Unfall 213293 (2024) Kat:3, Licht: 0,213293,3,3,0,12,07,3,0,0,1,1,0,0,0,0
"POINT (8.353285106000044 49.019471817000067)",Unfall 213295 (2024) Kat:2, Licht: 2,213295,2,6,6,12,19,3,0,2,1,0,1,0,0,0
"POINT (8.427583415000072 49.008872494000059)",Unfall 213296 (2024) Kat:3, Licht: 0,213296,3,3,5,12,09,3,0,0,1,1,0,0,0,0
"POINT (8.367993433000038 49.007415663000074)",Unfall 213329 (2024) Kat:3, Licht: 2,213329,3,6,0,12,17,2,0,2,1,0,0,0,0,0
"POINT (8.365407956000070 49.011300694000056)",Unfall 213332 (2024) Kat:3, Licht: 0,213332,3,7,8,12,14,2,0,0,0,1,0,0,0,0
"POINT (8.384848716000022 49.017438806000030)",Unfall 213351 (2024) Kat:3, Licht: 2,213351,3,3,5,12,18,1,0,2,1,1,0,0,0,0
"POINT (8.452112490000047 48.976372646000073)",Unfall 213364 (2024) Kat:3, Licht: 0,213364,3,3,5,12,10,7,1,0,0,1,0,0,0,0
"POINT (8.398401649000050 49.012700944000073)",Unfall 213434 (2024) Kat:3, Licht: 0,213434,3,7,6,12,11,5,0,0,0,1,1,0,0,0
"POINT (8.336559714000032 48.994170481000026)",Unfall 213478 (2024) Kat:3, Licht: 0,213478,3,3,5,12,15,4,0,0,0,0,0,1,0,1
"POINT (8.370890137000060 49.036496538000051)",Unfall 264815 (2024) Kat:3, Licht: 0,264815,3,7,0,02,16,2,0,0,1,0,0,0,0,0
"POINT (8.333563509000044 49.038271911000038)",Unfall 264859 (2024) Kat:3, Licht: 2,264859,3,3,5,03,18,2,0,2,1,1,0,0,0,0
"POINT (8.372739975000059 48.990271877000055)",Unfall 264863 (2024) Kat:3, Licht: 2,264863,3,3,5,03,20,4,1,2,1,1,0,0,0,0
"POINT (8.375816396000062 48.995179807000056)",Unfall 264898 (2024) Kat:3, Licht: 0,264898,3,7,0,03,14,4,0,0,1,0,0,0,0,0
"POINT (8.425893038000027 49.001737079000065)",Unfall 264916 (2024) Kat:3, Licht: 0,264916,3,3,5,03,10,6,1,0,1,0,0,0,0,1
"POINT (8.402195062000033 48.999072801000068)",Unfall 264963 (2024) Kat:3, Licht: 0,264963,3,1,9,04,16,5,0,0,1,0,0,0,0,0
"POINT (8.406217656000024 49.013889620000043)",Unfall 264972 (2024) Kat:3, Licht: 0,264972,3,7,0,04,16,6,0,0,1,0,0,0,0,0
"POINT (8.372671868000054 49.001153051000074)",Unfall 265028 (2024) Kat:3, Licht: 2,265028,3,1,0,04,23,7,0,2,1,0,0,0,0,0
"POINT (8.388596198000073 49.032287782000026)",Unfall 265062 (2024) Kat:3, Licht: 0,265062,3,7,0,05,11,6,0,0,1,0,0,0,0,0
"POINT (8.445204274000048 49.020814981000058)",Unfall 265089 (2024) Kat:2, Licht: 0,265089,2,7,7,05,08,5,0,0,1,0,0,0,0,0
"POINT (8.375831789000074 48.997068707000039)",Unfall 265098 (2024) Kat:3, Licht: 0,265098,3,3,5,05,09,6,0,0,1,0,0,0,0,0
"POINT (8.421346416000063 49.013389715000073)",Unfall 265212 (2024) Kat:3, Licht: 0,265212,3,1,0,05,11,6,1,0,1,1,0,0,0,0
"POINT (8.473859973000060 49.013635185000055)",Unfall 265222 (2024) Kat:3, Licht: 0,265222,3,3,5,06,08,2,0,0,1,0,0,0,0,0
"POINT (8.451540255000054 48.999345035000033)",Unfall 265260 (2024) Kat:3, Licht: 0,265260,3,6,4,06,17,2,0,0,1,1,0,0,0,0
"POINT (8.366625261000024 49.005462987000044)",Unfall 265261 (2024) Kat:2, Licht: 0,265261,2,3,0,06,14,2,0,0,1,0,0,0,0,0
"POINT (8.405321288000039 49.024566056000026)",Unfall 265331 (2024) Kat:2, Licht: 0,265331,2,1,0,06,19,5,1,0,1,0,0,0,0,0
"POINT (8.375512102000073 49.024053339000034)",Unfall 265426 (2024) Kat:3, Licht: 0,265426,3,3,5,07,18,6,0,0,1,0,0,0,0,0
"POINT (8.426098177000028 49.032680970000058)",Unfall 265439 (2024) Kat:2, Licht: 1,265439,2,7,0,07,21,1,0,1,1,0,0,0,0,0
"POINT (8.431216567000035 49.002888564000045)",Unfall 265440 (2024) Kat:3, Licht: 0,265440,3,1,0,07,20,1,0,0,1,0,0,0,0,0
"POINT (8.425176592000071 49.003656301000035)",Unfall 265460 (2024) Kat:3, Licht: 0,265460,3,6,4,07,08,3,0,0,1,0,0,0,0,0
"POINT (8.386124404000043 49.003199550000033)",Unfall 265475 (2024) Kat:3, Licht: 0,265475,3,7,6,07,08,6,0,0,1,0,1,0,0,0
"POINT (8.438156687000060 48.999567707000040)",Unfall 265519 (2024) Kat:3, Licht: 0,265519,3,3,5,07,16,4,0,0,1,0,0,0,0,0
"POINT (8.406855483000072 48.991990405000081)",Unfall 265550 (2024) Kat:3, Licht: 0,265550,3,3,5,07,14,1,0,0,1,0,0,0,0,0
"POINT (8.411592884000072 49.023451748000070)",Unfall 265583 (2024) Kat:3, Licht: 0,265583,3,1,0,07,19,5,0,0,1,0,0,0,0,0
"POINT (8.375827352000044 48.997040755000057)",Unfall 265623 (2024) Kat:3, Licht: 0,265623,3,6,4,07,16,2,0,0,1,0,0,0,0,0
"POINT (8.416509090000034 48.994103445000064)",Unfall 265641 (2024) Kat:3, Licht: 0,265641,3,6,5,07,07,4,0,0,1,0,0,0,0,0
"POINT (8.371087592000038 48.999815810000030)",Unfall 265674 (2024) Kat:3, Licht: 0,265674,3,6,4,08,15,2,0,0,1,0,0,0,0,0
"POINT (8.475084107000043 49.007330332000038)",Unfall 265725 (2024) Kat:2, Licht: 2,265725,2,7,0,08,22,3,1,2,1,0,0,0,0,0
"POINT (8.426043124000046 49.003196602000060)",Unfall 265800 (2024) Kat:3, Licht: 0,265800,3,1,0,08,08,3,0,0,1,0,0,0,0,0
"POINT (8.384524261000024 48.991273058000047)",Unfall 265834 (2024) Kat:3, Licht: 0,265834,3,7,0,08,16,7,0,0,1,0,0,0,0,0
"POINT (8.329043071000058 49.034453734000067)",Unfall 265835 (2024) Kat:3, Licht: 0,265835,3,7,0,08,10,7,0,0,1,0,0,0,0,0
"POINT (8.492204796000067 48.997100733000082)",Unfall 265912 (2024) Kat:2, Licht: 0,265912,2,1,9,09,19,4,0,0,1,0,0,0,0,0
"POINT (8.409260302000064 49.008690022000053)",Unfall 265954 (2024) Kat:3, Licht: 0,265954,3,1,0,09,08,2,1,0,1,0,0,0,0,0
"POINT (8.413679051000031 49.002528002000076)",Unfall 265958 (2024) Kat:3, Licht: 0,265958,3,3,5,10,15,4,1,0,1,0,0,0,0,0
"POINT (8.366626473000053 49.005464544000063)",Unfall 265994 (2024) Kat:3, Licht: 0,265994,3,3,5,10,16,3,0,0,1,1,0,0,0,0
"POINT (8.515051383000070 48.968320010000070)",Unfall 265995 (2024) Kat:3, Licht: 0,265995,3,7,0,10,17,4,0,0,1,0,0,0,0,0
"POINT (8.437064078000049 49.031965229000036)",Unfall 266015 (2024) Kat:3, Licht: 0,266015,3,6,6,10,16,1,0,0,1,0,1,0,0,0
"POINT (8.417582264000032 49.002726552000070)",Unfall 266069 (2024) Kat:3, Licht: 0,266069,3,6,6,11,15,2,0,0,1,0,1,0,0,0
"POINT (8.404223360000060 49.014109859000030)",Unfall 266088 (2024) Kat:3, Licht: 2,266088,3,1,0,11,19,4,1,2,1,0,0,0,0,0
"POINT (8.484204798000064 49.012643572000059)",Unfall 266097 (2024) Kat:3, Licht: 0,266097,3,7,0,11,16,2,1,0,1,0,0,0,0,0